estudiante_id,curso_id,periodo,semana,fecha,estado
VG260001,APS,2026-II,1,2026-08-17,P
VG260001,APS,2026-II,2,2026-08-24,P
VG260001,APS,2026-II,3,2026-08-31,P
VG260001,APS,2026-II,4,2026-09-07,T
VG260001,APS,2026-II,5,2026-09-14,P
VG260001,APS,2026-II,6,2026-09-21,T
VG260001,APS,2026-II,7,2026-09-28,P
VG260001,APS,2026-II,8,2026-10-05,P
VG260001,APS,2026-II,9,2026-10-12,P
VG260001,APS,2026-II,10,2026-10-19,P
VG260001,APS,2026-II,11,2026-10-26,P
VG260001,APS,2026-II,12,2026-11-02,P
VG260001,APS,2026-II,13,2026-11-09,P
VG260001,APS,2026-II,14,2026-11-16,P
VG260001,APS,2026-II,15,2026-11-23,P
VG260001,APS,2026-II,16,2026-11-30,P
VG260001,TBD,2026-II,1,2026-08-18,P
VG260001,TBD,2026-II,2,2026-08-25,P
VG260001,TBD,2026-II,3,2026-09-01,P
VG260001,TBD,2026-II,4,2026-09-08,P
VG260001,TBD,2026-II,5,2026-09-15,P
VG260001,TBD,2026-II,6,2026-09-22,P
VG260001,TBD,2026-II,7,2026-09-29,P
VG260001,TBD,2026-II,8,2026-10-06,P
VG260001,TBD,2026-II,9,2026-10-13,P
VG260001,TBD,2026-II,10,2026-10-20,P
VG260001,TBD,2026-II,11,2026-10-27,P
VG260001,TBD,2026-II,12,2026-11-03,P
VG260001,TBD,2026-II,13,2026-11-10,P
VG260001,TBD,2026-II,14,2026-11-17,P
VG260001,TBD,2026-II,15,2026-11-24,F
VG260001,TBD,2026-II,16,2026-12-01,P
VG260001,FIA,2026-II,1,2026-08-19,P
VG260001,FIA,2026-II,2,2026-08-26,T
VG260001,FIA,2026-II,3,2026-09-02,P
VG260001,FIA,2026-II,4,2026-09-09,P
VG260001,FIA,2026-II,5,2026-09-16,P
VG260001,FIA,2026-II,6,2026-09-23,P
VG260001,FIA,2026-II,7,2026-09-30,P
VG260001,FIA,2026-II,8,2026-10-07,P
VG260001,FIA,2026-II,9,2026-10-14,T
VG260001,FIA,2026-II,10,2026-10-21,P
VG260001,FIA,2026-II,11,2026-10-28,P
VG260001,FIA,2026-II,12,2026-11-04,P
VG260001,FIA,2026-II,13,2026-11-11,P
VG260001,FIA,2026-II,14,2026-11-18,P
VG260001,FIA,2026-II,15,2026-11-25,P
VG260001,FIA,2026-II,16,2026-12-02,P
VG260001,SDE,2026-II,1,2026-08-20,P
VG260001,SDE,2026-II,2,2026-08-27,P
VG260001,SDE,2026-II,3,2026-09-03,P
VG260001,SDE,2026-II,4,2026-09-10,P
VG260001,SDE,2026-II,5,2026-09-17,P
VG260001,SDE,2026-II,6,2026-09-24,P
VG260001,SDE,2026-II,7,2026-10-01,T
VG260001,SDE,2026-II,8,2026-10-08,P
VG260001,SDE,2026-II,9,2026-10-15,P
VG260001,SDE,2026-II,10,2026-10-22,P
VG260001,SDE,2026-II,11,2026-10-29,P
VG260001,SDE,2026-II,12,2026-11-05,P
VG260001,SDE,2026-II,13,2026-11-12,P
VG260001,SDE,2026-II,14,2026-11-19,P
VG260001,SDE,2026-II,15,2026-11-26,P
VG260001,SDE,2026-II,16,2026-12-03,P
VG260001,FCS,2026-II,1,2026-08-21,P
VG260001,FCS,2026-II,2,2026-08-28,P
VG260001,FCS,2026-II,3,2026-09-04,P
VG260001,FCS,2026-II,4,2026-09-11,T
VG260001,FCS,2026-II,5,2026-09-18,P
VG260001,FCS,2026-II,6,2026-09-25,P
VG260001,FCS,2026-II,7,2026-10-02,P
VG260001,FCS,2026-II,8,2026-10-09,P
VG260001,FCS,2026-II,9,2026-10-16,P
VG260001,FCS,2026-II,10,2026-10-23,P
VG260001,FCS,2026-II,11,2026-10-30,P
VG260001,FCS,2026-II,12,2026-11-06,T
VG260001,FCS,2026-II,13,2026-11-13,P
VG260001,FCS,2026-II,14,2026-11-20,P
VG260001,FCS,2026-II,15,2026-11-27,P
VG260001,FCS,2026-II,16,2026-12-04,P
VG260001,EIA,2026-II,1,2026-08-17,P
VG260001,EIA,2026-II,2,2026-08-24,P
VG260001,EIA,2026-II,3,2026-08-31,P
VG260001,EIA,2026-II,4,2026-09-07,P
VG260001,EIA,2026-II,5,2026-09-14,P
VG260001,EIA,2026-II,6,2026-09-21,P
VG260001,EIA,2026-II,7,2026-09-28,F
VG260001,EIA,2026-II,8,2026-10-05,P
VG260001,EIA,2026-II,9,2026-10-12,P
VG260001,EIA,2026-II,10,2026-10-19,P
VG260001,EIA,2026-II,11,2026-10-26,P
VG260001,EIA,2026-II,12,2026-11-02,T
VG260001,EIA,2026-II,13,2026-11-09,P
VG260001,EIA,2026-II,14,2026-11-16,P
VG260001,EIA,2026-II,15,2026-11-23,P
VG260001,EIA,2026-II,16,2026-11-30,T
VG260001,CII,2026-II,1,2026-08-18,P
VG260001,CII,2026-II,2,2026-08-25,P
VG260001,CII,2026-II,3,2026-09-01,P
VG260001,CII,2026-II,4,2026-09-08,P
VG260001,CII,2026-II,5,2026-09-15,P
VG260001,CII,2026-II,6,2026-09-22,P
VG260001,CII,2026-II,7,2026-09-29,T
VG260001,CII,2026-II,8,2026-10-06,P
VG260001,CII,2026-II,9,2026-10-13,P
VG260001,CII,2026-II,10,2026-10-20,P
VG260001,CII,2026-II,11,2026-10-27,P
VG260001,CII,2026-II,12,2026-11-03,P
VG260001,CII,2026-II,13,2026-11-10,P
VG260001,CII,2026-II,14,2026-11-17,P
VG260001,CII,2026-II,15,2026-11-24,J
VG260001,CII,2026-II,16,2026-12-01,P
VG260001,EIT,2026-II,1,2026-08-19,P
VG260001,EIT,2026-II,2,2026-08-26,P
VG260001,EIT,2026-II,3,2026-09-02,P
VG260001,EIT,2026-II,4,2026-09-09,P
VG260001,EIT,2026-II,5,2026-09-16,P
VG260001,EIT,2026-II,6,2026-09-23,P
VG260001,EIT,2026-II,7,2026-09-30,P
VG260001,EIT,2026-II,8,2026-10-07,P
VG260001,EIT,2026-II,9,2026-10-14,T
VG260001,EIT,2026-II,10,2026-10-21,P
VG260001,EIT,2026-II,11,2026-10-28,P
VG260001,EIT,2026-II,12,2026-11-04,P
VG260001,EIT,2026-II,13,2026-11-11,P
VG260001,EIT,2026-II,14,2026-11-18,P
VG260001,EIT,2026-II,15,2026-11-25,P
VG260001,EIT,2026-II,16,2026-12-02,T
VG260001,EFSRT5,2026-II,1,2026-08-20,T
VG260001,EFSRT5,2026-II,2,2026-08-27,P
VG260001,EFSRT5,2026-II,3,2026-09-03,F
VG260001,EFSRT5,2026-II,4,2026-09-10,P
VG260001,EFSRT5,2026-II,5,2026-09-17,P
VG260001,EFSRT5,2026-II,6,2026-09-24,P
VG260001,EFSRT5,2026-II,7,2026-10-01,P
VG260001,EFSRT5,2026-II,8,2026-10-08,P
VG260001,EFSRT5,2026-II,9,2026-10-15,P
VG260001,EFSRT5,2026-II,10,2026-10-22,P
VG260001,EFSRT5,2026-II,11,2026-10-29,T
VG260001,EFSRT5,2026-II,12,2026-11-05,P
VG260001,EFSRT5,2026-II,13,2026-11-12,P
VG260001,EFSRT5,2026-II,14,2026-11-19,P
VG260001,EFSRT5,2026-II,15,2026-11-26,T
VG260001,EFSRT5,2026-II,16,2026-12-03,P
VG260002,APS,2026-II,1,2026-08-17,P
VG260002,APS,2026-II,2,2026-08-24,P
VG260002,APS,2026-II,3,2026-08-31,P
VG260002,APS,2026-II,4,2026-09-07,P
VG260002,APS,2026-II,5,2026-09-14,P
VG260002,APS,2026-II,6,2026-09-21,P
VG260002,APS,2026-II,7,2026-09-28,P
VG260002,APS,2026-II,8,2026-10-05,P
VG260002,APS,2026-II,9,2026-10-12,F
VG260002,APS,2026-II,10,2026-10-19,P
VG260002,APS,2026-II,11,2026-10-26,P
VG260002,APS,2026-II,12,2026-11-02,P
VG260002,APS,2026-II,13,2026-11-09,F
VG260002,APS,2026-II,14,2026-11-16,T
VG260002,APS,2026-II,15,2026-11-23,P
VG260002,APS,2026-II,16,2026-11-30,P
VG260002,TBD,2026-II,1,2026-08-18,F
VG260002,TBD,2026-II,2,2026-08-25,T
VG260002,TBD,2026-II,3,2026-09-01,P
VG260002,TBD,2026-II,4,2026-09-08,F
VG260002,TBD,2026-II,5,2026-09-15,P
VG260002,TBD,2026-II,6,2026-09-22,P
VG260002,TBD,2026-II,7,2026-09-29,P
VG260002,TBD,2026-II,8,2026-10-06,P
VG260002,TBD,2026-II,9,2026-10-13,P
VG260002,TBD,2026-II,10,2026-10-20,F
VG260002,TBD,2026-II,11,2026-10-27,P
VG260002,TBD,2026-II,12,2026-11-03,P
VG260002,TBD,2026-II,13,2026-11-10,P
VG260002,TBD,2026-II,14,2026-11-17,P
VG260002,TBD,2026-II,15,2026-11-24,P
VG260002,TBD,2026-II,16,2026-12-01,P
VG260002,FIA,2026-II,1,2026-08-19,T
VG260002,FIA,2026-II,2,2026-08-26,P
VG260002,FIA,2026-II,3,2026-09-02,P
VG260002,FIA,2026-II,4,2026-09-09,J
VG260002,FIA,2026-II,5,2026-09-16,P
VG260002,FIA,2026-II,6,2026-09-23,P
VG260002,FIA,2026-II,7,2026-09-30,P
VG260002,FIA,2026-II,8,2026-10-07,P
VG260002,FIA,2026-II,9,2026-10-14,P
VG260002,FIA,2026-II,10,2026-10-21,P
VG260002,FIA,2026-II,11,2026-10-28,P
VG260002,FIA,2026-II,12,2026-11-04,P
VG260002,FIA,2026-II,13,2026-11-11,P
VG260002,FIA,2026-II,14,2026-11-18,F
VG260002,FIA,2026-II,15,2026-11-25,P
VG260002,FIA,2026-II,16,2026-12-02,P
VG260002,SDE,2026-II,1,2026-08-20,P
VG260002,SDE,2026-II,2,2026-08-27,F
VG260002,SDE,2026-II,3,2026-09-03,P
VG260002,SDE,2026-II,4,2026-09-10,P
VG260002,SDE,2026-II,5,2026-09-17,F
VG260002,SDE,2026-II,6,2026-09-24,P
VG260002,SDE,2026-II,7,2026-10-01,F
VG260002,SDE,2026-II,8,2026-10-08,P
VG260002,SDE,2026-II,9,2026-10-15,P
VG260002,SDE,2026-II,10,2026-10-22,P
VG260002,SDE,2026-II,11,2026-10-29,P
VG260002,SDE,2026-II,12,2026-11-05,F
VG260002,SDE,2026-II,13,2026-11-12,P
VG260002,SDE,2026-II,14,2026-11-19,P
VG260002,SDE,2026-II,15,2026-11-26,P
VG260002,SDE,2026-II,16,2026-12-03,P
VG260002,FCS,2026-II,1,2026-08-21,P
VG260002,FCS,2026-II,2,2026-08-28,P
VG260002,FCS,2026-II,3,2026-09-04,P
VG260002,FCS,2026-II,4,2026-09-11,P
VG260002,FCS,2026-II,5,2026-09-18,P
VG260002,FCS,2026-II,6,2026-09-25,P
VG260002,FCS,2026-II,7,2026-10-02,P
VG260002,FCS,2026-II,8,2026-10-09,P
VG260002,FCS,2026-II,9,2026-10-16,P
VG260002,FCS,2026-II,10,2026-10-23,F
VG260002,FCS,2026-II,11,2026-10-30,F
VG260002,FCS,2026-II,12,2026-11-06,P
VG260002,FCS,2026-II,13,2026-11-13,P
VG260002,FCS,2026-II,14,2026-11-20,F
VG260002,FCS,2026-II,15,2026-11-27,P
VG260002,FCS,2026-II,16,2026-12-04,P
VG260002,EIA,2026-II,1,2026-08-17,J
VG260002,EIA,2026-II,2,2026-08-24,F
VG260002,EIA,2026-II,3,2026-08-31,P
VG260002,EIA,2026-II,4,2026-09-07,P
VG260002,EIA,2026-II,5,2026-09-14,P
VG260002,EIA,2026-II,6,2026-09-21,P
VG260002,EIA,2026-II,7,2026-09-28,P
VG260002,EIA,2026-II,8,2026-10-05,P
VG260002,EIA,2026-II,9,2026-10-12,P
VG260002,EIA,2026-II,10,2026-10-19,F
VG260002,EIA,2026-II,11,2026-10-26,P
VG260002,EIA,2026-II,12,2026-11-02,P
VG260002,EIA,2026-II,13,2026-11-09,P
VG260002,EIA,2026-II,14,2026-11-16,P
VG260002,EIA,2026-II,15,2026-11-23,P
VG260002,EIA,2026-II,16,2026-11-30,P
VG260002,CII,2026-II,1,2026-08-18,P
VG260002,CII,2026-II,2,2026-08-25,F
VG260002,CII,2026-II,3,2026-09-01,P
VG260002,CII,2026-II,4,2026-09-08,P
VG260002,CII,2026-II,5,2026-09-15,F
VG260002,CII,2026-II,6,2026-09-22,P
VG260002,CII,2026-II,7,2026-09-29,F
VG260002,CII,2026-II,8,2026-10-06,P
VG260002,CII,2026-II,9,2026-10-13,T
VG260002,CII,2026-II,10,2026-10-20,P
VG260002,CII,2026-II,11,2026-10-27,P
VG260002,CII,2026-II,12,2026-11-03,F
VG260002,CII,2026-II,13,2026-11-10,F
VG260002,CII,2026-II,14,2026-11-17,F
VG260002,CII,2026-II,15,2026-11-24,P
VG260002,CII,2026-II,16,2026-12-01,P
VG260002,EIT,2026-II,1,2026-08-19,P
VG260002,EIT,2026-II,2,2026-08-26,P
VG260002,EIT,2026-II,3,2026-09-02,P
VG260002,EIT,2026-II,4,2026-09-09,P
VG260002,EIT,2026-II,5,2026-09-16,P
VG260002,EIT,2026-II,6,2026-09-23,P
VG260002,EIT,2026-II,7,2026-09-30,P
VG260002,EIT,2026-II,8,2026-10-07,P
VG260002,EIT,2026-II,9,2026-10-14,P
VG260002,EIT,2026-II,10,2026-10-21,P
VG260002,EIT,2026-II,11,2026-10-28,J
VG260002,EIT,2026-II,12,2026-11-04,F
VG260002,EIT,2026-II,13,2026-11-11,P
VG260002,EIT,2026-II,14,2026-11-18,P
VG260002,EIT,2026-II,15,2026-11-25,P
VG260002,EIT,2026-II,16,2026-12-02,P
VG260002,EFSRT5,2026-II,1,2026-08-20,P
VG260002,EFSRT5,2026-II,2,2026-08-27,P
VG260002,EFSRT5,2026-II,3,2026-09-03,P
VG260002,EFSRT5,2026-II,4,2026-09-10,P
VG260002,EFSRT5,2026-II,5,2026-09-17,T
VG260002,EFSRT5,2026-II,6,2026-09-24,P
VG260002,EFSRT5,2026-II,7,2026-10-01,P
VG260002,EFSRT5,2026-II,8,2026-10-08,T
VG260002,EFSRT5,2026-II,9,2026-10-15,P
VG260002,EFSRT5,2026-II,10,2026-10-22,P
VG260002,EFSRT5,2026-II,11,2026-10-29,P
VG260002,EFSRT5,2026-II,12,2026-11-05,P
VG260002,EFSRT5,2026-II,13,2026-11-12,P
VG260002,EFSRT5,2026-II,14,2026-11-19,P
VG260002,EFSRT5,2026-II,15,2026-11-26,P
VG260002,EFSRT5,2026-II,16,2026-12-03,P
VG260003,APS,2026-II,1,2026-08-17,T
VG260003,APS,2026-II,2,2026-08-24,P
VG260003,APS,2026-II,3,2026-08-31,P
VG260003,APS,2026-II,4,2026-09-07,P
VG260003,APS,2026-II,5,2026-09-14,F
VG260003,APS,2026-II,6,2026-09-21,P
VG260003,APS,2026-II,7,2026-09-28,P
VG260003,APS,2026-II,8,2026-10-05,P
VG260003,APS,2026-II,9,2026-10-12,T
VG260003,APS,2026-II,10,2026-10-19,P
VG260003,APS,2026-II,11,2026-10-26,P
VG260003,APS,2026-II,12,2026-11-02,P
VG260003,APS,2026-II,13,2026-11-09,P
VG260003,APS,2026-II,14,2026-11-16,P
VG260003,APS,2026-II,15,2026-11-23,P
VG260003,APS,2026-II,16,2026-11-30,P
VG260003,TBD,2026-II,1,2026-08-18,P
VG260003,TBD,2026-II,2,2026-08-25,P
VG260003,TBD,2026-II,3,2026-09-01,T
VG260003,TBD,2026-II,4,2026-09-08,T
VG260003,TBD,2026-II,5,2026-09-15,F
VG260003,TBD,2026-II,6,2026-09-22,P
VG260003,TBD,2026-II,7,2026-09-29,P
VG260003,TBD,2026-II,8,2026-10-06,T
VG260003,TBD,2026-II,9,2026-10-13,J
VG260003,TBD,2026-II,10,2026-10-20,P
VG260003,TBD,2026-II,11,2026-10-27,P
VG260003,TBD,2026-II,12,2026-11-03,F
VG260003,TBD,2026-II,13,2026-11-10,P
VG260003,TBD,2026-II,14,2026-11-17,P
VG260003,TBD,2026-II,15,2026-11-24,F
VG260003,TBD,2026-II,16,2026-12-01,P
VG260003,FIA,2026-II,1,2026-08-19,P
VG260003,FIA,2026-II,2,2026-08-26,P
VG260003,FIA,2026-II,3,2026-09-02,P
VG260003,FIA,2026-II,4,2026-09-09,P
VG260003,FIA,2026-II,5,2026-09-16,P
VG260003,FIA,2026-II,6,2026-09-23,P
VG260003,FIA,2026-II,7,2026-09-30,T
VG260003,FIA,2026-II,8,2026-10-07,P
VG260003,FIA,2026-II,9,2026-10-14,P
VG260003,FIA,2026-II,10,2026-10-21,P
VG260003,FIA,2026-II,11,2026-10-28,T
VG260003,FIA,2026-II,12,2026-11-04,P
VG260003,FIA,2026-II,13,2026-11-11,J
VG260003,FIA,2026-II,14,2026-11-18,P
VG260003,FIA,2026-II,15,2026-11-25,P
VG260003,FIA,2026-II,16,2026-12-02,P
VG260003,SDE,2026-II,1,2026-08-20,P
VG260003,SDE,2026-II,2,2026-08-27,P
VG260003,SDE,2026-II,3,2026-09-03,J
VG260003,SDE,2026-II,4,2026-09-10,P
VG260003,SDE,2026-II,5,2026-09-17,P
VG260003,SDE,2026-II,6,2026-09-24,P
VG260003,SDE,2026-II,7,2026-10-01,F
VG260003,SDE,2026-II,8,2026-10-08,P
VG260003,SDE,2026-II,9,2026-10-15,F
VG260003,SDE,2026-II,10,2026-10-22,P
VG260003,SDE,2026-II,11,2026-10-29,F
VG260003,SDE,2026-II,12,2026-11-05,F
VG260003,SDE,2026-II,13,2026-11-12,P
VG260003,SDE,2026-II,14,2026-11-19,P
VG260003,SDE,2026-II,15,2026-11-26,P
VG260003,SDE,2026-II,16,2026-12-03,P
VG260003,FCS,2026-II,1,2026-08-21,P
VG260003,FCS,2026-II,2,2026-08-28,P
VG260003,FCS,2026-II,3,2026-09-04,T
VG260003,FCS,2026-II,4,2026-09-11,P
VG260003,FCS,2026-II,5,2026-09-18,P
VG260003,FCS,2026-II,6,2026-09-25,P
VG260003,FCS,2026-II,7,2026-10-02,P
VG260003,FCS,2026-II,8,2026-10-09,P
VG260003,FCS,2026-II,9,2026-10-16,P
VG260003,FCS,2026-II,10,2026-10-23,P
VG260003,FCS,2026-II,11,2026-10-30,P
VG260003,FCS,2026-II,12,2026-11-06,P
VG260003,FCS,2026-II,13,2026-11-13,P
VG260003,FCS,2026-II,14,2026-11-20,F
VG260003,FCS,2026-II,15,2026-11-27,P
VG260003,FCS,2026-II,16,2026-12-04,P
VG260003,EIA,2026-II,1,2026-08-17,P
VG260003,EIA,2026-II,2,2026-08-24,F
VG260003,EIA,2026-II,3,2026-08-31,P
VG260003,EIA,2026-II,4,2026-09-07,P
VG260003,EIA,2026-II,5,2026-09-14,P
VG260003,EIA,2026-II,6,2026-09-21,P
VG260003,EIA,2026-II,7,2026-09-28,P
VG260003,EIA,2026-II,8,2026-10-05,P
VG260003,EIA,2026-II,9,2026-10-12,P
VG260003,EIA,2026-II,10,2026-10-19,P
VG260003,EIA,2026-II,11,2026-10-26,F
VG260003,EIA,2026-II,12,2026-11-02,P
VG260003,EIA,2026-II,13,2026-11-09,P
VG260003,EIA,2026-II,14,2026-11-16,P
VG260003,EIA,2026-II,15,2026-11-23,P
VG260003,EIA,2026-II,16,2026-11-30,P
VG260003,CII,2026-II,1,2026-08-18,P
VG260003,CII,2026-II,2,2026-08-25,P
VG260003,CII,2026-II,3,2026-09-01,T
VG260003,CII,2026-II,4,2026-09-08,P
VG260003,CII,2026-II,5,2026-09-15,P
VG260003,CII,2026-II,6,2026-09-22,P
VG260003,CII,2026-II,7,2026-09-29,P
VG260003,CII,2026-II,8,2026-10-06,P
VG260003,CII,2026-II,9,2026-10-13,P
VG260003,CII,2026-II,10,2026-10-20,P
VG260003,CII,2026-II,11,2026-10-27,P
VG260003,CII,2026-II,12,2026-11-03,T
VG260003,CII,2026-II,13,2026-11-10,P
VG260003,CII,2026-II,14,2026-11-17,P
VG260003,CII,2026-II,15,2026-11-24,P
VG260003,CII,2026-II,16,2026-12-01,P
VG260003,EIT,2026-II,1,2026-08-19,P
VG260003,EIT,2026-II,2,2026-08-26,P
VG260003,EIT,2026-II,3,2026-09-02,F
VG260003,EIT,2026-II,4,2026-09-09,P
VG260003,EIT,2026-II,5,2026-09-16,P
VG260003,EIT,2026-II,6,2026-09-23,P
VG260003,EIT,2026-II,7,2026-09-30,P
VG260003,EIT,2026-II,8,2026-10-07,P
VG260003,EIT,2026-II,9,2026-10-14,P
VG260003,EIT,2026-II,10,2026-10-21,T
VG260003,EIT,2026-II,11,2026-10-28,T
VG260003,EIT,2026-II,12,2026-11-04,P
VG260003,EIT,2026-II,13,2026-11-11,P
VG260003,EIT,2026-II,14,2026-11-18,F
VG260003,EIT,2026-II,15,2026-11-25,P
VG260003,EIT,2026-II,16,2026-12-02,F
VG260003,EFSRT5,2026-II,1,2026-08-20,P
VG260003,EFSRT5,2026-II,2,2026-08-27,P
VG260003,EFSRT5,2026-II,3,2026-09-03,P
VG260003,EFSRT5,2026-II,4,2026-09-10,P
VG260003,EFSRT5,2026-II,5,2026-09-17,F
VG260003,EFSRT5,2026-II,6,2026-09-24,P
VG260003,EFSRT5,2026-II,7,2026-10-01,P
VG260003,EFSRT5,2026-II,8,2026-10-08,J
VG260003,EFSRT5,2026-II,9,2026-10-15,P
VG260003,EFSRT5,2026-II,10,2026-10-22,P
VG260003,EFSRT5,2026-II,11,2026-10-29,P
VG260003,EFSRT5,2026-II,12,2026-11-05,T
VG260003,EFSRT5,2026-II,13,2026-11-12,P
VG260003,EFSRT5,2026-II,14,2026-11-19,P
VG260003,EFSRT5,2026-II,15,2026-11-26,P
VG260003,EFSRT5,2026-II,16,2026-12-03,F
VG260004,APS,2026-II,1,2026-08-17,P
VG260004,APS,2026-II,2,2026-08-24,P
VG260004,APS,2026-II,3,2026-08-31,P
VG260004,APS,2026-II,4,2026-09-07,P
VG260004,APS,2026-II,5,2026-09-14,P
VG260004,APS,2026-II,6,2026-09-21,P
VG260004,APS,2026-II,7,2026-09-28,F
VG260004,APS,2026-II,8,2026-10-05,P
VG260004,APS,2026-II,9,2026-10-12,P
VG260004,APS,2026-II,10,2026-10-19,P
VG260004,APS,2026-II,11,2026-10-26,T
VG260004,APS,2026-II,12,2026-11-02,P
VG260004,APS,2026-II,13,2026-11-09,P
VG260004,APS,2026-II,14,2026-11-16,P
VG260004,APS,2026-II,15,2026-11-23,P
VG260004,APS,2026-II,16,2026-11-30,P
VG260004,TBD,2026-II,1,2026-08-18,P
VG260004,TBD,2026-II,2,2026-08-25,P
VG260004,TBD,2026-II,3,2026-09-01,P
VG260004,TBD,2026-II,4,2026-09-08,J
VG260004,TBD,2026-II,5,2026-09-15,P
VG260004,TBD,2026-II,6,2026-09-22,P
VG260004,TBD,2026-II,7,2026-09-29,P
VG260004,TBD,2026-II,8,2026-10-06,P
VG260004,TBD,2026-II,9,2026-10-13,P
VG260004,TBD,2026-II,10,2026-10-20,P
VG260004,TBD,2026-II,11,2026-10-27,P
VG260004,TBD,2026-II,12,2026-11-03,P
VG260004,TBD,2026-II,13,2026-11-10,P
VG260004,TBD,2026-II,14,2026-11-17,P
VG260004,TBD,2026-II,15,2026-11-24,P
VG260004,TBD,2026-II,16,2026-12-01,P
VG260004,FIA,2026-II,1,2026-08-19,P
VG260004,FIA,2026-II,2,2026-08-26,P
VG260004,FIA,2026-II,3,2026-09-02,J
VG260004,FIA,2026-II,4,2026-09-09,P
VG260004,FIA,2026-II,5,2026-09-16,P
VG260004,FIA,2026-II,6,2026-09-23,P
VG260004,FIA,2026-II,7,2026-09-30,P
VG260004,FIA,2026-II,8,2026-10-07,P
VG260004,FIA,2026-II,9,2026-10-14,P
VG260004,FIA,2026-II,10,2026-10-21,P
VG260004,FIA,2026-II,11,2026-10-28,P
VG260004,FIA,2026-II,12,2026-11-04,T
VG260004,FIA,2026-II,13,2026-11-11,T
VG260004,FIA,2026-II,14,2026-11-18,P
VG260004,FIA,2026-II,15,2026-11-25,P
VG260004,FIA,2026-II,16,2026-12-02,P
VG260004,SDE,2026-II,1,2026-08-20,P
VG260004,SDE,2026-II,2,2026-08-27,P
VG260004,SDE,2026-II,3,2026-09-03,P
VG260004,SDE,2026-II,4,2026-09-10,P
VG260004,SDE,2026-II,5,2026-09-17,P
VG260004,SDE,2026-II,6,2026-09-24,P
VG260004,SDE,2026-II,7,2026-10-01,P
VG260004,SDE,2026-II,8,2026-10-08,P
VG260004,SDE,2026-II,9,2026-10-15,T
VG260004,SDE,2026-II,10,2026-10-22,P
VG260004,SDE,2026-II,11,2026-10-29,F
VG260004,SDE,2026-II,12,2026-11-05,T
VG260004,SDE,2026-II,13,2026-11-12,P
VG260004,SDE,2026-II,14,2026-11-19,P
VG260004,SDE,2026-II,15,2026-11-26,P
VG260004,SDE,2026-II,16,2026-12-03,P
VG260004,FCS,2026-II,1,2026-08-21,P
VG260004,FCS,2026-II,2,2026-08-28,P
VG260004,FCS,2026-II,3,2026-09-04,T
VG260004,FCS,2026-II,4,2026-09-11,F
VG260004,FCS,2026-II,5,2026-09-18,P
VG260004,FCS,2026-II,6,2026-09-25,T
VG260004,FCS,2026-II,7,2026-10-02,P
VG260004,FCS,2026-II,8,2026-10-09,P
VG260004,FCS,2026-II,9,2026-10-16,F
VG260004,FCS,2026-II,10,2026-10-23,P
VG260004,FCS,2026-II,11,2026-10-30,P
VG260004,FCS,2026-II,12,2026-11-06,P
VG260004,FCS,2026-II,13,2026-11-13,P
VG260004,FCS,2026-II,14,2026-11-20,P
VG260004,FCS,2026-II,15,2026-11-27,T
VG260004,FCS,2026-II,16,2026-12-04,P
VG260004,EIA,2026-II,1,2026-08-17,P
VG260004,EIA,2026-II,2,2026-08-24,P
VG260004,EIA,2026-II,3,2026-08-31,P
VG260004,EIA,2026-II,4,2026-09-07,P
VG260004,EIA,2026-II,5,2026-09-14,P
VG260004,EIA,2026-II,6,2026-09-21,P
VG260004,EIA,2026-II,7,2026-09-28,P
VG260004,EIA,2026-II,8,2026-10-05,P
VG260004,EIA,2026-II,9,2026-10-12,T
VG260004,EIA,2026-II,10,2026-10-19,P
VG260004,EIA,2026-II,11,2026-10-26,F
VG260004,EIA,2026-II,12,2026-11-02,T
VG260004,EIA,2026-II,13,2026-11-09,P
VG260004,EIA,2026-II,14,2026-11-16,P
VG260004,EIA,2026-II,15,2026-11-23,T
VG260004,EIA,2026-II,16,2026-11-30,P
VG260004,CII,2026-II,1,2026-08-18,P
VG260004,CII,2026-II,2,2026-08-25,P
VG260004,CII,2026-II,3,2026-09-01,P
VG260004,CII,2026-II,4,2026-09-08,P
VG260004,CII,2026-II,5,2026-09-15,T
VG260004,CII,2026-II,6,2026-09-22,P
VG260004,CII,2026-II,7,2026-09-29,P
VG260004,CII,2026-II,8,2026-10-06,P
VG260004,CII,2026-II,9,2026-10-13,P
VG260004,CII,2026-II,10,2026-10-20,P
VG260004,CII,2026-II,11,2026-10-27,P
VG260004,CII,2026-II,12,2026-11-03,P
VG260004,CII,2026-II,13,2026-11-10,P
VG260004,CII,2026-II,14,2026-11-17,P
VG260004,CII,2026-II,15,2026-11-24,P
VG260004,CII,2026-II,16,2026-12-01,F
VG260004,EIT,2026-II,1,2026-08-19,P
VG260004,EIT,2026-II,2,2026-08-26,P
VG260004,EIT,2026-II,3,2026-09-02,P
VG260004,EIT,2026-II,4,2026-09-09,P
VG260004,EIT,2026-II,5,2026-09-16,T
VG260004,EIT,2026-II,6,2026-09-23,P
VG260004,EIT,2026-II,7,2026-09-30,T
VG260004,EIT,2026-II,8,2026-10-07,P
VG260004,EIT,2026-II,9,2026-10-14,P
VG260004,EIT,2026-II,10,2026-10-21,P
VG260004,EIT,2026-II,11,2026-10-28,P
VG260004,EIT,2026-II,12,2026-11-04,P
VG260004,EIT,2026-II,13,2026-11-11,P
VG260004,EIT,2026-II,14,2026-11-18,J
VG260004,EIT,2026-II,15,2026-11-25,P
VG260004,EIT,2026-II,16,2026-12-02,P
VG260004,EFSRT5,2026-II,1,2026-08-20,P
VG260004,EFSRT5,2026-II,2,2026-08-27,P
VG260004,EFSRT5,2026-II,3,2026-09-03,P
VG260004,EFSRT5,2026-II,4,2026-09-10,P
VG260004,EFSRT5,2026-II,5,2026-09-17,P
VG260004,EFSRT5,2026-II,6,2026-09-24,P
VG260004,EFSRT5,2026-II,7,2026-10-01,P
VG260004,EFSRT5,2026-II,8,2026-10-08,P
VG260004,EFSRT5,2026-II,9,2026-10-15,P
VG260004,EFSRT5,2026-II,10,2026-10-22,F
VG260004,EFSRT5,2026-II,11,2026-10-29,P
VG260004,EFSRT5,2026-II,12,2026-11-05,P
VG260004,EFSRT5,2026-II,13,2026-11-12,P
VG260004,EFSRT5,2026-II,14,2026-11-19,P
VG260004,EFSRT5,2026-II,15,2026-11-26,P
VG260004,EFSRT5,2026-II,16,2026-12-03,F
VG260005,APS,2026-II,1,2026-08-17,P
VG260005,APS,2026-II,2,2026-08-24,P
VG260005,APS,2026-II,3,2026-08-31,P
VG260005,APS,2026-II,4,2026-09-07,P
VG260005,APS,2026-II,5,2026-09-14,P
VG260005,APS,2026-II,6,2026-09-21,P
VG260005,APS,2026-II,7,2026-09-28,T
VG260005,APS,2026-II,8,2026-10-05,P
VG260005,APS,2026-II,9,2026-10-12,P
VG260005,APS,2026-II,10,2026-10-19,P
VG260005,APS,2026-II,11,2026-10-26,P
VG260005,APS,2026-II,12,2026-11-02,P
VG260005,APS,2026-II,13,2026-11-09,P
VG260005,APS,2026-II,14,2026-11-16,P
VG260005,APS,2026-II,15,2026-11-23,P
VG260005,APS,2026-II,16,2026-11-30,P
VG260005,TBD,2026-II,1,2026-08-18,P
VG260005,TBD,2026-II,2,2026-08-25,P
VG260005,TBD,2026-II,3,2026-09-01,P
VG260005,TBD,2026-II,4,2026-09-08,P
VG260005,TBD,2026-II,5,2026-09-15,J
VG260005,TBD,2026-II,6,2026-09-22,P
VG260005,TBD,2026-II,7,2026-09-29,T
VG260005,TBD,2026-II,8,2026-10-06,P
VG260005,TBD,2026-II,9,2026-10-13,T
VG260005,TBD,2026-II,10,2026-10-20,P
VG260005,TBD,2026-II,11,2026-10-27,P
VG260005,TBD,2026-II,12,2026-11-03,P
VG260005,TBD,2026-II,13,2026-11-10,P
VG260005,TBD,2026-II,14,2026-11-17,F
VG260005,TBD,2026-II,15,2026-11-24,P
VG260005,TBD,2026-II,16,2026-12-01,P
VG260005,FIA,2026-II,1,2026-08-19,P
VG260005,FIA,2026-II,2,2026-08-26,T
VG260005,FIA,2026-II,3,2026-09-02,P
VG260005,FIA,2026-II,4,2026-09-09,P
VG260005,FIA,2026-II,5,2026-09-16,T
VG260005,FIA,2026-II,6,2026-09-23,P
VG260005,FIA,2026-II,7,2026-09-30,P
VG260005,FIA,2026-II,8,2026-10-07,P
VG260005,FIA,2026-II,9,2026-10-14,P
VG260005,FIA,2026-II,10,2026-10-21,P
VG260005,FIA,2026-II,11,2026-10-28,P
VG260005,FIA,2026-II,12,2026-11-04,F
VG260005,FIA,2026-II,13,2026-11-11,P
VG260005,FIA,2026-II,14,2026-11-18,P
VG260005,FIA,2026-II,15,2026-11-25,P
VG260005,FIA,2026-II,16,2026-12-02,P
VG260005,SDE,2026-II,1,2026-08-20,P
VG260005,SDE,2026-II,2,2026-08-27,P
VG260005,SDE,2026-II,3,2026-09-03,P
VG260005,SDE,2026-II,4,2026-09-10,P
VG260005,SDE,2026-II,5,2026-09-17,P
VG260005,SDE,2026-II,6,2026-09-24,P
VG260005,SDE,2026-II,7,2026-10-01,P
VG260005,SDE,2026-II,8,2026-10-08,P
VG260005,SDE,2026-II,9,2026-10-15,P
VG260005,SDE,2026-II,10,2026-10-22,F
VG260005,SDE,2026-II,11,2026-10-29,P
VG260005,SDE,2026-II,12,2026-11-05,P
VG260005,SDE,2026-II,13,2026-11-12,T
VG260005,SDE,2026-II,14,2026-11-19,P
VG260005,SDE,2026-II,15,2026-11-26,P
VG260005,SDE,2026-II,16,2026-12-03,P
VG260005,FCS,2026-II,1,2026-08-21,P
VG260005,FCS,2026-II,2,2026-08-28,P
VG260005,FCS,2026-II,3,2026-09-04,P
VG260005,FCS,2026-II,4,2026-09-11,P
VG260005,FCS,2026-II,5,2026-09-18,P
VG260005,FCS,2026-II,6,2026-09-25,P
VG260005,FCS,2026-II,7,2026-10-02,P
VG260005,FCS,2026-II,8,2026-10-09,P
VG260005,FCS,2026-II,9,2026-10-16,P
VG260005,FCS,2026-II,10,2026-10-23,P
VG260005,FCS,2026-II,11,2026-10-30,P
VG260005,FCS,2026-II,12,2026-11-06,P
VG260005,FCS,2026-II,13,2026-11-13,P
VG260005,FCS,2026-II,14,2026-11-20,P
VG260005,FCS,2026-II,15,2026-11-27,P
VG260005,FCS,2026-II,16,2026-12-04,P
VG260005,EIA,2026-II,1,2026-08-17,T
VG260005,EIA,2026-II,2,2026-08-24,P
VG260005,EIA,2026-II,3,2026-08-31,P
VG260005,EIA,2026-II,4,2026-09-07,P
VG260005,EIA,2026-II,5,2026-09-14,P
VG260005,EIA,2026-II,6,2026-09-21,P
VG260005,EIA,2026-II,7,2026-09-28,P
VG260005,EIA,2026-II,8,2026-10-05,P
VG260005,EIA,2026-II,9,2026-10-12,P
VG260005,EIA,2026-II,10,2026-10-19,P
VG260005,EIA,2026-II,11,2026-10-26,P
VG260005,EIA,2026-II,12,2026-11-02,F
VG260005,EIA,2026-II,13,2026-11-09,P
VG260005,EIA,2026-II,14,2026-11-16,P
VG260005,EIA,2026-II,15,2026-11-23,P
VG260005,EIA,2026-II,16,2026-11-30,P
VG260005,CII,2026-II,1,2026-08-18,T
VG260005,CII,2026-II,2,2026-08-25,P
VG260005,CII,2026-II,3,2026-09-01,P
VG260005,CII,2026-II,4,2026-09-08,P
VG260005,CII,2026-II,5,2026-09-15,P
VG260005,CII,2026-II,6,2026-09-22,P
VG260005,CII,2026-II,7,2026-09-29,P
VG260005,CII,2026-II,8,2026-10-06,P
VG260005,CII,2026-II,9,2026-10-13,P
VG260005,CII,2026-II,10,2026-10-20,P
VG260005,CII,2026-II,11,2026-10-27,P
VG260005,CII,2026-II,12,2026-11-03,P
VG260005,CII,2026-II,13,2026-11-10,P
VG260005,CII,2026-II,14,2026-11-17,P
VG260005,CII,2026-II,15,2026-11-24,P
VG260005,CII,2026-II,16,2026-12-01,P
VG260005,EIT,2026-II,1,2026-08-19,P
VG260005,EIT,2026-II,2,2026-08-26,P
VG260005,EIT,2026-II,3,2026-09-02,P
VG260005,EIT,2026-II,4,2026-09-09,P
VG260005,EIT,2026-II,5,2026-09-16,P
VG260005,EIT,2026-II,6,2026-09-23,T
VG260005,EIT,2026-II,7,2026-09-30,P
VG260005,EIT,2026-II,8,2026-10-07,P
VG260005,EIT,2026-II,9,2026-10-14,P
VG260005,EIT,2026-II,10,2026-10-21,P
VG260005,EIT,2026-II,11,2026-10-28,P
VG260005,EIT,2026-II,12,2026-11-04,P
VG260005,EIT,2026-II,13,2026-11-11,P
VG260005,EIT,2026-II,14,2026-11-18,P
VG260005,EIT,2026-II,15,2026-11-25,P
VG260005,EIT,2026-II,16,2026-12-02,P
VG260005,EFSRT5,2026-II,1,2026-08-20,T
VG260005,EFSRT5,2026-II,2,2026-08-27,P
VG260005,EFSRT5,2026-II,3,2026-09-03,P
VG260005,EFSRT5,2026-II,4,2026-09-10,P
VG260005,EFSRT5,2026-II,5,2026-09-17,P
VG260005,EFSRT5,2026-II,6,2026-09-24,P
VG260005,EFSRT5,2026-II,7,2026-10-01,P
VG260005,EFSRT5,2026-II,8,2026-10-08,P
VG260005,EFSRT5,2026-II,9,2026-10-15,P
VG260005,EFSRT5,2026-II,10,2026-10-22,T
VG260005,EFSRT5,2026-II,11,2026-10-29,P
VG260005,EFSRT5,2026-II,12,2026-11-05,P
VG260005,EFSRT5,2026-II,13,2026-11-12,P
VG260005,EFSRT5,2026-II,14,2026-11-19,P
VG260005,EFSRT5,2026-II,15,2026-11-26,P
VG260005,EFSRT5,2026-II,16,2026-12-03,P
VG260006,APS,2026-II,1,2026-08-17,P
VG260006,APS,2026-II,2,2026-08-24,P
VG260006,APS,2026-II,3,2026-08-31,P
VG260006,APS,2026-II,4,2026-09-07,P
VG260006,APS,2026-II,5,2026-09-14,P
VG260006,APS,2026-II,6,2026-09-21,P
VG260006,APS,2026-II,7,2026-09-28,T
VG260006,APS,2026-II,8,2026-10-05,P
VG260006,APS,2026-II,9,2026-10-12,P
VG260006,APS,2026-II,10,2026-10-19,F
VG260006,APS,2026-II,11,2026-10-26,P
VG260006,APS,2026-II,12,2026-11-02,P
VG260006,APS,2026-II,13,2026-11-09,P
VG260006,APS,2026-II,14,2026-11-16,P
VG260006,APS,2026-II,15,2026-11-23,P
VG260006,APS,2026-II,16,2026-11-30,P
VG260006,TBD,2026-II,1,2026-08-18,P
VG260006,TBD,2026-II,2,2026-08-25,P
VG260006,TBD,2026-II,3,2026-09-01,F
VG260006,TBD,2026-II,4,2026-09-08,P
VG260006,TBD,2026-II,5,2026-09-15,P
VG260006,TBD,2026-II,6,2026-09-22,P
VG260006,TBD,2026-II,7,2026-09-29,P
VG260006,TBD,2026-II,8,2026-10-06,T
VG260006,TBD,2026-II,9,2026-10-13,F
VG260006,TBD,2026-II,10,2026-10-20,P
VG260006,TBD,2026-II,11,2026-10-27,P
VG260006,TBD,2026-II,12,2026-11-03,F
VG260006,TBD,2026-II,13,2026-11-10,P
VG260006,TBD,2026-II,14,2026-11-17,F
VG260006,TBD,2026-II,15,2026-11-24,T
VG260006,TBD,2026-II,16,2026-12-01,P
VG260006,FIA,2026-II,1,2026-08-19,P
VG260006,FIA,2026-II,2,2026-08-26,P
VG260006,FIA,2026-II,3,2026-09-02,P
VG260006,FIA,2026-II,4,2026-09-09,F
VG260006,FIA,2026-II,5,2026-09-16,P
VG260006,FIA,2026-II,6,2026-09-23,P
VG260006,FIA,2026-II,7,2026-09-30,F
VG260006,FIA,2026-II,8,2026-10-07,P
VG260006,FIA,2026-II,9,2026-10-14,J
VG260006,FIA,2026-II,10,2026-10-21,P
VG260006,FIA,2026-II,11,2026-10-28,P
VG260006,FIA,2026-II,12,2026-11-04,P
VG260006,FIA,2026-II,13,2026-11-11,P
VG260006,FIA,2026-II,14,2026-11-18,P
VG260006,FIA,2026-II,15,2026-11-25,P
VG260006,FIA,2026-II,16,2026-12-02,P
VG260006,SDE,2026-II,1,2026-08-20,F
VG260006,SDE,2026-II,2,2026-08-27,P
VG260006,SDE,2026-II,3,2026-09-03,P
VG260006,SDE,2026-II,4,2026-09-10,P
VG260006,SDE,2026-II,5,2026-09-17,T
VG260006,SDE,2026-II,6,2026-09-24,F
VG260006,SDE,2026-II,7,2026-10-01,P
VG260006,SDE,2026-II,8,2026-10-08,P
VG260006,SDE,2026-II,9,2026-10-15,P
VG260006,SDE,2026-II,10,2026-10-22,J
VG260006,SDE,2026-II,11,2026-10-29,F
VG260006,SDE,2026-II,12,2026-11-05,P
VG260006,SDE,2026-II,13,2026-11-12,J
VG260006,SDE,2026-II,14,2026-11-19,F
VG260006,SDE,2026-II,15,2026-11-26,J
VG260006,SDE,2026-II,16,2026-12-03,P
VG260006,FCS,2026-II,1,2026-08-21,T
VG260006,FCS,2026-II,2,2026-08-28,P
VG260006,FCS,2026-II,3,2026-09-04,F
VG260006,FCS,2026-II,4,2026-09-11,P
VG260006,FCS,2026-II,5,2026-09-18,P
VG260006,FCS,2026-II,6,2026-09-25,P
VG260006,FCS,2026-II,7,2026-10-02,T
VG260006,FCS,2026-II,8,2026-10-09,P
VG260006,FCS,2026-II,9,2026-10-16,P
VG260006,FCS,2026-II,10,2026-10-23,P
VG260006,FCS,2026-II,11,2026-10-30,P
VG260006,FCS,2026-II,12,2026-11-06,P
VG260006,FCS,2026-II,13,2026-11-13,P
VG260006,FCS,2026-II,14,2026-11-20,P
VG260006,FCS,2026-II,15,2026-11-27,P
VG260006,FCS,2026-II,16,2026-12-04,P
VG260006,EIA,2026-II,1,2026-08-17,T
VG260006,EIA,2026-II,2,2026-08-24,P
VG260006,EIA,2026-II,3,2026-08-31,P
VG260006,EIA,2026-II,4,2026-09-07,P
VG260006,EIA,2026-II,5,2026-09-14,P
VG260006,EIA,2026-II,6,2026-09-21,P
VG260006,EIA,2026-II,7,2026-09-28,T
VG260006,EIA,2026-II,8,2026-10-05,P
VG260006,EIA,2026-II,9,2026-10-12,P
VG260006,EIA,2026-II,10,2026-10-19,P
VG260006,EIA,2026-II,11,2026-10-26,P
VG260006,EIA,2026-II,12,2026-11-02,P
VG260006,EIA,2026-II,13,2026-11-09,P
VG260006,EIA,2026-II,14,2026-11-16,P
VG260006,EIA,2026-II,15,2026-11-23,P
VG260006,EIA,2026-II,16,2026-11-30,F
VG260006,CII,2026-II,1,2026-08-18,T
VG260006,CII,2026-II,2,2026-08-25,P
VG260006,CII,2026-II,3,2026-09-01,T
VG260006,CII,2026-II,4,2026-09-08,P
VG260006,CII,2026-II,5,2026-09-15,P
VG260006,CII,2026-II,6,2026-09-22,P
VG260006,CII,2026-II,7,2026-09-29,P
VG260006,CII,2026-II,8,2026-10-06,P
VG260006,CII,2026-II,9,2026-10-13,P
VG260006,CII,2026-II,10,2026-10-20,P
VG260006,CII,2026-II,11,2026-10-27,P
VG260006,CII,2026-II,12,2026-11-03,P
VG260006,CII,2026-II,13,2026-11-10,P
VG260006,CII,2026-II,14,2026-11-17,P
VG260006,CII,2026-II,15,2026-11-24,P
VG260006,CII,2026-II,16,2026-12-01,P
VG260006,EIT,2026-II,1,2026-08-19,P
VG260006,EIT,2026-II,2,2026-08-26,P
VG260006,EIT,2026-II,3,2026-09-02,P
VG260006,EIT,2026-II,4,2026-09-09,F
VG260006,EIT,2026-II,5,2026-09-16,P
VG260006,EIT,2026-II,6,2026-09-23,P
VG260006,EIT,2026-II,7,2026-09-30,F
VG260006,EIT,2026-II,8,2026-10-07,F
VG260006,EIT,2026-II,9,2026-10-14,P
VG260006,EIT,2026-II,10,2026-10-21,P
VG260006,EIT,2026-II,11,2026-10-28,P
VG260006,EIT,2026-II,12,2026-11-04,T
VG260006,EIT,2026-II,13,2026-11-11,P
VG260006,EIT,2026-II,14,2026-11-18,P
VG260006,EIT,2026-II,15,2026-11-25,P
VG260006,EIT,2026-II,16,2026-12-02,P
VG260006,EFSRT5,2026-II,1,2026-08-20,J
VG260006,EFSRT5,2026-II,2,2026-08-27,P
VG260006,EFSRT5,2026-II,3,2026-09-03,P
VG260006,EFSRT5,2026-II,4,2026-09-10,P
VG260006,EFSRT5,2026-II,5,2026-09-17,F
VG260006,EFSRT5,2026-II,6,2026-09-24,P
VG260006,EFSRT5,2026-II,7,2026-10-01,T
VG260006,EFSRT5,2026-II,8,2026-10-08,P
VG260006,EFSRT5,2026-II,9,2026-10-15,P
VG260006,EFSRT5,2026-II,10,2026-10-22,P
VG260006,EFSRT5,2026-II,11,2026-10-29,P
VG260006,EFSRT5,2026-II,12,2026-11-05,P
VG260006,EFSRT5,2026-II,13,2026-11-12,P
VG260006,EFSRT5,2026-II,14,2026-11-19,P
VG260006,EFSRT5,2026-II,15,2026-11-26,P
VG260006,EFSRT5,2026-II,16,2026-12-03,P
VG260007,APS,2026-II,1,2026-08-17,P
VG260007,APS,2026-II,2,2026-08-24,P
VG260007,APS,2026-II,3,2026-08-31,P
VG260007,APS,2026-II,4,2026-09-07,P
VG260007,APS,2026-II,5,2026-09-14,P
VG260007,APS,2026-II,6,2026-09-21,J
VG260007,APS,2026-II,7,2026-09-28,P
VG260007,APS,2026-II,8,2026-10-05,P
VG260007,APS,2026-II,9,2026-10-12,T
VG260007,APS,2026-II,10,2026-10-19,P
VG260007,APS,2026-II,11,2026-10-26,P
VG260007,APS,2026-II,12,2026-11-02,P
VG260007,APS,2026-II,13,2026-11-09,P
VG260007,APS,2026-II,14,2026-11-16,P
VG260007,APS,2026-II,15,2026-11-23,P
VG260007,APS,2026-II,16,2026-11-30,F
VG260007,TBD,2026-II,1,2026-08-18,P
VG260007,TBD,2026-II,2,2026-08-25,T
VG260007,TBD,2026-II,3,2026-09-01,P
VG260007,TBD,2026-II,4,2026-09-08,P
VG260007,TBD,2026-II,5,2026-09-15,F
VG260007,TBD,2026-II,6,2026-09-22,P
VG260007,TBD,2026-II,7,2026-09-29,P
VG260007,TBD,2026-II,8,2026-10-06,T
VG260007,TBD,2026-II,9,2026-10-13,P
VG260007,TBD,2026-II,10,2026-10-20,T
VG260007,TBD,2026-II,11,2026-10-27,P
VG260007,TBD,2026-II,12,2026-11-03,P
VG260007,TBD,2026-II,13,2026-11-10,P
VG260007,TBD,2026-II,14,2026-11-17,P
VG260007,TBD,2026-II,15,2026-11-24,P
VG260007,TBD,2026-II,16,2026-12-01,P
VG260007,FIA,2026-II,1,2026-08-19,P
VG260007,FIA,2026-II,2,2026-08-26,T
VG260007,FIA,2026-II,3,2026-09-02,P
VG260007,FIA,2026-II,4,2026-09-09,P
VG260007,FIA,2026-II,5,2026-09-16,F
VG260007,FIA,2026-II,6,2026-09-23,P
VG260007,FIA,2026-II,7,2026-09-30,P
VG260007,FIA,2026-II,8,2026-10-07,F
VG260007,FIA,2026-II,9,2026-10-14,P
VG260007,FIA,2026-II,10,2026-10-21,P
VG260007,FIA,2026-II,11,2026-10-28,J
VG260007,FIA,2026-II,12,2026-11-04,P
VG260007,FIA,2026-II,13,2026-11-11,P
VG260007,FIA,2026-II,14,2026-11-18,P
VG260007,FIA,2026-II,15,2026-11-25,P
VG260007,FIA,2026-II,16,2026-12-02,P
VG260007,SDE,2026-II,1,2026-08-20,P
VG260007,SDE,2026-II,2,2026-08-27,P
VG260007,SDE,2026-II,3,2026-09-03,P
VG260007,SDE,2026-II,4,2026-09-10,P
VG260007,SDE,2026-II,5,2026-09-17,P
VG260007,SDE,2026-II,6,2026-09-24,P
VG260007,SDE,2026-II,7,2026-10-01,F
VG260007,SDE,2026-II,8,2026-10-08,P
VG260007,SDE,2026-II,9,2026-10-15,P
VG260007,SDE,2026-II,10,2026-10-22,P
VG260007,SDE,2026-II,11,2026-10-29,T
VG260007,SDE,2026-II,12,2026-11-05,T
VG260007,SDE,2026-II,13,2026-11-12,P
VG260007,SDE,2026-II,14,2026-11-19,P
VG260007,SDE,2026-II,15,2026-11-26,F
VG260007,SDE,2026-II,16,2026-12-03,P
VG260007,FCS,2026-II,1,2026-08-21,P
VG260007,FCS,2026-II,2,2026-08-28,J
VG260007,FCS,2026-II,3,2026-09-04,P
VG260007,FCS,2026-II,4,2026-09-11,P
VG260007,FCS,2026-II,5,2026-09-18,P
VG260007,FCS,2026-II,6,2026-09-25,P
VG260007,FCS,2026-II,7,2026-10-02,F
VG260007,FCS,2026-II,8,2026-10-09,P
VG260007,FCS,2026-II,9,2026-10-16,P
VG260007,FCS,2026-II,10,2026-10-23,P
VG260007,FCS,2026-II,11,2026-10-30,P
VG260007,FCS,2026-II,12,2026-11-06,P
VG260007,FCS,2026-II,13,2026-11-13,T
VG260007,FCS,2026-II,14,2026-11-20,P
VG260007,FCS,2026-II,15,2026-11-27,P
VG260007,FCS,2026-II,16,2026-12-04,F
VG260007,EIA,2026-II,1,2026-08-17,T
VG260007,EIA,2026-II,2,2026-08-24,T
VG260007,EIA,2026-II,3,2026-08-31,F
VG260007,EIA,2026-II,4,2026-09-07,P
VG260007,EIA,2026-II,5,2026-09-14,P
VG260007,EIA,2026-II,6,2026-09-21,P
VG260007,EIA,2026-II,7,2026-09-28,P
VG260007,EIA,2026-II,8,2026-10-05,T
VG260007,EIA,2026-II,9,2026-10-12,F
VG260007,EIA,2026-II,10,2026-10-19,P
VG260007,EIA,2026-II,11,2026-10-26,P
VG260007,EIA,2026-II,12,2026-11-02,F
VG260007,EIA,2026-II,13,2026-11-09,P
VG260007,EIA,2026-II,14,2026-11-16,P
VG260007,EIA,2026-II,15,2026-11-23,P
VG260007,EIA,2026-II,16,2026-11-30,J
VG260007,CII,2026-II,1,2026-08-18,P
VG260007,CII,2026-II,2,2026-08-25,P
VG260007,CII,2026-II,3,2026-09-01,P
VG260007,CII,2026-II,4,2026-09-08,P
VG260007,CII,2026-II,5,2026-09-15,T
VG260007,CII,2026-II,6,2026-09-22,P
VG260007,CII,2026-II,7,2026-09-29,P
VG260007,CII,2026-II,8,2026-10-06,P
VG260007,CII,2026-II,9,2026-10-13,P
VG260007,CII,2026-II,10,2026-10-20,P
VG260007,CII,2026-II,11,2026-10-27,P
VG260007,CII,2026-II,12,2026-11-03,P
VG260007,CII,2026-II,13,2026-11-10,F
VG260007,CII,2026-II,14,2026-11-17,F
VG260007,CII,2026-II,15,2026-11-24,P
VG260007,CII,2026-II,16,2026-12-01,P
VG260007,EIT,2026-II,1,2026-08-19,P
VG260007,EIT,2026-II,2,2026-08-26,P
VG260007,EIT,2026-II,3,2026-09-02,P
VG260007,EIT,2026-II,4,2026-09-09,P
VG260007,EIT,2026-II,5,2026-09-16,P
VG260007,EIT,2026-II,6,2026-09-23,T
VG260007,EIT,2026-II,7,2026-09-30,P
VG260007,EIT,2026-II,8,2026-10-07,P
VG260007,EIT,2026-II,9,2026-10-14,P
VG260007,EIT,2026-II,10,2026-10-21,P
VG260007,EIT,2026-II,11,2026-10-28,P
VG260007,EIT,2026-II,12,2026-11-04,P
VG260007,EIT,2026-II,13,2026-11-11,P
VG260007,EIT,2026-II,14,2026-11-18,P
VG260007,EIT,2026-II,15,2026-11-25,P
VG260007,EIT,2026-II,16,2026-12-02,P
VG260007,EFSRT5,2026-II,1,2026-08-20,T
VG260007,EFSRT5,2026-II,2,2026-08-27,P
VG260007,EFSRT5,2026-II,3,2026-09-03,P
VG260007,EFSRT5,2026-II,4,2026-09-10,P
VG260007,EFSRT5,2026-II,5,2026-09-17,P
VG260007,EFSRT5,2026-II,6,2026-09-24,P
VG260007,EFSRT5,2026-II,7,2026-10-01,P
VG260007,EFSRT5,2026-II,8,2026-10-08,P
VG260007,EFSRT5,2026-II,9,2026-10-15,P
VG260007,EFSRT5,2026-II,10,2026-10-22,P
VG260007,EFSRT5,2026-II,11,2026-10-29,P
VG260007,EFSRT5,2026-II,12,2026-11-05,P
VG260007,EFSRT5,2026-II,13,2026-11-12,P
VG260007,EFSRT5,2026-II,14,2026-11-19,F
VG260007,EFSRT5,2026-II,15,2026-11-26,P
VG260007,EFSRT5,2026-II,16,2026-12-03,P
VG260008,APS,2026-II,1,2026-08-17,P
VG260008,APS,2026-II,2,2026-08-24,P
VG260008,APS,2026-II,3,2026-08-31,P
VG260008,APS,2026-II,4,2026-09-07,F
VG260008,APS,2026-II,5,2026-09-14,P
VG260008,APS,2026-II,6,2026-09-21,F
VG260008,APS,2026-II,7,2026-09-28,P
VG260008,APS,2026-II,8,2026-10-05,T
VG260008,APS,2026-II,9,2026-10-12,P
VG260008,APS,2026-II,10,2026-10-19,P
VG260008,APS,2026-II,11,2026-10-26,P
VG260008,APS,2026-II,12,2026-11-02,P
VG260008,APS,2026-II,13,2026-11-09,P
VG260008,APS,2026-II,14,2026-11-16,P
VG260008,APS,2026-II,15,2026-11-23,P
VG260008,APS,2026-II,16,2026-11-30,P
VG260008,TBD,2026-II,1,2026-08-18,F
VG260008,TBD,2026-II,2,2026-08-25,F
VG260008,TBD,2026-II,3,2026-09-01,P
VG260008,TBD,2026-II,4,2026-09-08,P
VG260008,TBD,2026-II,5,2026-09-15,P
VG260008,TBD,2026-II,6,2026-09-22,P
VG260008,TBD,2026-II,7,2026-09-29,P
VG260008,TBD,2026-II,8,2026-10-06,P
VG260008,TBD,2026-II,9,2026-10-13,P
VG260008,TBD,2026-II,10,2026-10-20,P
VG260008,TBD,2026-II,11,2026-10-27,P
VG260008,TBD,2026-II,12,2026-11-03,P
VG260008,TBD,2026-II,13,2026-11-10,P
VG260008,TBD,2026-II,14,2026-11-17,P
VG260008,TBD,2026-II,15,2026-11-24,P
VG260008,TBD,2026-II,16,2026-12-01,P
VG260008,FIA,2026-II,1,2026-08-19,P
VG260008,FIA,2026-II,2,2026-08-26,P
VG260008,FIA,2026-II,3,2026-09-02,P
VG260008,FIA,2026-II,4,2026-09-09,T
VG260008,FIA,2026-II,5,2026-09-16,P
VG260008,FIA,2026-II,6,2026-09-23,P
VG260008,FIA,2026-II,7,2026-09-30,P
VG260008,FIA,2026-II,8,2026-10-07,P
VG260008,FIA,2026-II,9,2026-10-14,P
VG260008,FIA,2026-II,10,2026-10-21,P
VG260008,FIA,2026-II,11,2026-10-28,P
VG260008,FIA,2026-II,12,2026-11-04,P
VG260008,FIA,2026-II,13,2026-11-11,P
VG260008,FIA,2026-II,14,2026-11-18,P
VG260008,FIA,2026-II,15,2026-11-25,P
VG260008,FIA,2026-II,16,2026-12-02,P
VG260008,SDE,2026-II,1,2026-08-20,P
VG260008,SDE,2026-II,2,2026-08-27,P
VG260008,SDE,2026-II,3,2026-09-03,P
VG260008,SDE,2026-II,4,2026-09-10,P
VG260008,SDE,2026-II,5,2026-09-17,P
VG260008,SDE,2026-II,6,2026-09-24,P
VG260008,SDE,2026-II,7,2026-10-01,P
VG260008,SDE,2026-II,8,2026-10-08,P
VG260008,SDE,2026-II,9,2026-10-15,P
VG260008,SDE,2026-II,10,2026-10-22,J
VG260008,SDE,2026-II,11,2026-10-29,P
VG260008,SDE,2026-II,12,2026-11-05,P
VG260008,SDE,2026-II,13,2026-11-12,P
VG260008,SDE,2026-II,14,2026-11-19,P
VG260008,SDE,2026-II,15,2026-11-26,P
VG260008,SDE,2026-II,16,2026-12-03,P
VG260008,FCS,2026-II,1,2026-08-21,P
VG260008,FCS,2026-II,2,2026-08-28,P
VG260008,FCS,2026-II,3,2026-09-04,P
VG260008,FCS,2026-II,4,2026-09-11,P
VG260008,FCS,2026-II,5,2026-09-18,P
VG260008,FCS,2026-II,6,2026-09-25,P
VG260008,FCS,2026-II,7,2026-10-02,P
VG260008,FCS,2026-II,8,2026-10-09,P
VG260008,FCS,2026-II,9,2026-10-16,P
VG260008,FCS,2026-II,10,2026-10-23,P
VG260008,FCS,2026-II,11,2026-10-30,P
VG260008,FCS,2026-II,12,2026-11-06,P
VG260008,FCS,2026-II,13,2026-11-13,P
VG260008,FCS,2026-II,14,2026-11-20,P
VG260008,FCS,2026-II,15,2026-11-27,T
VG260008,FCS,2026-II,16,2026-12-04,P
VG260008,EIA,2026-II,1,2026-08-17,P
VG260008,EIA,2026-II,2,2026-08-24,P
VG260008,EIA,2026-II,3,2026-08-31,P
VG260008,EIA,2026-II,4,2026-09-07,P
VG260008,EIA,2026-II,5,2026-09-14,F
VG260008,EIA,2026-II,6,2026-09-21,P
VG260008,EIA,2026-II,7,2026-09-28,P
VG260008,EIA,2026-II,8,2026-10-05,P
VG260008,EIA,2026-II,9,2026-10-12,P
VG260008,EIA,2026-II,10,2026-10-19,P
VG260008,EIA,2026-II,11,2026-10-26,P
VG260008,EIA,2026-II,12,2026-11-02,P
VG260008,EIA,2026-II,13,2026-11-09,P
VG260008,EIA,2026-II,14,2026-11-16,P
VG260008,EIA,2026-II,15,2026-11-23,P
VG260008,EIA,2026-II,16,2026-11-30,F
VG260008,CII,2026-II,1,2026-08-18,P
VG260008,CII,2026-II,2,2026-08-25,P
VG260008,CII,2026-II,3,2026-09-01,P
VG260008,CII,2026-II,4,2026-09-08,P
VG260008,CII,2026-II,5,2026-09-15,P
VG260008,CII,2026-II,6,2026-09-22,P
VG260008,CII,2026-II,7,2026-09-29,P
VG260008,CII,2026-II,8,2026-10-06,P
VG260008,CII,2026-II,9,2026-10-13,J
VG260008,CII,2026-II,10,2026-10-20,P
VG260008,CII,2026-II,11,2026-10-27,P
VG260008,CII,2026-II,12,2026-11-03,P
VG260008,CII,2026-II,13,2026-11-10,P
VG260008,CII,2026-II,14,2026-11-17,P
VG260008,CII,2026-II,15,2026-11-24,P
VG260008,CII,2026-II,16,2026-12-01,P
VG260008,EIT,2026-II,1,2026-08-19,P
VG260008,EIT,2026-II,2,2026-08-26,P
VG260008,EIT,2026-II,3,2026-09-02,P
VG260008,EIT,2026-II,4,2026-09-09,P
VG260008,EIT,2026-II,5,2026-09-16,P
VG260008,EIT,2026-II,6,2026-09-23,P
VG260008,EIT,2026-II,7,2026-09-30,P
VG260008,EIT,2026-II,8,2026-10-07,P
VG260008,EIT,2026-II,9,2026-10-14,P
VG260008,EIT,2026-II,10,2026-10-21,P
VG260008,EIT,2026-II,11,2026-10-28,P
VG260008,EIT,2026-II,12,2026-11-04,P
VG260008,EIT,2026-II,13,2026-11-11,P
VG260008,EIT,2026-II,14,2026-11-18,P
VG260008,EIT,2026-II,15,2026-11-25,P
VG260008,EIT,2026-II,16,2026-12-02,F
VG260008,EFSRT5,2026-II,1,2026-08-20,P
VG260008,EFSRT5,2026-II,2,2026-08-27,P
VG260008,EFSRT5,2026-II,3,2026-09-03,T
VG260008,EFSRT5,2026-II,4,2026-09-10,F
VG260008,EFSRT5,2026-II,5,2026-09-17,P
VG260008,EFSRT5,2026-II,6,2026-09-24,P
VG260008,EFSRT5,2026-II,7,2026-10-01,P
VG260008,EFSRT5,2026-II,8,2026-10-08,P
VG260008,EFSRT5,2026-II,9,2026-10-15,F
VG260008,EFSRT5,2026-II,10,2026-10-22,P
VG260008,EFSRT5,2026-II,11,2026-10-29,P
VG260008,EFSRT5,2026-II,12,2026-11-05,P
VG260008,EFSRT5,2026-II,13,2026-11-12,P
VG260008,EFSRT5,2026-II,14,2026-11-19,P
VG260008,EFSRT5,2026-II,15,2026-11-26,P
VG260008,EFSRT5,2026-II,16,2026-12-03,P
VG260009,APS,2026-II,1,2026-08-17,P
VG260009,APS,2026-II,2,2026-08-24,P
VG260009,APS,2026-II,3,2026-08-31,P
VG260009,APS,2026-II,4,2026-09-07,P
VG260009,APS,2026-II,5,2026-09-14,P
VG260009,APS,2026-II,6,2026-09-21,P
VG260009,APS,2026-II,7,2026-09-28,P
VG260009,APS,2026-II,8,2026-10-05,P
VG260009,APS,2026-II,9,2026-10-12,P
VG260009,APS,2026-II,10,2026-10-19,P
VG260009,APS,2026-II,11,2026-10-26,P
VG260009,APS,2026-II,12,2026-11-02,P
VG260009,APS,2026-II,13,2026-11-09,P
VG260009,APS,2026-II,14,2026-11-16,P
VG260009,APS,2026-II,15,2026-11-23,P
VG260009,APS,2026-II,16,2026-11-30,P
VG260009,TBD,2026-II,1,2026-08-18,P
VG260009,TBD,2026-II,2,2026-08-25,P
VG260009,TBD,2026-II,3,2026-09-01,P
VG260009,TBD,2026-II,4,2026-09-08,P
VG260009,TBD,2026-II,5,2026-09-15,P
VG260009,TBD,2026-II,6,2026-09-22,P
VG260009,TBD,2026-II,7,2026-09-29,P
VG260009,TBD,2026-II,8,2026-10-06,P
VG260009,TBD,2026-II,9,2026-10-13,P
VG260009,TBD,2026-II,10,2026-10-20,P
VG260009,TBD,2026-II,11,2026-10-27,P
VG260009,TBD,2026-II,12,2026-11-03,P
VG260009,TBD,2026-II,13,2026-11-10,P
VG260009,TBD,2026-II,14,2026-11-17,P
VG260009,TBD,2026-II,15,2026-11-24,P
VG260009,TBD,2026-II,16,2026-12-01,P
VG260009,FIA,2026-II,1,2026-08-19,P
VG260009,FIA,2026-II,2,2026-08-26,P
VG260009,FIA,2026-II,3,2026-09-02,P
VG260009,FIA,2026-II,4,2026-09-09,P
VG260009,FIA,2026-II,5,2026-09-16,P
VG260009,FIA,2026-II,6,2026-09-23,T
VG260009,FIA,2026-II,7,2026-09-30,P
VG260009,FIA,2026-II,8,2026-10-07,P
VG260009,FIA,2026-II,9,2026-10-14,P
VG260009,FIA,2026-II,10,2026-10-21,P
VG260009,FIA,2026-II,11,2026-10-28,P
VG260009,FIA,2026-II,12,2026-11-04,T
VG260009,FIA,2026-II,13,2026-11-11,P
VG260009,FIA,2026-II,14,2026-11-18,P
VG260009,FIA,2026-II,15,2026-11-25,P
VG260009,FIA,2026-II,16,2026-12-02,P
VG260009,SDE,2026-II,1,2026-08-20,P
VG260009,SDE,2026-II,2,2026-08-27,P
VG260009,SDE,2026-II,3,2026-09-03,P
VG260009,SDE,2026-II,4,2026-09-10,P
VG260009,SDE,2026-II,5,2026-09-17,P
VG260009,SDE,2026-II,6,2026-09-24,T
VG260009,SDE,2026-II,7,2026-10-01,P
VG260009,SDE,2026-II,8,2026-10-08,T
VG260009,SDE,2026-II,9,2026-10-15,T
VG260009,SDE,2026-II,10,2026-10-22,P
VG260009,SDE,2026-II,11,2026-10-29,P
VG260009,SDE,2026-II,12,2026-11-05,P
VG260009,SDE,2026-II,13,2026-11-12,P
VG260009,SDE,2026-II,14,2026-11-19,P
VG260009,SDE,2026-II,15,2026-11-26,P
VG260009,SDE,2026-II,16,2026-12-03,P
VG260009,FCS,2026-II,1,2026-08-21,T
VG260009,FCS,2026-II,2,2026-08-28,T
VG260009,FCS,2026-II,3,2026-09-04,J
VG260009,FCS,2026-II,4,2026-09-11,P
VG260009,FCS,2026-II,5,2026-09-18,P
VG260009,FCS,2026-II,6,2026-09-25,P
VG260009,FCS,2026-II,7,2026-10-02,P
VG260009,FCS,2026-II,8,2026-10-09,P
VG260009,FCS,2026-II,9,2026-10-16,P
VG260009,FCS,2026-II,10,2026-10-23,P
VG260009,FCS,2026-II,11,2026-10-30,T
VG260009,FCS,2026-II,12,2026-11-06,P
VG260009,FCS,2026-II,13,2026-11-13,P
VG260009,FCS,2026-II,14,2026-11-20,P
VG260009,FCS,2026-II,15,2026-11-27,J
VG260009,FCS,2026-II,16,2026-12-04,P
VG260009,EIA,2026-II,1,2026-08-17,P
VG260009,EIA,2026-II,2,2026-08-24,T
VG260009,EIA,2026-II,3,2026-08-31,P
VG260009,EIA,2026-II,4,2026-09-07,F
VG260009,EIA,2026-II,5,2026-09-14,P
VG260009,EIA,2026-II,6,2026-09-21,F
VG260009,EIA,2026-II,7,2026-09-28,P
VG260009,EIA,2026-II,8,2026-10-05,P
VG260009,EIA,2026-II,9,2026-10-12,P
VG260009,EIA,2026-II,10,2026-10-19,P
VG260009,EIA,2026-II,11,2026-10-26,P
VG260009,EIA,2026-II,12,2026-11-02,P
VG260009,EIA,2026-II,13,2026-11-09,P
VG260009,EIA,2026-II,14,2026-11-16,J
VG260009,EIA,2026-II,15,2026-11-23,P
VG260009,EIA,2026-II,16,2026-11-30,P
VG260009,CII,2026-II,1,2026-08-18,P
VG260009,CII,2026-II,2,2026-08-25,P
VG260009,CII,2026-II,3,2026-09-01,P
VG260009,CII,2026-II,4,2026-09-08,P
VG260009,CII,2026-II,5,2026-09-15,P
VG260009,CII,2026-II,6,2026-09-22,P
VG260009,CII,2026-II,7,2026-09-29,P
VG260009,CII,2026-II,8,2026-10-06,P
VG260009,CII,2026-II,9,2026-10-13,P
VG260009,CII,2026-II,10,2026-10-20,P
VG260009,CII,2026-II,11,2026-10-27,T
VG260009,CII,2026-II,12,2026-11-03,P
VG260009,CII,2026-II,13,2026-11-10,P
VG260009,CII,2026-II,14,2026-11-17,P
VG260009,CII,2026-II,15,2026-11-24,P
VG260009,CII,2026-II,16,2026-12-01,P
VG260009,EIT,2026-II,1,2026-08-19,P
VG260009,EIT,2026-II,2,2026-08-26,P
VG260009,EIT,2026-II,3,2026-09-02,P
VG260009,EIT,2026-II,4,2026-09-09,P
VG260009,EIT,2026-II,5,2026-09-16,P
VG260009,EIT,2026-II,6,2026-09-23,P
VG260009,EIT,2026-II,7,2026-09-30,P
VG260009,EIT,2026-II,8,2026-10-07,P
VG260009,EIT,2026-II,9,2026-10-14,P
VG260009,EIT,2026-II,10,2026-10-21,P
VG260009,EIT,2026-II,11,2026-10-28,P
VG260009,EIT,2026-II,12,2026-11-04,P
VG260009,EIT,2026-II,13,2026-11-11,P
VG260009,EIT,2026-II,14,2026-11-18,P
VG260009,EIT,2026-II,15,2026-11-25,P
VG260009,EIT,2026-II,16,2026-12-02,P
VG260009,EFSRT5,2026-II,1,2026-08-20,P
VG260009,EFSRT5,2026-II,2,2026-08-27,P
VG260009,EFSRT5,2026-II,3,2026-09-03,P
VG260009,EFSRT5,2026-II,4,2026-09-10,P
VG260009,EFSRT5,2026-II,5,2026-09-17,P
VG260009,EFSRT5,2026-II,6,2026-09-24,P
VG260009,EFSRT5,2026-II,7,2026-10-01,P
VG260009,EFSRT5,2026-II,8,2026-10-08,P
VG260009,EFSRT5,2026-II,9,2026-10-15,P
VG260009,EFSRT5,2026-II,10,2026-10-22,P
VG260009,EFSRT5,2026-II,11,2026-10-29,P
VG260009,EFSRT5,2026-II,12,2026-11-05,P
VG260009,EFSRT5,2026-II,13,2026-11-12,P
VG260009,EFSRT5,2026-II,14,2026-11-19,P
VG260009,EFSRT5,2026-II,15,2026-11-26,P
VG260009,EFSRT5,2026-II,16,2026-12-03,P
VG260010,APS,2026-II,1,2026-08-17,P
VG260010,APS,2026-II,2,2026-08-24,P
VG260010,APS,2026-II,3,2026-08-31,P
VG260010,APS,2026-II,4,2026-09-07,J
VG260010,APS,2026-II,5,2026-09-14,P
VG260010,APS,2026-II,6,2026-09-21,P
VG260010,APS,2026-II,7,2026-09-28,P
VG260010,APS,2026-II,8,2026-10-05,T
VG260010,APS,2026-II,9,2026-10-12,P
VG260010,APS,2026-II,10,2026-10-19,P
VG260010,APS,2026-II,11,2026-10-26,P
VG260010,APS,2026-II,12,2026-11-02,P
VG260010,APS,2026-II,13,2026-11-09,J
VG260010,APS,2026-II,14,2026-11-16,F
VG260010,APS,2026-II,15,2026-11-23,P
VG260010,APS,2026-II,16,2026-11-30,F
VG260010,TBD,2026-II,1,2026-08-18,P
VG260010,TBD,2026-II,2,2026-08-25,P
VG260010,TBD,2026-II,3,2026-09-01,P
VG260010,TBD,2026-II,4,2026-09-08,P
VG260010,TBD,2026-II,5,2026-09-15,F
VG260010,TBD,2026-II,6,2026-09-22,F
VG260010,TBD,2026-II,7,2026-09-29,P
VG260010,TBD,2026-II,8,2026-10-06,P
VG260010,TBD,2026-II,9,2026-10-13,P
VG260010,TBD,2026-II,10,2026-10-20,P
VG260010,TBD,2026-II,11,2026-10-27,P
VG260010,TBD,2026-II,12,2026-11-03,P
VG260010,TBD,2026-II,13,2026-11-10,P
VG260010,TBD,2026-II,14,2026-11-17,P
VG260010,TBD,2026-II,15,2026-11-24,P
VG260010,TBD,2026-II,16,2026-12-01,J
VG260010,FIA,2026-II,1,2026-08-19,P
VG260010,FIA,2026-II,2,2026-08-26,P
VG260010,FIA,2026-II,3,2026-09-02,P
VG260010,FIA,2026-II,4,2026-09-09,T
VG260010,FIA,2026-II,5,2026-09-16,P
VG260010,FIA,2026-II,6,2026-09-23,P
VG260010,FIA,2026-II,7,2026-09-30,P
VG260010,FIA,2026-II,8,2026-10-07,P
VG260010,FIA,2026-II,9,2026-10-14,P
VG260010,FIA,2026-II,10,2026-10-21,P
VG260010,FIA,2026-II,11,2026-10-28,P
VG260010,FIA,2026-II,12,2026-11-04,P
VG260010,FIA,2026-II,13,2026-11-11,P
VG260010,FIA,2026-II,14,2026-11-18,P
VG260010,FIA,2026-II,15,2026-11-25,P
VG260010,FIA,2026-II,16,2026-12-02,T
VG260010,SDE,2026-II,1,2026-08-20,P
VG260010,SDE,2026-II,2,2026-08-27,P
VG260010,SDE,2026-II,3,2026-09-03,T
VG260010,SDE,2026-II,4,2026-09-10,P
VG260010,SDE,2026-II,5,2026-09-17,P
VG260010,SDE,2026-II,6,2026-09-24,P
VG260010,SDE,2026-II,7,2026-10-01,P
VG260010,SDE,2026-II,8,2026-10-08,P
VG260010,SDE,2026-II,9,2026-10-15,P
VG260010,SDE,2026-II,10,2026-10-22,P
VG260010,SDE,2026-II,11,2026-10-29,P
VG260010,SDE,2026-II,12,2026-11-05,P
VG260010,SDE,2026-II,13,2026-11-12,P
VG260010,SDE,2026-II,14,2026-11-19,P
VG260010,SDE,2026-II,15,2026-11-26,P
VG260010,SDE,2026-II,16,2026-12-03,P
VG260010,FCS,2026-II,1,2026-08-21,P
VG260010,FCS,2026-II,2,2026-08-28,P
VG260010,FCS,2026-II,3,2026-09-04,P
VG260010,FCS,2026-II,4,2026-09-11,P
VG260010,FCS,2026-II,5,2026-09-18,F
VG260010,FCS,2026-II,6,2026-09-25,P
VG260010,FCS,2026-II,7,2026-10-02,P
VG260010,FCS,2026-II,8,2026-10-09,P
VG260010,FCS,2026-II,9,2026-10-16,P
VG260010,FCS,2026-II,10,2026-10-23,P
VG260010,FCS,2026-II,11,2026-10-30,P
VG260010,FCS,2026-II,12,2026-11-06,P
VG260010,FCS,2026-II,13,2026-11-13,P
VG260010,FCS,2026-II,14,2026-11-20,P
VG260010,FCS,2026-II,15,2026-11-27,F
VG260010,FCS,2026-II,16,2026-12-04,P
VG260010,EIA,2026-II,1,2026-08-17,P
VG260010,EIA,2026-II,2,2026-08-24,F
VG260010,EIA,2026-II,3,2026-08-31,P
VG260010,EIA,2026-II,4,2026-09-07,P
VG260010,EIA,2026-II,5,2026-09-14,P
VG260010,EIA,2026-II,6,2026-09-21,P
VG260010,EIA,2026-II,7,2026-09-28,F
VG260010,EIA,2026-II,8,2026-10-05,F
VG260010,EIA,2026-II,9,2026-10-12,P
VG260010,EIA,2026-II,10,2026-10-19,P
VG260010,EIA,2026-II,11,2026-10-26,P
VG260010,EIA,2026-II,12,2026-11-02,P
VG260010,EIA,2026-II,13,2026-11-09,P
VG260010,EIA,2026-II,14,2026-11-16,P
VG260010,EIA,2026-II,15,2026-11-23,P
VG260010,EIA,2026-II,16,2026-11-30,P
VG260010,CII,2026-II,1,2026-08-18,P
VG260010,CII,2026-II,2,2026-08-25,P
VG260010,CII,2026-II,3,2026-09-01,F
VG260010,CII,2026-II,4,2026-09-08,P
VG260010,CII,2026-II,5,2026-09-15,P
VG260010,CII,2026-II,6,2026-09-22,T
VG260010,CII,2026-II,7,2026-09-29,P
VG260010,CII,2026-II,8,2026-10-06,P
VG260010,CII,2026-II,9,2026-10-13,F
VG260010,CII,2026-II,10,2026-10-20,P
VG260010,CII,2026-II,11,2026-10-27,J
VG260010,CII,2026-II,12,2026-11-03,P
VG260010,CII,2026-II,13,2026-11-10,P
VG260010,CII,2026-II,14,2026-11-17,P
VG260010,CII,2026-II,15,2026-11-24,P
VG260010,CII,2026-II,16,2026-12-01,P
VG260010,EIT,2026-II,1,2026-08-19,F
VG260010,EIT,2026-II,2,2026-08-26,P
VG260010,EIT,2026-II,3,2026-09-02,P
VG260010,EIT,2026-II,4,2026-09-09,P
VG260010,EIT,2026-II,5,2026-09-16,P
VG260010,EIT,2026-II,6,2026-09-23,P
VG260010,EIT,2026-II,7,2026-09-30,P
VG260010,EIT,2026-II,8,2026-10-07,P
VG260010,EIT,2026-II,9,2026-10-14,P
VG260010,EIT,2026-II,10,2026-10-21,F
VG260010,EIT,2026-II,11,2026-10-28,T
VG260010,EIT,2026-II,12,2026-11-04,P
VG260010,EIT,2026-II,13,2026-11-11,P
VG260010,EIT,2026-II,14,2026-11-18,P
VG260010,EIT,2026-II,15,2026-11-25,T
VG260010,EIT,2026-II,16,2026-12-02,P
VG260010,EFSRT5,2026-II,1,2026-08-20,P
VG260010,EFSRT5,2026-II,2,2026-08-27,P
VG260010,EFSRT5,2026-II,3,2026-09-03,P
VG260010,EFSRT5,2026-II,4,2026-09-10,P
VG260010,EFSRT5,2026-II,5,2026-09-17,P
VG260010,EFSRT5,2026-II,6,2026-09-24,P
VG260010,EFSRT5,2026-II,7,2026-10-01,P
VG260010,EFSRT5,2026-II,8,2026-10-08,P
VG260010,EFSRT5,2026-II,9,2026-10-15,P
VG260010,EFSRT5,2026-II,10,2026-10-22,F
VG260010,EFSRT5,2026-II,11,2026-10-29,P
VG260010,EFSRT5,2026-II,12,2026-11-05,P
VG260010,EFSRT5,2026-II,13,2026-11-12,P
VG260010,EFSRT5,2026-II,14,2026-11-19,P
VG260010,EFSRT5,2026-II,15,2026-11-26,P
VG260010,EFSRT5,2026-II,16,2026-12-03,P
VG260011,APS,2026-II,1,2026-08-17,P
VG260011,APS,2026-II,2,2026-08-24,P
VG260011,APS,2026-II,3,2026-08-31,P
VG260011,APS,2026-II,4,2026-09-07,T
VG260011,APS,2026-II,5,2026-09-14,P
VG260011,APS,2026-II,6,2026-09-21,P
VG260011,APS,2026-II,7,2026-09-28,P
VG260011,APS,2026-II,8,2026-10-05,P
VG260011,APS,2026-II,9,2026-10-12,P
VG260011,APS,2026-II,10,2026-10-19,P
VG260011,APS,2026-II,11,2026-10-26,P
VG260011,APS,2026-II,12,2026-11-02,P
VG260011,APS,2026-II,13,2026-11-09,P
VG260011,APS,2026-II,14,2026-11-16,P
VG260011,APS,2026-II,15,2026-11-23,P
VG260011,APS,2026-II,16,2026-11-30,P
VG260011,TBD,2026-II,1,2026-08-18,P
VG260011,TBD,2026-II,2,2026-08-25,P
VG260011,TBD,2026-II,3,2026-09-01,P
VG260011,TBD,2026-II,4,2026-09-08,P
VG260011,TBD,2026-II,5,2026-09-15,P
VG260011,TBD,2026-II,6,2026-09-22,P
VG260011,TBD,2026-II,7,2026-09-29,P
VG260011,TBD,2026-II,8,2026-10-06,P
VG260011,TBD,2026-II,9,2026-10-13,P
VG260011,TBD,2026-II,10,2026-10-20,P
VG260011,TBD,2026-II,11,2026-10-27,P
VG260011,TBD,2026-II,12,2026-11-03,P
VG260011,TBD,2026-II,13,2026-11-10,P
VG260011,TBD,2026-II,14,2026-11-17,F
VG260011,TBD,2026-II,15,2026-11-24,P
VG260011,TBD,2026-II,16,2026-12-01,P
VG260011,FIA,2026-II,1,2026-08-19,P
VG260011,FIA,2026-II,2,2026-08-26,P
VG260011,FIA,2026-II,3,2026-09-02,P
VG260011,FIA,2026-II,4,2026-09-09,P
VG260011,FIA,2026-II,5,2026-09-16,T
VG260011,FIA,2026-II,6,2026-09-23,P
VG260011,FIA,2026-II,7,2026-09-30,P
VG260011,FIA,2026-II,8,2026-10-07,P
VG260011,FIA,2026-II,9,2026-10-14,P
VG260011,FIA,2026-II,10,2026-10-21,P
VG260011,FIA,2026-II,11,2026-10-28,P
VG260011,FIA,2026-II,12,2026-11-04,T
VG260011,FIA,2026-II,13,2026-11-11,P
VG260011,FIA,2026-II,14,2026-11-18,P
VG260011,FIA,2026-II,15,2026-11-25,F
VG260011,FIA,2026-II,16,2026-12-02,P
VG260011,SDE,2026-II,1,2026-08-20,P
VG260011,SDE,2026-II,2,2026-08-27,P
VG260011,SDE,2026-II,3,2026-09-03,P
VG260011,SDE,2026-II,4,2026-09-10,P
VG260011,SDE,2026-II,5,2026-09-17,P
VG260011,SDE,2026-II,6,2026-09-24,P
VG260011,SDE,2026-II,7,2026-10-01,P
VG260011,SDE,2026-II,8,2026-10-08,P
VG260011,SDE,2026-II,9,2026-10-15,P
VG260011,SDE,2026-II,10,2026-10-22,P
VG260011,SDE,2026-II,11,2026-10-29,P
VG260011,SDE,2026-II,12,2026-11-05,P
VG260011,SDE,2026-II,13,2026-11-12,P
VG260011,SDE,2026-II,14,2026-11-19,P
VG260011,SDE,2026-II,15,2026-11-26,P
VG260011,SDE,2026-II,16,2026-12-03,P
VG260011,FCS,2026-II,1,2026-08-21,P
VG260011,FCS,2026-II,2,2026-08-28,P
VG260011,FCS,2026-II,3,2026-09-04,P
VG260011,FCS,2026-II,4,2026-09-11,P
VG260011,FCS,2026-II,5,2026-09-18,P
VG260011,FCS,2026-II,6,2026-09-25,P
VG260011,FCS,2026-II,7,2026-10-02,P
VG260011,FCS,2026-II,8,2026-10-09,P
VG260011,FCS,2026-II,9,2026-10-16,P
VG260011,FCS,2026-II,10,2026-10-23,P
VG260011,FCS,2026-II,11,2026-10-30,P
VG260011,FCS,2026-II,12,2026-11-06,P
VG260011,FCS,2026-II,13,2026-11-13,P
VG260011,FCS,2026-II,14,2026-11-20,F
VG260011,FCS,2026-II,15,2026-11-27,P
VG260011,FCS,2026-II,16,2026-12-04,P
VG260011,EIA,2026-II,1,2026-08-17,F
VG260011,EIA,2026-II,2,2026-08-24,P
VG260011,EIA,2026-II,3,2026-08-31,F
VG260011,EIA,2026-II,4,2026-09-07,P
VG260011,EIA,2026-II,5,2026-09-14,F
VG260011,EIA,2026-II,6,2026-09-21,P
VG260011,EIA,2026-II,7,2026-09-28,P
VG260011,EIA,2026-II,8,2026-10-05,P
VG260011,EIA,2026-II,9,2026-10-12,P
VG260011,EIA,2026-II,10,2026-10-19,P
VG260011,EIA,2026-II,11,2026-10-26,J
VG260011,EIA,2026-II,12,2026-11-02,P
VG260011,EIA,2026-II,13,2026-11-09,P
VG260011,EIA,2026-II,14,2026-11-16,P
VG260011,EIA,2026-II,15,2026-11-23,P
VG260011,EIA,2026-II,16,2026-11-30,P
VG260011,CII,2026-II,1,2026-08-18,P
VG260011,CII,2026-II,2,2026-08-25,P
VG260011,CII,2026-II,3,2026-09-01,P
VG260011,CII,2026-II,4,2026-09-08,P
VG260011,CII,2026-II,5,2026-09-15,P
VG260011,CII,2026-II,6,2026-09-22,P
VG260011,CII,2026-II,7,2026-09-29,T
VG260011,CII,2026-II,8,2026-10-06,P
VG260011,CII,2026-II,9,2026-10-13,P
VG260011,CII,2026-II,10,2026-10-20,P
VG260011,CII,2026-II,11,2026-10-27,P
VG260011,CII,2026-II,12,2026-11-03,P
VG260011,CII,2026-II,13,2026-11-10,P
VG260011,CII,2026-II,14,2026-11-17,T
VG260011,CII,2026-II,15,2026-11-24,P
VG260011,CII,2026-II,16,2026-12-01,P
VG260011,EIT,2026-II,1,2026-08-19,P
VG260011,EIT,2026-II,2,2026-08-26,J
VG260011,EIT,2026-II,3,2026-09-02,P
VG260011,EIT,2026-II,4,2026-09-09,P
VG260011,EIT,2026-II,5,2026-09-16,P
VG260011,EIT,2026-II,6,2026-09-23,P
VG260011,EIT,2026-II,7,2026-09-30,P
VG260011,EIT,2026-II,8,2026-10-07,P
VG260011,EIT,2026-II,9,2026-10-14,P
VG260011,EIT,2026-II,10,2026-10-21,P
VG260011,EIT,2026-II,11,2026-10-28,P
VG260011,EIT,2026-II,12,2026-11-04,P
VG260011,EIT,2026-II,13,2026-11-11,P
VG260011,EIT,2026-II,14,2026-11-18,P
VG260011,EIT,2026-II,15,2026-11-25,P
VG260011,EIT,2026-II,16,2026-12-02,P
VG260011,EFSRT5,2026-II,1,2026-08-20,P
VG260011,EFSRT5,2026-II,2,2026-08-27,F
VG260011,EFSRT5,2026-II,3,2026-09-03,P
VG260011,EFSRT5,2026-II,4,2026-09-10,P
VG260011,EFSRT5,2026-II,5,2026-09-17,P
VG260011,EFSRT5,2026-II,6,2026-09-24,P
VG260011,EFSRT5,2026-II,7,2026-10-01,P
VG260011,EFSRT5,2026-II,8,2026-10-08,P
VG260011,EFSRT5,2026-II,9,2026-10-15,P
VG260011,EFSRT5,2026-II,10,2026-10-22,P
VG260011,EFSRT5,2026-II,11,2026-10-29,P
VG260011,EFSRT5,2026-II,12,2026-11-05,P
VG260011,EFSRT5,2026-II,13,2026-11-12,P
VG260011,EFSRT5,2026-II,14,2026-11-19,P
VG260011,EFSRT5,2026-II,15,2026-11-26,F
VG260011,EFSRT5,2026-II,16,2026-12-03,F
VG260012,APS,2026-II,1,2026-08-17,P
VG260012,APS,2026-II,2,2026-08-24,P
VG260012,APS,2026-II,3,2026-08-31,F
VG260012,APS,2026-II,4,2026-09-07,P
VG260012,APS,2026-II,5,2026-09-14,F
VG260012,APS,2026-II,6,2026-09-21,P
VG260012,APS,2026-II,7,2026-09-28,P
VG260012,APS,2026-II,8,2026-10-05,P
VG260012,APS,2026-II,9,2026-10-12,P
VG260012,APS,2026-II,10,2026-10-19,F
VG260012,APS,2026-II,11,2026-10-26,T
VG260012,APS,2026-II,12,2026-11-02,T
VG260012,APS,2026-II,13,2026-11-09,P
VG260012,APS,2026-II,14,2026-11-16,P
VG260012,APS,2026-II,15,2026-11-23,P
VG260012,APS,2026-II,16,2026-11-30,P
VG260012,TBD,2026-II,1,2026-08-18,P
VG260012,TBD,2026-II,2,2026-08-25,P
VG260012,TBD,2026-II,3,2026-09-01,J
VG260012,TBD,2026-II,4,2026-09-08,P
VG260012,TBD,2026-II,5,2026-09-15,F
VG260012,TBD,2026-II,6,2026-09-22,F
VG260012,TBD,2026-II,7,2026-09-29,P
VG260012,TBD,2026-II,8,2026-10-06,J
VG260012,TBD,2026-II,9,2026-10-13,P
VG260012,TBD,2026-II,10,2026-10-20,P
VG260012,TBD,2026-II,11,2026-10-27,P
VG260012,TBD,2026-II,12,2026-11-03,P
VG260012,TBD,2026-II,13,2026-11-10,P
VG260012,TBD,2026-II,14,2026-11-17,P
VG260012,TBD,2026-II,15,2026-11-24,P
VG260012,TBD,2026-II,16,2026-12-01,J
VG260012,FIA,2026-II,1,2026-08-19,F
VG260012,FIA,2026-II,2,2026-08-26,P
VG260012,FIA,2026-II,3,2026-09-02,F
VG260012,FIA,2026-II,4,2026-09-09,P
VG260012,FIA,2026-II,5,2026-09-16,P
VG260012,FIA,2026-II,6,2026-09-23,J
VG260012,FIA,2026-II,7,2026-09-30,P
VG260012,FIA,2026-II,8,2026-10-07,P
VG260012,FIA,2026-II,9,2026-10-14,P
VG260012,FIA,2026-II,10,2026-10-21,P
VG260012,FIA,2026-II,11,2026-10-28,T
VG260012,FIA,2026-II,12,2026-11-04,P
VG260012,FIA,2026-II,13,2026-11-11,P
VG260012,FIA,2026-II,14,2026-11-18,P
VG260012,FIA,2026-II,15,2026-11-25,P
VG260012,FIA,2026-II,16,2026-12-02,P
VG260012,SDE,2026-II,1,2026-08-20,F
VG260012,SDE,2026-II,2,2026-08-27,P
VG260012,SDE,2026-II,3,2026-09-03,P
VG260012,SDE,2026-II,4,2026-09-10,P
VG260012,SDE,2026-II,5,2026-09-17,P
VG260012,SDE,2026-II,6,2026-09-24,F
VG260012,SDE,2026-II,7,2026-10-01,F
VG260012,SDE,2026-II,8,2026-10-08,T
VG260012,SDE,2026-II,9,2026-10-15,P
VG260012,SDE,2026-II,10,2026-10-22,T
VG260012,SDE,2026-II,11,2026-10-29,P
VG260012,SDE,2026-II,12,2026-11-05,P
VG260012,SDE,2026-II,13,2026-11-12,P
VG260012,SDE,2026-II,14,2026-11-19,P
VG260012,SDE,2026-II,15,2026-11-26,P
VG260012,SDE,2026-II,16,2026-12-03,J
VG260012,FCS,2026-II,1,2026-08-21,J
VG260012,FCS,2026-II,2,2026-08-28,P
VG260012,FCS,2026-II,3,2026-09-04,P
VG260012,FCS,2026-II,4,2026-09-11,J
VG260012,FCS,2026-II,5,2026-09-18,P
VG260012,FCS,2026-II,6,2026-09-25,F
VG260012,FCS,2026-II,7,2026-10-02,F
VG260012,FCS,2026-II,8,2026-10-09,P
VG260012,FCS,2026-II,9,2026-10-16,P
VG260012,FCS,2026-II,10,2026-10-23,P
VG260012,FCS,2026-II,11,2026-10-30,P
VG260012,FCS,2026-II,12,2026-11-06,P
VG260012,FCS,2026-II,13,2026-11-13,P
VG260012,FCS,2026-II,14,2026-11-20,P
VG260012,FCS,2026-II,15,2026-11-27,P
VG260012,FCS,2026-II,16,2026-12-04,F
VG260012,EIA,2026-II,1,2026-08-17,F
VG260012,EIA,2026-II,2,2026-08-24,P
VG260012,EIA,2026-II,3,2026-08-31,P
VG260012,EIA,2026-II,4,2026-09-07,P
VG260012,EIA,2026-II,5,2026-09-14,T
VG260012,EIA,2026-II,6,2026-09-21,P
VG260012,EIA,2026-II,7,2026-09-28,F
VG260012,EIA,2026-II,8,2026-10-05,P
VG260012,EIA,2026-II,9,2026-10-12,T
VG260012,EIA,2026-II,10,2026-10-19,P
VG260012,EIA,2026-II,11,2026-10-26,F
VG260012,EIA,2026-II,12,2026-11-02,F
VG260012,EIA,2026-II,13,2026-11-09,P
VG260012,EIA,2026-II,14,2026-11-16,P
VG260012,EIA,2026-II,15,2026-11-23,J
VG260012,EIA,2026-II,16,2026-11-30,F
VG260012,CII,2026-II,1,2026-08-18,P
VG260012,CII,2026-II,2,2026-08-25,P
VG260012,CII,2026-II,3,2026-09-01,P
VG260012,CII,2026-II,4,2026-09-08,F
VG260012,CII,2026-II,5,2026-09-15,P
VG260012,CII,2026-II,6,2026-09-22,P
VG260012,CII,2026-II,7,2026-09-29,P
VG260012,CII,2026-II,8,2026-10-06,J
VG260012,CII,2026-II,9,2026-10-13,P
VG260012,CII,2026-II,10,2026-10-20,P
VG260012,CII,2026-II,11,2026-10-27,P
VG260012,CII,2026-II,12,2026-11-03,F
VG260012,CII,2026-II,13,2026-11-10,P
VG260012,CII,2026-II,14,2026-11-17,P
VG260012,CII,2026-II,15,2026-11-24,P
VG260012,CII,2026-II,16,2026-12-01,P
VG260012,EIT,2026-II,1,2026-08-19,P
VG260012,EIT,2026-II,2,2026-08-26,F
VG260012,EIT,2026-II,3,2026-09-02,F
VG260012,EIT,2026-II,4,2026-09-09,P
VG260012,EIT,2026-II,5,2026-09-16,P
VG260012,EIT,2026-II,6,2026-09-23,P
VG260012,EIT,2026-II,7,2026-09-30,P
VG260012,EIT,2026-II,8,2026-10-07,P
VG260012,EIT,2026-II,9,2026-10-14,P
VG260012,EIT,2026-II,10,2026-10-21,P
VG260012,EIT,2026-II,11,2026-10-28,P
VG260012,EIT,2026-II,12,2026-11-04,F
VG260012,EIT,2026-II,13,2026-11-11,P
VG260012,EIT,2026-II,14,2026-11-18,P
VG260012,EIT,2026-II,15,2026-11-25,P
VG260012,EIT,2026-II,16,2026-12-02,P
VG260012,EFSRT5,2026-II,1,2026-08-20,J
VG260012,EFSRT5,2026-II,2,2026-08-27,F
VG260012,EFSRT5,2026-II,3,2026-09-03,J
VG260012,EFSRT5,2026-II,4,2026-09-10,P
VG260012,EFSRT5,2026-II,5,2026-09-17,P
VG260012,EFSRT5,2026-II,6,2026-09-24,P
VG260012,EFSRT5,2026-II,7,2026-10-01,F
VG260012,EFSRT5,2026-II,8,2026-10-08,P
VG260012,EFSRT5,2026-II,9,2026-10-15,P
VG260012,EFSRT5,2026-II,10,2026-10-22,P
VG260012,EFSRT5,2026-II,11,2026-10-29,P
VG260012,EFSRT5,2026-II,12,2026-11-05,P
VG260012,EFSRT5,2026-II,13,2026-11-12,P
VG260012,EFSRT5,2026-II,14,2026-11-19,P
VG260012,EFSRT5,2026-II,15,2026-11-26,P
VG260012,EFSRT5,2026-II,16,2026-12-03,P
VG260013,APS,2026-II,1,2026-08-17,P
VG260013,APS,2026-II,2,2026-08-24,P
VG260013,APS,2026-II,3,2026-08-31,P
VG260013,APS,2026-II,4,2026-09-07,P
VG260013,APS,2026-II,5,2026-09-14,P
VG260013,APS,2026-II,6,2026-09-21,T
VG260013,APS,2026-II,7,2026-09-28,P
VG260013,APS,2026-II,8,2026-10-05,P
VG260013,APS,2026-II,9,2026-10-12,P
VG260013,APS,2026-II,10,2026-10-19,P
VG260013,APS,2026-II,11,2026-10-26,P
VG260013,APS,2026-II,12,2026-11-02,P
VG260013,APS,2026-II,13,2026-11-09,P
VG260013,APS,2026-II,14,2026-11-16,P
VG260013,APS,2026-II,15,2026-11-23,P
VG260013,APS,2026-II,16,2026-11-30,P
VG260013,TBD,2026-II,1,2026-08-18,P
VG260013,TBD,2026-II,2,2026-08-25,P
VG260013,TBD,2026-II,3,2026-09-01,P
VG260013,TBD,2026-II,4,2026-09-08,P
VG260013,TBD,2026-II,5,2026-09-15,P
VG260013,TBD,2026-II,6,2026-09-22,P
VG260013,TBD,2026-II,7,2026-09-29,P
VG260013,TBD,2026-II,8,2026-10-06,T
VG260013,TBD,2026-II,9,2026-10-13,P
VG260013,TBD,2026-II,10,2026-10-20,P
VG260013,TBD,2026-II,11,2026-10-27,P
VG260013,TBD,2026-II,12,2026-11-03,P
VG260013,TBD,2026-II,13,2026-11-10,T
VG260013,TBD,2026-II,14,2026-11-17,P
VG260013,TBD,2026-II,15,2026-11-24,P
VG260013,TBD,2026-II,16,2026-12-01,P
VG260013,FIA,2026-II,1,2026-08-19,P
VG260013,FIA,2026-II,2,2026-08-26,P
VG260013,FIA,2026-II,3,2026-09-02,P
VG260013,FIA,2026-II,4,2026-09-09,P
VG260013,FIA,2026-II,5,2026-09-16,P
VG260013,FIA,2026-II,6,2026-09-23,T
VG260013,FIA,2026-II,7,2026-09-30,T
VG260013,FIA,2026-II,8,2026-10-07,T
VG260013,FIA,2026-II,9,2026-10-14,P
VG260013,FIA,2026-II,10,2026-10-21,P
VG260013,FIA,2026-II,11,2026-10-28,P
VG260013,FIA,2026-II,12,2026-11-04,T
VG260013,FIA,2026-II,13,2026-11-11,P
VG260013,FIA,2026-II,14,2026-11-18,P
VG260013,FIA,2026-II,15,2026-11-25,P
VG260013,FIA,2026-II,16,2026-12-02,P
VG260013,SDE,2026-II,1,2026-08-20,P
VG260013,SDE,2026-II,2,2026-08-27,P
VG260013,SDE,2026-II,3,2026-09-03,P
VG260013,SDE,2026-II,4,2026-09-10,P
VG260013,SDE,2026-II,5,2026-09-17,P
VG260013,SDE,2026-II,6,2026-09-24,P
VG260013,SDE,2026-II,7,2026-10-01,P
VG260013,SDE,2026-II,8,2026-10-08,P
VG260013,SDE,2026-II,9,2026-10-15,P
VG260013,SDE,2026-II,10,2026-10-22,P
VG260013,SDE,2026-II,11,2026-10-29,P
VG260013,SDE,2026-II,12,2026-11-05,P
VG260013,SDE,2026-II,13,2026-11-12,P
VG260013,SDE,2026-II,14,2026-11-19,P
VG260013,SDE,2026-II,15,2026-11-26,T
VG260013,SDE,2026-II,16,2026-12-03,P
VG260013,FCS,2026-II,1,2026-08-21,P
VG260013,FCS,2026-II,2,2026-08-28,F
VG260013,FCS,2026-II,3,2026-09-04,P
VG260013,FCS,2026-II,4,2026-09-11,P
VG260013,FCS,2026-II,5,2026-09-18,P
VG260013,FCS,2026-II,6,2026-09-25,P
VG260013,FCS,2026-II,7,2026-10-02,P
VG260013,FCS,2026-II,8,2026-10-09,P
VG260013,FCS,2026-II,9,2026-10-16,P
VG260013,FCS,2026-II,10,2026-10-23,P
VG260013,FCS,2026-II,11,2026-10-30,P
VG260013,FCS,2026-II,12,2026-11-06,P
VG260013,FCS,2026-II,13,2026-11-13,P
VG260013,FCS,2026-II,14,2026-11-20,P
VG260013,FCS,2026-II,15,2026-11-27,T
VG260013,FCS,2026-II,16,2026-12-04,P
VG260013,EIA,2026-II,1,2026-08-17,P
VG260013,EIA,2026-II,2,2026-08-24,P
VG260013,EIA,2026-II,3,2026-08-31,T
VG260013,EIA,2026-II,4,2026-09-07,P
VG260013,EIA,2026-II,5,2026-09-14,P
VG260013,EIA,2026-II,6,2026-09-21,P
VG260013,EIA,2026-II,7,2026-09-28,P
VG260013,EIA,2026-II,8,2026-10-05,F
VG260013,EIA,2026-II,9,2026-10-12,P
VG260013,EIA,2026-II,10,2026-10-19,T
VG260013,EIA,2026-II,11,2026-10-26,P
VG260013,EIA,2026-II,12,2026-11-02,P
VG260013,EIA,2026-II,13,2026-11-09,P
VG260013,EIA,2026-II,14,2026-11-16,P
VG260013,EIA,2026-II,15,2026-11-23,P
VG260013,EIA,2026-II,16,2026-11-30,P
VG260013,CII,2026-II,1,2026-08-18,T
VG260013,CII,2026-II,2,2026-08-25,P
VG260013,CII,2026-II,3,2026-09-01,P
VG260013,CII,2026-II,4,2026-09-08,P
VG260013,CII,2026-II,5,2026-09-15,P
VG260013,CII,2026-II,6,2026-09-22,P
VG260013,CII,2026-II,7,2026-09-29,P
VG260013,CII,2026-II,8,2026-10-06,P
VG260013,CII,2026-II,9,2026-10-13,P
VG260013,CII,2026-II,10,2026-10-20,P
VG260013,CII,2026-II,11,2026-10-27,F
VG260013,CII,2026-II,12,2026-11-03,P
VG260013,CII,2026-II,13,2026-11-10,P
VG260013,CII,2026-II,14,2026-11-17,P
VG260013,CII,2026-II,15,2026-11-24,P
VG260013,CII,2026-II,16,2026-12-01,P
VG260013,EIT,2026-II,1,2026-08-19,P
VG260013,EIT,2026-II,2,2026-08-26,P
VG260013,EIT,2026-II,3,2026-09-02,P
VG260013,EIT,2026-II,4,2026-09-09,P
VG260013,EIT,2026-II,5,2026-09-16,P
VG260013,EIT,2026-II,6,2026-09-23,P
VG260013,EIT,2026-II,7,2026-09-30,P
VG260013,EIT,2026-II,8,2026-10-07,T
VG260013,EIT,2026-II,9,2026-10-14,P
VG260013,EIT,2026-II,10,2026-10-21,P
VG260013,EIT,2026-II,11,2026-10-28,P
VG260013,EIT,2026-II,12,2026-11-04,P
VG260013,EIT,2026-II,13,2026-11-11,P
VG260013,EIT,2026-II,14,2026-11-18,P
VG260013,EIT,2026-II,15,2026-11-25,F
VG260013,EIT,2026-II,16,2026-12-02,P
VG260013,EFSRT5,2026-II,1,2026-08-20,P
VG260013,EFSRT5,2026-II,2,2026-08-27,T
VG260013,EFSRT5,2026-II,3,2026-09-03,P
VG260013,EFSRT5,2026-II,4,2026-09-10,P
VG260013,EFSRT5,2026-II,5,2026-09-17,P
VG260013,EFSRT5,2026-II,6,2026-09-24,P
VG260013,EFSRT5,2026-II,7,2026-10-01,P
VG260013,EFSRT5,2026-II,8,2026-10-08,P
VG260013,EFSRT5,2026-II,9,2026-10-15,P
VG260013,EFSRT5,2026-II,10,2026-10-22,P
VG260013,EFSRT5,2026-II,11,2026-10-29,P
VG260013,EFSRT5,2026-II,12,2026-11-05,P
VG260013,EFSRT5,2026-II,13,2026-11-12,P
VG260013,EFSRT5,2026-II,14,2026-11-19,T
VG260013,EFSRT5,2026-II,15,2026-11-26,P
VG260013,EFSRT5,2026-II,16,2026-12-03,P
VG260014,APS,2026-II,1,2026-08-17,P
VG260014,APS,2026-II,2,2026-08-24,P
VG260014,APS,2026-II,3,2026-08-31,P
VG260014,APS,2026-II,4,2026-09-07,P
VG260014,APS,2026-II,5,2026-09-14,P
VG260014,APS,2026-II,6,2026-09-21,P
VG260014,APS,2026-II,7,2026-09-28,T
VG260014,APS,2026-II,8,2026-10-05,P
VG260014,APS,2026-II,9,2026-10-12,F
VG260014,APS,2026-II,10,2026-10-19,P
VG260014,APS,2026-II,11,2026-10-26,P
VG260014,APS,2026-II,12,2026-11-02,P
VG260014,APS,2026-II,13,2026-11-09,P
VG260014,APS,2026-II,14,2026-11-16,T
VG260014,APS,2026-II,15,2026-11-23,T
VG260014,APS,2026-II,16,2026-11-30,P
VG260014,TBD,2026-II,1,2026-08-18,P
VG260014,TBD,2026-II,2,2026-08-25,P
VG260014,TBD,2026-II,3,2026-09-01,P
VG260014,TBD,2026-II,4,2026-09-08,P
VG260014,TBD,2026-II,5,2026-09-15,P
VG260014,TBD,2026-II,6,2026-09-22,P
VG260014,TBD,2026-II,7,2026-09-29,P
VG260014,TBD,2026-II,8,2026-10-06,P
VG260014,TBD,2026-II,9,2026-10-13,P
VG260014,TBD,2026-II,10,2026-10-20,P
VG260014,TBD,2026-II,11,2026-10-27,P
VG260014,TBD,2026-II,12,2026-11-03,P
VG260014,TBD,2026-II,13,2026-11-10,P
VG260014,TBD,2026-II,14,2026-11-17,P
VG260014,TBD,2026-II,15,2026-11-24,P
VG260014,TBD,2026-II,16,2026-12-01,P
VG260014,FIA,2026-II,1,2026-08-19,P
VG260014,FIA,2026-II,2,2026-08-26,P
VG260014,FIA,2026-II,3,2026-09-02,P
VG260014,FIA,2026-II,4,2026-09-09,P
VG260014,FIA,2026-II,5,2026-09-16,P
VG260014,FIA,2026-II,6,2026-09-23,P
VG260014,FIA,2026-II,7,2026-09-30,P
VG260014,FIA,2026-II,8,2026-10-07,P
VG260014,FIA,2026-II,9,2026-10-14,P
VG260014,FIA,2026-II,10,2026-10-21,P
VG260014,FIA,2026-II,11,2026-10-28,P
VG260014,FIA,2026-II,12,2026-11-04,P
VG260014,FIA,2026-II,13,2026-11-11,P
VG260014,FIA,2026-II,14,2026-11-18,P
VG260014,FIA,2026-II,15,2026-11-25,P
VG260014,FIA,2026-II,16,2026-12-02,P
VG260014,SDE,2026-II,1,2026-08-20,P
VG260014,SDE,2026-II,2,2026-08-27,P
VG260014,SDE,2026-II,3,2026-09-03,P
VG260014,SDE,2026-II,4,2026-09-10,P
VG260014,SDE,2026-II,5,2026-09-17,P
VG260014,SDE,2026-II,6,2026-09-24,P
VG260014,SDE,2026-II,7,2026-10-01,P
VG260014,SDE,2026-II,8,2026-10-08,P
VG260014,SDE,2026-II,9,2026-10-15,P
VG260014,SDE,2026-II,10,2026-10-22,P
VG260014,SDE,2026-II,11,2026-10-29,P
VG260014,SDE,2026-II,12,2026-11-05,P
VG260014,SDE,2026-II,13,2026-11-12,P
VG260014,SDE,2026-II,14,2026-11-19,P
VG260014,SDE,2026-II,15,2026-11-26,P
VG260014,SDE,2026-II,16,2026-12-03,P
VG260014,FCS,2026-II,1,2026-08-21,P
VG260014,FCS,2026-II,2,2026-08-28,P
VG260014,FCS,2026-II,3,2026-09-04,P
VG260014,FCS,2026-II,4,2026-09-11,P
VG260014,FCS,2026-II,5,2026-09-18,P
VG260014,FCS,2026-II,6,2026-09-25,P
VG260014,FCS,2026-II,7,2026-10-02,P
VG260014,FCS,2026-II,8,2026-10-09,P
VG260014,FCS,2026-II,9,2026-10-16,P
VG260014,FCS,2026-II,10,2026-10-23,P
VG260014,FCS,2026-II,11,2026-10-30,P
VG260014,FCS,2026-II,12,2026-11-06,P
VG260014,FCS,2026-II,13,2026-11-13,P
VG260014,FCS,2026-II,14,2026-11-20,P
VG260014,FCS,2026-II,15,2026-11-27,P
VG260014,FCS,2026-II,16,2026-12-04,P
VG260014,EIA,2026-II,1,2026-08-17,P
VG260014,EIA,2026-II,2,2026-08-24,P
VG260014,EIA,2026-II,3,2026-08-31,P
VG260014,EIA,2026-II,4,2026-09-07,P
VG260014,EIA,2026-II,5,2026-09-14,P
VG260014,EIA,2026-II,6,2026-09-21,P
VG260014,EIA,2026-II,7,2026-09-28,P
VG260014,EIA,2026-II,8,2026-10-05,P
VG260014,EIA,2026-II,9,2026-10-12,P
VG260014,EIA,2026-II,10,2026-10-19,P
VG260014,EIA,2026-II,11,2026-10-26,P
VG260014,EIA,2026-II,12,2026-11-02,P
VG260014,EIA,2026-II,13,2026-11-09,P
VG260014,EIA,2026-II,14,2026-11-16,P
VG260014,EIA,2026-II,15,2026-11-23,P
VG260014,EIA,2026-II,16,2026-11-30,P
VG260014,CII,2026-II,1,2026-08-18,P
VG260014,CII,2026-II,2,2026-08-25,P
VG260014,CII,2026-II,3,2026-09-01,P
VG260014,CII,2026-II,4,2026-09-08,P
VG260014,CII,2026-II,5,2026-09-15,P
VG260014,CII,2026-II,6,2026-09-22,T
VG260014,CII,2026-II,7,2026-09-29,P
VG260014,CII,2026-II,8,2026-10-06,P
VG260014,CII,2026-II,9,2026-10-13,P
VG260014,CII,2026-II,10,2026-10-20,P
VG260014,CII,2026-II,11,2026-10-27,P
VG260014,CII,2026-II,12,2026-11-03,P
VG260014,CII,2026-II,13,2026-11-10,P
VG260014,CII,2026-II,14,2026-11-17,P
VG260014,CII,2026-II,15,2026-11-24,F
VG260014,CII,2026-II,16,2026-12-01,P
VG260014,EIT,2026-II,1,2026-08-19,P
VG260014,EIT,2026-II,2,2026-08-26,P
VG260014,EIT,2026-II,3,2026-09-02,P
VG260014,EIT,2026-II,4,2026-09-09,P
VG260014,EIT,2026-II,5,2026-09-16,P
VG260014,EIT,2026-II,6,2026-09-23,P
VG260014,EIT,2026-II,7,2026-09-30,P
VG260014,EIT,2026-II,8,2026-10-07,T
VG260014,EIT,2026-II,9,2026-10-14,P
VG260014,EIT,2026-II,10,2026-10-21,F
VG260014,EIT,2026-II,11,2026-10-28,P
VG260014,EIT,2026-II,12,2026-11-04,P
VG260014,EIT,2026-II,13,2026-11-11,P
VG260014,EIT,2026-II,14,2026-11-18,P
VG260014,EIT,2026-II,15,2026-11-25,P
VG260014,EIT,2026-II,16,2026-12-02,P
VG260014,EFSRT5,2026-II,1,2026-08-20,P
VG260014,EFSRT5,2026-II,2,2026-08-27,T
VG260014,EFSRT5,2026-II,3,2026-09-03,P
VG260014,EFSRT5,2026-II,4,2026-09-10,P
VG260014,EFSRT5,2026-II,5,2026-09-17,P
VG260014,EFSRT5,2026-II,6,2026-09-24,T
VG260014,EFSRT5,2026-II,7,2026-10-01,P
VG260014,EFSRT5,2026-II,8,2026-10-08,P
VG260014,EFSRT5,2026-II,9,2026-10-15,P
VG260014,EFSRT5,2026-II,10,2026-10-22,P
VG260014,EFSRT5,2026-II,11,2026-10-29,T
VG260014,EFSRT5,2026-II,12,2026-11-05,P
VG260014,EFSRT5,2026-II,13,2026-11-12,P
VG260014,EFSRT5,2026-II,14,2026-11-19,P
VG260014,EFSRT5,2026-II,15,2026-11-26,P
VG260014,EFSRT5,2026-II,16,2026-12-03,P
VG260015,APS,2026-II,1,2026-08-17,P
VG260015,APS,2026-II,2,2026-08-24,P
VG260015,APS,2026-II,3,2026-08-31,P
VG260015,APS,2026-II,4,2026-09-07,P
VG260015,APS,2026-II,5,2026-09-14,P
VG260015,APS,2026-II,6,2026-09-21,P
VG260015,APS,2026-II,7,2026-09-28,P
VG260015,APS,2026-II,8,2026-10-05,P
VG260015,APS,2026-II,9,2026-10-12,P
VG260015,APS,2026-II,10,2026-10-19,P
VG260015,APS,2026-II,11,2026-10-26,P
VG260015,APS,2026-II,12,2026-11-02,P
VG260015,APS,2026-II,13,2026-11-09,T
VG260015,APS,2026-II,14,2026-11-16,P
VG260015,APS,2026-II,15,2026-11-23,P
VG260015,APS,2026-II,16,2026-11-30,T
VG260015,TBD,2026-II,1,2026-08-18,P
VG260015,TBD,2026-II,2,2026-08-25,P
VG260015,TBD,2026-II,3,2026-09-01,P
VG260015,TBD,2026-II,4,2026-09-08,T
VG260015,TBD,2026-II,5,2026-09-15,P
VG260015,TBD,2026-II,6,2026-09-22,P
VG260015,TBD,2026-II,7,2026-09-29,P
VG260015,TBD,2026-II,8,2026-10-06,P
VG260015,TBD,2026-II,9,2026-10-13,P
VG260015,TBD,2026-II,10,2026-10-20,P
VG260015,TBD,2026-II,11,2026-10-27,T
VG260015,TBD,2026-II,12,2026-11-03,P
VG260015,TBD,2026-II,13,2026-11-10,P
VG260015,TBD,2026-II,14,2026-11-17,P
VG260015,TBD,2026-II,15,2026-11-24,F
VG260015,TBD,2026-II,16,2026-12-01,P
VG260015,FIA,2026-II,1,2026-08-19,P
VG260015,FIA,2026-II,2,2026-08-26,P
VG260015,FIA,2026-II,3,2026-09-02,P
VG260015,FIA,2026-II,4,2026-09-09,F
VG260015,FIA,2026-II,5,2026-09-16,P
VG260015,FIA,2026-II,6,2026-09-23,P
VG260015,FIA,2026-II,7,2026-09-30,P
VG260015,FIA,2026-II,8,2026-10-07,P
VG260015,FIA,2026-II,9,2026-10-14,P
VG260015,FIA,2026-II,10,2026-10-21,P
VG260015,FIA,2026-II,11,2026-10-28,P
VG260015,FIA,2026-II,12,2026-11-04,P
VG260015,FIA,2026-II,13,2026-11-11,P
VG260015,FIA,2026-II,14,2026-11-18,P
VG260015,FIA,2026-II,15,2026-11-25,F
VG260015,FIA,2026-II,16,2026-12-02,P
VG260015,SDE,2026-II,1,2026-08-20,P
VG260015,SDE,2026-II,2,2026-08-27,T
VG260015,SDE,2026-II,3,2026-09-03,P
VG260015,SDE,2026-II,4,2026-09-10,P
VG260015,SDE,2026-II,5,2026-09-17,P
VG260015,SDE,2026-II,6,2026-09-24,P
VG260015,SDE,2026-II,7,2026-10-01,P
VG260015,SDE,2026-II,8,2026-10-08,P
VG260015,SDE,2026-II,9,2026-10-15,P
VG260015,SDE,2026-II,10,2026-10-22,P
VG260015,SDE,2026-II,11,2026-10-29,P
VG260015,SDE,2026-II,12,2026-11-05,P
VG260015,SDE,2026-II,13,2026-11-12,P
VG260015,SDE,2026-II,14,2026-11-19,P
VG260015,SDE,2026-II,15,2026-11-26,P
VG260015,SDE,2026-II,16,2026-12-03,P
VG260015,FCS,2026-II,1,2026-08-21,P
VG260015,FCS,2026-II,2,2026-08-28,F
VG260015,FCS,2026-II,3,2026-09-04,F
VG260015,FCS,2026-II,4,2026-09-11,P
VG260015,FCS,2026-II,5,2026-09-18,P
VG260015,FCS,2026-II,6,2026-09-25,J
VG260015,FCS,2026-II,7,2026-10-02,P
VG260015,FCS,2026-II,8,2026-10-09,P
VG260015,FCS,2026-II,9,2026-10-16,P
VG260015,FCS,2026-II,10,2026-10-23,P
VG260015,FCS,2026-II,11,2026-10-30,P
VG260015,FCS,2026-II,12,2026-11-06,P
VG260015,FCS,2026-II,13,2026-11-13,P
VG260015,FCS,2026-II,14,2026-11-20,P
VG260015,FCS,2026-II,15,2026-11-27,P
VG260015,FCS,2026-II,16,2026-12-04,P
VG260015,EIA,2026-II,1,2026-08-17,F
VG260015,EIA,2026-II,2,2026-08-24,P
VG260015,EIA,2026-II,3,2026-08-31,P
VG260015,EIA,2026-II,4,2026-09-07,P
VG260015,EIA,2026-II,5,2026-09-14,P
VG260015,EIA,2026-II,6,2026-09-21,T
VG260015,EIA,2026-II,7,2026-09-28,P
VG260015,EIA,2026-II,8,2026-10-05,P
VG260015,EIA,2026-II,9,2026-10-12,P
VG260015,EIA,2026-II,10,2026-10-19,P
VG260015,EIA,2026-II,11,2026-10-26,P
VG260015,EIA,2026-II,12,2026-11-02,T
VG260015,EIA,2026-II,13,2026-11-09,F
VG260015,EIA,2026-II,14,2026-11-16,P
VG260015,EIA,2026-II,15,2026-11-23,F
VG260015,EIA,2026-II,16,2026-11-30,P
VG260015,CII,2026-II,1,2026-08-18,P
VG260015,CII,2026-II,2,2026-08-25,P
VG260015,CII,2026-II,3,2026-09-01,P
VG260015,CII,2026-II,4,2026-09-08,F
VG260015,CII,2026-II,5,2026-09-15,P
VG260015,CII,2026-II,6,2026-09-22,P
VG260015,CII,2026-II,7,2026-09-29,P
VG260015,CII,2026-II,8,2026-10-06,P
VG260015,CII,2026-II,9,2026-10-13,P
VG260015,CII,2026-II,10,2026-10-20,P
VG260015,CII,2026-II,11,2026-10-27,P
VG260015,CII,2026-II,12,2026-11-03,T
VG260015,CII,2026-II,13,2026-11-10,P
VG260015,CII,2026-II,14,2026-11-17,P
VG260015,CII,2026-II,15,2026-11-24,P
VG260015,CII,2026-II,16,2026-12-01,P
VG260015,EIT,2026-II,1,2026-08-19,P
VG260015,EIT,2026-II,2,2026-08-26,P
VG260015,EIT,2026-II,3,2026-09-02,P
VG260015,EIT,2026-II,4,2026-09-09,P
VG260015,EIT,2026-II,5,2026-09-16,P
VG260015,EIT,2026-II,6,2026-09-23,P
VG260015,EIT,2026-II,7,2026-09-30,P
VG260015,EIT,2026-II,8,2026-10-07,T
VG260015,EIT,2026-II,9,2026-10-14,P
VG260015,EIT,2026-II,10,2026-10-21,T
VG260015,EIT,2026-II,11,2026-10-28,P
VG260015,EIT,2026-II,12,2026-11-04,P
VG260015,EIT,2026-II,13,2026-11-11,T
VG260015,EIT,2026-II,14,2026-11-18,P
VG260015,EIT,2026-II,15,2026-11-25,P
VG260015,EIT,2026-II,16,2026-12-02,P
VG260015,EFSRT5,2026-II,1,2026-08-20,P
VG260015,EFSRT5,2026-II,2,2026-08-27,P
VG260015,EFSRT5,2026-II,3,2026-09-03,J
VG260015,EFSRT5,2026-II,4,2026-09-10,P
VG260015,EFSRT5,2026-II,5,2026-09-17,P
VG260015,EFSRT5,2026-II,6,2026-09-24,P
VG260015,EFSRT5,2026-II,7,2026-10-01,P
VG260015,EFSRT5,2026-II,8,2026-10-08,P
VG260015,EFSRT5,2026-II,9,2026-10-15,F
VG260015,EFSRT5,2026-II,10,2026-10-22,P
VG260015,EFSRT5,2026-II,11,2026-10-29,P
VG260015,EFSRT5,2026-II,12,2026-11-05,P
VG260015,EFSRT5,2026-II,13,2026-11-12,T
VG260015,EFSRT5,2026-II,14,2026-11-19,F
VG260015,EFSRT5,2026-II,15,2026-11-26,P
VG260015,EFSRT5,2026-II,16,2026-12-03,P
VG260016,APS,2026-II,1,2026-08-17,P
VG260016,APS,2026-II,2,2026-08-24,P
VG260016,APS,2026-II,3,2026-08-31,P
VG260016,APS,2026-II,4,2026-09-07,F
VG260016,APS,2026-II,5,2026-09-14,F
VG260016,APS,2026-II,6,2026-09-21,P
VG260016,APS,2026-II,7,2026-09-28,F
VG260016,APS,2026-II,8,2026-10-05,P
VG260016,APS,2026-II,9,2026-10-12,P
VG260016,APS,2026-II,10,2026-10-19,P
VG260016,APS,2026-II,11,2026-10-26,P
VG260016,APS,2026-II,12,2026-11-02,P
VG260016,APS,2026-II,13,2026-11-09,P
VG260016,APS,2026-II,14,2026-11-16,F
VG260016,APS,2026-II,15,2026-11-23,P
VG260016,APS,2026-II,16,2026-11-30,P
VG260016,TBD,2026-II,1,2026-08-18,P
VG260016,TBD,2026-II,2,2026-08-25,F
VG260016,TBD,2026-II,3,2026-09-01,P
VG260016,TBD,2026-II,4,2026-09-08,P
VG260016,TBD,2026-II,5,2026-09-15,P
VG260016,TBD,2026-II,6,2026-09-22,P
VG260016,TBD,2026-II,7,2026-09-29,P
VG260016,TBD,2026-II,8,2026-10-06,P
VG260016,TBD,2026-II,9,2026-10-13,P
VG260016,TBD,2026-II,10,2026-10-20,F
VG260016,TBD,2026-II,11,2026-10-27,P
VG260016,TBD,2026-II,12,2026-11-03,P
VG260016,TBD,2026-II,13,2026-11-10,P
VG260016,TBD,2026-II,14,2026-11-17,J
VG260016,TBD,2026-II,15,2026-11-24,P
VG260016,TBD,2026-II,16,2026-12-01,P
VG260016,FIA,2026-II,1,2026-08-19,P
VG260016,FIA,2026-II,2,2026-08-26,P
VG260016,FIA,2026-II,3,2026-09-02,P
VG260016,FIA,2026-II,4,2026-09-09,P
VG260016,FIA,2026-II,5,2026-09-16,T
VG260016,FIA,2026-II,6,2026-09-23,P
VG260016,FIA,2026-II,7,2026-09-30,F
VG260016,FIA,2026-II,8,2026-10-07,F
VG260016,FIA,2026-II,9,2026-10-14,P
VG260016,FIA,2026-II,10,2026-10-21,P
VG260016,FIA,2026-II,11,2026-10-28,P
VG260016,FIA,2026-II,12,2026-11-04,P
VG260016,FIA,2026-II,13,2026-11-11,P
VG260016,FIA,2026-II,14,2026-11-18,F
VG260016,FIA,2026-II,15,2026-11-25,P
VG260016,FIA,2026-II,16,2026-12-02,P
VG260016,SDE,2026-II,1,2026-08-20,P
VG260016,SDE,2026-II,2,2026-08-27,P
VG260016,SDE,2026-II,3,2026-09-03,T
VG260016,SDE,2026-II,4,2026-09-10,P
VG260016,SDE,2026-II,5,2026-09-17,P
VG260016,SDE,2026-II,6,2026-09-24,P
VG260016,SDE,2026-II,7,2026-10-01,P
VG260016,SDE,2026-II,8,2026-10-08,P
VG260016,SDE,2026-II,9,2026-10-15,P
VG260016,SDE,2026-II,10,2026-10-22,P
VG260016,SDE,2026-II,11,2026-10-29,P
VG260016,SDE,2026-II,12,2026-11-05,P
VG260016,SDE,2026-II,13,2026-11-12,P
VG260016,SDE,2026-II,14,2026-11-19,P
VG260016,SDE,2026-II,15,2026-11-26,J
VG260016,SDE,2026-II,16,2026-12-03,P
VG260016,FCS,2026-II,1,2026-08-21,P
VG260016,FCS,2026-II,2,2026-08-28,P
VG260016,FCS,2026-II,3,2026-09-04,F
VG260016,FCS,2026-II,4,2026-09-11,P
VG260016,FCS,2026-II,5,2026-09-18,P
VG260016,FCS,2026-II,6,2026-09-25,P
VG260016,FCS,2026-II,7,2026-10-02,P
VG260016,FCS,2026-II,8,2026-10-09,P
VG260016,FCS,2026-II,9,2026-10-16,P
VG260016,FCS,2026-II,10,2026-10-23,T
VG260016,FCS,2026-II,11,2026-10-30,P
VG260016,FCS,2026-II,12,2026-11-06,P
VG260016,FCS,2026-II,13,2026-11-13,F
VG260016,FCS,2026-II,14,2026-11-20,P
VG260016,FCS,2026-II,15,2026-11-27,P
VG260016,FCS,2026-II,16,2026-12-04,P
VG260016,EIA,2026-II,1,2026-08-17,P
VG260016,EIA,2026-II,2,2026-08-24,P
VG260016,EIA,2026-II,3,2026-08-31,J
VG260016,EIA,2026-II,4,2026-09-07,F
VG260016,EIA,2026-II,5,2026-09-14,P
VG260016,EIA,2026-II,6,2026-09-21,F
VG260016,EIA,2026-II,7,2026-09-28,P
VG260016,EIA,2026-II,8,2026-10-05,T
VG260016,EIA,2026-II,9,2026-10-12,P
VG260016,EIA,2026-II,10,2026-10-19,P
VG260016,EIA,2026-II,11,2026-10-26,P
VG260016,EIA,2026-II,12,2026-11-02,P
VG260016,EIA,2026-II,13,2026-11-09,P
VG260016,EIA,2026-II,14,2026-11-16,P
VG260016,EIA,2026-II,15,2026-11-23,F
VG260016,EIA,2026-II,16,2026-11-30,P
VG260016,CII,2026-II,1,2026-08-18,P
VG260016,CII,2026-II,2,2026-08-25,F
VG260016,CII,2026-II,3,2026-09-01,P
VG260016,CII,2026-II,4,2026-09-08,P
VG260016,CII,2026-II,5,2026-09-15,P
VG260016,CII,2026-II,6,2026-09-22,T
VG260016,CII,2026-II,7,2026-09-29,P
VG260016,CII,2026-II,8,2026-10-06,P
VG260016,CII,2026-II,9,2026-10-13,P
VG260016,CII,2026-II,10,2026-10-20,P
VG260016,CII,2026-II,11,2026-10-27,P
VG260016,CII,2026-II,12,2026-11-03,P
VG260016,CII,2026-II,13,2026-11-10,P
VG260016,CII,2026-II,14,2026-11-17,T
VG260016,CII,2026-II,15,2026-11-24,P
VG260016,CII,2026-II,16,2026-12-01,P
VG260016,EIT,2026-II,1,2026-08-19,P
VG260016,EIT,2026-II,2,2026-08-26,P
VG260016,EIT,2026-II,3,2026-09-02,P
VG260016,EIT,2026-II,4,2026-09-09,F
VG260016,EIT,2026-II,5,2026-09-16,P
VG260016,EIT,2026-II,6,2026-09-23,T
VG260016,EIT,2026-II,7,2026-09-30,P
VG260016,EIT,2026-II,8,2026-10-07,P
VG260016,EIT,2026-II,9,2026-10-14,P
VG260016,EIT,2026-II,10,2026-10-21,P
VG260016,EIT,2026-II,11,2026-10-28,P
VG260016,EIT,2026-II,12,2026-11-04,P
VG260016,EIT,2026-II,13,2026-11-11,P
VG260016,EIT,2026-II,14,2026-11-18,P
VG260016,EIT,2026-II,15,2026-11-25,P
VG260016,EIT,2026-II,16,2026-12-02,F
VG260016,EFSRT5,2026-II,1,2026-08-20,P
VG260016,EFSRT5,2026-II,2,2026-08-27,F
VG260016,EFSRT5,2026-II,3,2026-09-03,P
VG260016,EFSRT5,2026-II,4,2026-09-10,T
VG260016,EFSRT5,2026-II,5,2026-09-17,F
VG260016,EFSRT5,2026-II,6,2026-09-24,P
VG260016,EFSRT5,2026-II,7,2026-10-01,P
VG260016,EFSRT5,2026-II,8,2026-10-08,J
VG260016,EFSRT5,2026-II,9,2026-10-15,P
VG260016,EFSRT5,2026-II,10,2026-10-22,P
VG260016,EFSRT5,2026-II,11,2026-10-29,P
VG260016,EFSRT5,2026-II,12,2026-11-05,P
VG260016,EFSRT5,2026-II,13,2026-11-12,F
VG260016,EFSRT5,2026-II,14,2026-11-19,P
VG260016,EFSRT5,2026-II,15,2026-11-26,P
VG260016,EFSRT5,2026-II,16,2026-12-03,P
VG260017,APS,2026-II,1,2026-08-17,P
VG260017,APS,2026-II,2,2026-08-24,P
VG260017,APS,2026-II,3,2026-08-31,P
VG260017,APS,2026-II,4,2026-09-07,P
VG260017,APS,2026-II,5,2026-09-14,P
VG260017,APS,2026-II,6,2026-09-21,P
VG260017,APS,2026-II,7,2026-09-28,P
VG260017,APS,2026-II,8,2026-10-05,P
VG260017,APS,2026-II,9,2026-10-12,P
VG260017,APS,2026-II,10,2026-10-19,P
VG260017,APS,2026-II,11,2026-10-26,P
VG260017,APS,2026-II,12,2026-11-02,P
VG260017,APS,2026-II,13,2026-11-09,P
VG260017,APS,2026-II,14,2026-11-16,P
VG260017,APS,2026-II,15,2026-11-23,P
VG260017,APS,2026-II,16,2026-11-30,P
VG260017,TBD,2026-II,1,2026-08-18,P
VG260017,TBD,2026-II,2,2026-08-25,P
VG260017,TBD,2026-II,3,2026-09-01,P
VG260017,TBD,2026-II,4,2026-09-08,P
VG260017,TBD,2026-II,5,2026-09-15,P
VG260017,TBD,2026-II,6,2026-09-22,P
VG260017,TBD,2026-II,7,2026-09-29,P
VG260017,TBD,2026-II,8,2026-10-06,P
VG260017,TBD,2026-II,9,2026-10-13,P
VG260017,TBD,2026-II,10,2026-10-20,P
VG260017,TBD,2026-II,11,2026-10-27,P
VG260017,TBD,2026-II,12,2026-11-03,P
VG260017,TBD,2026-II,13,2026-11-10,P
VG260017,TBD,2026-II,14,2026-11-17,P
VG260017,TBD,2026-II,15,2026-11-24,P
VG260017,TBD,2026-II,16,2026-12-01,P
VG260017,FIA,2026-II,1,2026-08-19,P
VG260017,FIA,2026-II,2,2026-08-26,P
VG260017,FIA,2026-II,3,2026-09-02,P
VG260017,FIA,2026-II,4,2026-09-09,P
VG260017,FIA,2026-II,5,2026-09-16,P
VG260017,FIA,2026-II,6,2026-09-23,P
VG260017,FIA,2026-II,7,2026-09-30,P
VG260017,FIA,2026-II,8,2026-10-07,P
VG260017,FIA,2026-II,9,2026-10-14,P
VG260017,FIA,2026-II,10,2026-10-21,P
VG260017,FIA,2026-II,11,2026-10-28,P
VG260017,FIA,2026-II,12,2026-11-04,P
VG260017,FIA,2026-II,13,2026-11-11,P
VG260017,FIA,2026-II,14,2026-11-18,P
VG260017,FIA,2026-II,15,2026-11-25,P
VG260017,FIA,2026-II,16,2026-12-02,P
VG260017,SDE,2026-II,1,2026-08-20,P
VG260017,SDE,2026-II,2,2026-08-27,T
VG260017,SDE,2026-II,3,2026-09-03,P
VG260017,SDE,2026-II,4,2026-09-10,P
VG260017,SDE,2026-II,5,2026-09-17,P
VG260017,SDE,2026-II,6,2026-09-24,P
VG260017,SDE,2026-II,7,2026-10-01,P
VG260017,SDE,2026-II,8,2026-10-08,P
VG260017,SDE,2026-II,9,2026-10-15,P
VG260017,SDE,2026-II,10,2026-10-22,P
VG260017,SDE,2026-II,11,2026-10-29,P
VG260017,SDE,2026-II,12,2026-11-05,P
VG260017,SDE,2026-II,13,2026-11-12,P
VG260017,SDE,2026-II,14,2026-11-19,P
VG260017,SDE,2026-II,15,2026-11-26,P
VG260017,SDE,2026-II,16,2026-12-03,P
VG260017,FCS,2026-II,1,2026-08-21,T
VG260017,FCS,2026-II,2,2026-08-28,P
VG260017,FCS,2026-II,3,2026-09-04,P
VG260017,FCS,2026-II,4,2026-09-11,P
VG260017,FCS,2026-II,5,2026-09-18,T
VG260017,FCS,2026-II,6,2026-09-25,P
VG260017,FCS,2026-II,7,2026-10-02,P
VG260017,FCS,2026-II,8,2026-10-09,P
VG260017,FCS,2026-II,9,2026-10-16,P
VG260017,FCS,2026-II,10,2026-10-23,P
VG260017,FCS,2026-II,11,2026-10-30,P
VG260017,FCS,2026-II,12,2026-11-06,P
VG260017,FCS,2026-II,13,2026-11-13,P
VG260017,FCS,2026-II,14,2026-11-20,P
VG260017,FCS,2026-II,15,2026-11-27,P
VG260017,FCS,2026-II,16,2026-12-04,T
VG260017,EIA,2026-II,1,2026-08-17,P
VG260017,EIA,2026-II,2,2026-08-24,P
VG260017,EIA,2026-II,3,2026-08-31,P
VG260017,EIA,2026-II,4,2026-09-07,P
VG260017,EIA,2026-II,5,2026-09-14,P
VG260017,EIA,2026-II,6,2026-09-21,P
VG260017,EIA,2026-II,7,2026-09-28,P
VG260017,EIA,2026-II,8,2026-10-05,P
VG260017,EIA,2026-II,9,2026-10-12,P
VG260017,EIA,2026-II,10,2026-10-19,P
VG260017,EIA,2026-II,11,2026-10-26,P
VG260017,EIA,2026-II,12,2026-11-02,P
VG260017,EIA,2026-II,13,2026-11-09,P
VG260017,EIA,2026-II,14,2026-11-16,P
VG260017,EIA,2026-II,15,2026-11-23,P
VG260017,EIA,2026-II,16,2026-11-30,P
VG260017,CII,2026-II,1,2026-08-18,P
VG260017,CII,2026-II,2,2026-08-25,P
VG260017,CII,2026-II,3,2026-09-01,P
VG260017,CII,2026-II,4,2026-09-08,T
VG260017,CII,2026-II,5,2026-09-15,P
VG260017,CII,2026-II,6,2026-09-22,P
VG260017,CII,2026-II,7,2026-09-29,P
VG260017,CII,2026-II,8,2026-10-06,P
VG260017,CII,2026-II,9,2026-10-13,P
VG260017,CII,2026-II,10,2026-10-20,P
VG260017,CII,2026-II,11,2026-10-27,P
VG260017,CII,2026-II,12,2026-11-03,P
VG260017,CII,2026-II,13,2026-11-10,P
VG260017,CII,2026-II,14,2026-11-17,P
VG260017,CII,2026-II,15,2026-11-24,P
VG260017,CII,2026-II,16,2026-12-01,P
VG260017,EIT,2026-II,1,2026-08-19,T
VG260017,EIT,2026-II,2,2026-08-26,P
VG260017,EIT,2026-II,3,2026-09-02,P
VG260017,EIT,2026-II,4,2026-09-09,P
VG260017,EIT,2026-II,5,2026-09-16,P
VG260017,EIT,2026-II,6,2026-09-23,P
VG260017,EIT,2026-II,7,2026-09-30,T
VG260017,EIT,2026-II,8,2026-10-07,P
VG260017,EIT,2026-II,9,2026-10-14,P
VG260017,EIT,2026-II,10,2026-10-21,P
VG260017,EIT,2026-II,11,2026-10-28,P
VG260017,EIT,2026-II,12,2026-11-04,P
VG260017,EIT,2026-II,13,2026-11-11,T
VG260017,EIT,2026-II,14,2026-11-18,P
VG260017,EIT,2026-II,15,2026-11-25,P
VG260017,EIT,2026-II,16,2026-12-02,P
VG260017,EFSRT5,2026-II,1,2026-08-20,P
VG260017,EFSRT5,2026-II,2,2026-08-27,P
VG260017,EFSRT5,2026-II,3,2026-09-03,P
VG260017,EFSRT5,2026-II,4,2026-09-10,P
VG260017,EFSRT5,2026-II,5,2026-09-17,P
VG260017,EFSRT5,2026-II,6,2026-09-24,P
VG260017,EFSRT5,2026-II,7,2026-10-01,P
VG260017,EFSRT5,2026-II,8,2026-10-08,P
VG260017,EFSRT5,2026-II,9,2026-10-15,P
VG260017,EFSRT5,2026-II,10,2026-10-22,P
VG260017,EFSRT5,2026-II,11,2026-10-29,P
VG260017,EFSRT5,2026-II,12,2026-11-05,P
VG260017,EFSRT5,2026-II,13,2026-11-12,P
VG260017,EFSRT5,2026-II,14,2026-11-19,P
VG260017,EFSRT5,2026-II,15,2026-11-26,P
VG260017,EFSRT5,2026-II,16,2026-12-03,P
VG260018,APS,2026-II,1,2026-08-17,P
VG260018,APS,2026-II,2,2026-08-24,J
VG260018,APS,2026-II,3,2026-08-31,P
VG260018,APS,2026-II,4,2026-09-07,P
VG260018,APS,2026-II,5,2026-09-14,P
VG260018,APS,2026-II,6,2026-09-21,P
VG260018,APS,2026-II,7,2026-09-28,P
VG260018,APS,2026-II,8,2026-10-05,F
VG260018,APS,2026-II,9,2026-10-12,F
VG260018,APS,2026-II,10,2026-10-19,F
VG260018,APS,2026-II,11,2026-10-26,P
VG260018,APS,2026-II,12,2026-11-02,F
VG260018,APS,2026-II,13,2026-11-09,P
VG260018,APS,2026-II,14,2026-11-16,P
VG260018,APS,2026-II,15,2026-11-23,P
VG260018,APS,2026-II,16,2026-11-30,P
VG260018,TBD,2026-II,1,2026-08-18,P
VG260018,TBD,2026-II,2,2026-08-25,P
VG260018,TBD,2026-II,3,2026-09-01,P
VG260018,TBD,2026-II,4,2026-09-08,P
VG260018,TBD,2026-II,5,2026-09-15,P
VG260018,TBD,2026-II,6,2026-09-22,F
VG260018,TBD,2026-II,7,2026-09-29,F
VG260018,TBD,2026-II,8,2026-10-06,T
VG260018,TBD,2026-II,9,2026-10-13,P
VG260018,TBD,2026-II,10,2026-10-20,P
VG260018,TBD,2026-II,11,2026-10-27,F
VG260018,TBD,2026-II,12,2026-11-03,P
VG260018,TBD,2026-II,13,2026-11-10,P
VG260018,TBD,2026-II,14,2026-11-17,F
VG260018,TBD,2026-II,15,2026-11-24,P
VG260018,TBD,2026-II,16,2026-12-01,P
VG260018,FIA,2026-II,1,2026-08-19,P
VG260018,FIA,2026-II,2,2026-08-26,P
VG260018,FIA,2026-II,3,2026-09-02,P
VG260018,FIA,2026-II,4,2026-09-09,P
VG260018,FIA,2026-II,5,2026-09-16,P
VG260018,FIA,2026-II,6,2026-09-23,P
VG260018,FIA,2026-II,7,2026-09-30,P
VG260018,FIA,2026-II,8,2026-10-07,F
VG260018,FIA,2026-II,9,2026-10-14,P
VG260018,FIA,2026-II,10,2026-10-21,P
VG260018,FIA,2026-II,11,2026-10-28,P
VG260018,FIA,2026-II,12,2026-11-04,P
VG260018,FIA,2026-II,13,2026-11-11,P
VG260018,FIA,2026-II,14,2026-11-18,P
VG260018,FIA,2026-II,15,2026-11-25,J
VG260018,FIA,2026-II,16,2026-12-02,P
VG260018,SDE,2026-II,1,2026-08-20,P
VG260018,SDE,2026-II,2,2026-08-27,P
VG260018,SDE,2026-II,3,2026-09-03,P
VG260018,SDE,2026-II,4,2026-09-10,P
VG260018,SDE,2026-II,5,2026-09-17,P
VG260018,SDE,2026-II,6,2026-09-24,P
VG260018,SDE,2026-II,7,2026-10-01,P
VG260018,SDE,2026-II,8,2026-10-08,P
VG260018,SDE,2026-II,9,2026-10-15,F
VG260018,SDE,2026-II,10,2026-10-22,P
VG260018,SDE,2026-II,11,2026-10-29,P
VG260018,SDE,2026-II,12,2026-11-05,F
VG260018,SDE,2026-II,13,2026-11-12,F
VG260018,SDE,2026-II,14,2026-11-19,J
VG260018,SDE,2026-II,15,2026-11-26,P
VG260018,SDE,2026-II,16,2026-12-03,P
VG260018,FCS,2026-II,1,2026-08-21,P
VG260018,FCS,2026-II,2,2026-08-28,P
VG260018,FCS,2026-II,3,2026-09-04,P
VG260018,FCS,2026-II,4,2026-09-11,F
VG260018,FCS,2026-II,5,2026-09-18,P
VG260018,FCS,2026-II,6,2026-09-25,F
VG260018,FCS,2026-II,7,2026-10-02,F
VG260018,FCS,2026-II,8,2026-10-09,P
VG260018,FCS,2026-II,9,2026-10-16,P
VG260018,FCS,2026-II,10,2026-10-23,F
VG260018,FCS,2026-II,11,2026-10-30,J
VG260018,FCS,2026-II,12,2026-11-06,P
VG260018,FCS,2026-II,13,2026-11-13,P
VG260018,FCS,2026-II,14,2026-11-20,P
VG260018,FCS,2026-II,15,2026-11-27,P
VG260018,FCS,2026-II,16,2026-12-04,P
VG260018,EIA,2026-II,1,2026-08-17,P
VG260018,EIA,2026-II,2,2026-08-24,P
VG260018,EIA,2026-II,3,2026-08-31,T
VG260018,EIA,2026-II,4,2026-09-07,P
VG260018,EIA,2026-II,5,2026-09-14,P
VG260018,EIA,2026-II,6,2026-09-21,P
VG260018,EIA,2026-II,7,2026-09-28,P
VG260018,EIA,2026-II,8,2026-10-05,P
VG260018,EIA,2026-II,9,2026-10-12,P
VG260018,EIA,2026-II,10,2026-10-19,P
VG260018,EIA,2026-II,11,2026-10-26,P
VG260018,EIA,2026-II,12,2026-11-02,F
VG260018,EIA,2026-II,13,2026-11-09,P
VG260018,EIA,2026-II,14,2026-11-16,P
VG260018,EIA,2026-II,15,2026-11-23,P
VG260018,EIA,2026-II,16,2026-11-30,P
VG260018,CII,2026-II,1,2026-08-18,P
VG260018,CII,2026-II,2,2026-08-25,P
VG260018,CII,2026-II,3,2026-09-01,T
VG260018,CII,2026-II,4,2026-09-08,P
VG260018,CII,2026-II,5,2026-09-15,P
VG260018,CII,2026-II,6,2026-09-22,P
VG260018,CII,2026-II,7,2026-09-29,T
VG260018,CII,2026-II,8,2026-10-06,P
VG260018,CII,2026-II,9,2026-10-13,P
VG260018,CII,2026-II,10,2026-10-20,P
VG260018,CII,2026-II,11,2026-10-27,P
VG260018,CII,2026-II,12,2026-11-03,P
VG260018,CII,2026-II,13,2026-11-10,F
VG260018,CII,2026-II,14,2026-11-17,P
VG260018,CII,2026-II,15,2026-11-24,F
VG260018,CII,2026-II,16,2026-12-01,P
VG260018,EIT,2026-II,1,2026-08-19,P
VG260018,EIT,2026-II,2,2026-08-26,P
VG260018,EIT,2026-II,3,2026-09-02,P
VG260018,EIT,2026-II,4,2026-09-09,F
VG260018,EIT,2026-II,5,2026-09-16,P
VG260018,EIT,2026-II,6,2026-09-23,P
VG260018,EIT,2026-II,7,2026-09-30,P
VG260018,EIT,2026-II,8,2026-10-07,P
VG260018,EIT,2026-II,9,2026-10-14,P
VG260018,EIT,2026-II,10,2026-10-21,F
VG260018,EIT,2026-II,11,2026-10-28,T
VG260018,EIT,2026-II,12,2026-11-04,P
VG260018,EIT,2026-II,13,2026-11-11,P
VG260018,EIT,2026-II,14,2026-11-18,P
VG260018,EIT,2026-II,15,2026-11-25,P
VG260018,EIT,2026-II,16,2026-12-02,F
VG260018,EFSRT5,2026-II,1,2026-08-20,P
VG260018,EFSRT5,2026-II,2,2026-08-27,T
VG260018,EFSRT5,2026-II,3,2026-09-03,P
VG260018,EFSRT5,2026-II,4,2026-09-10,P
VG260018,EFSRT5,2026-II,5,2026-09-17,P
VG260018,EFSRT5,2026-II,6,2026-09-24,P
VG260018,EFSRT5,2026-II,7,2026-10-01,P
VG260018,EFSRT5,2026-II,8,2026-10-08,P
VG260018,EFSRT5,2026-II,9,2026-10-15,P
VG260018,EFSRT5,2026-II,10,2026-10-22,T
VG260018,EFSRT5,2026-II,11,2026-10-29,T
VG260018,EFSRT5,2026-II,12,2026-11-05,P
VG260018,EFSRT5,2026-II,13,2026-11-12,P
VG260018,EFSRT5,2026-II,14,2026-11-19,P
VG260018,EFSRT5,2026-II,15,2026-11-26,F
VG260018,EFSRT5,2026-II,16,2026-12-03,P
VG260019,APS,2026-II,1,2026-08-17,P
VG260019,APS,2026-II,2,2026-08-24,P
VG260019,APS,2026-II,3,2026-08-31,T
VG260019,APS,2026-II,4,2026-09-07,P
VG260019,APS,2026-II,5,2026-09-14,P
VG260019,APS,2026-II,6,2026-09-21,P
VG260019,APS,2026-II,7,2026-09-28,P
VG260019,APS,2026-II,8,2026-10-05,P
VG260019,APS,2026-II,9,2026-10-12,P
VG260019,APS,2026-II,10,2026-10-19,F
VG260019,APS,2026-II,11,2026-10-26,P
VG260019,APS,2026-II,12,2026-11-02,P
VG260019,APS,2026-II,13,2026-11-09,P
VG260019,APS,2026-II,14,2026-11-16,P
VG260019,APS,2026-II,15,2026-11-23,P
VG260019,APS,2026-II,16,2026-11-30,T
VG260019,TBD,2026-II,1,2026-08-18,P
VG260019,TBD,2026-II,2,2026-08-25,P
VG260019,TBD,2026-II,3,2026-09-01,P
VG260019,TBD,2026-II,4,2026-09-08,P
VG260019,TBD,2026-II,5,2026-09-15,P
VG260019,TBD,2026-II,6,2026-09-22,P
VG260019,TBD,2026-II,7,2026-09-29,P
VG260019,TBD,2026-II,8,2026-10-06,P
VG260019,TBD,2026-II,9,2026-10-13,T
VG260019,TBD,2026-II,10,2026-10-20,P
VG260019,TBD,2026-II,11,2026-10-27,P
VG260019,TBD,2026-II,12,2026-11-03,P
VG260019,TBD,2026-II,13,2026-11-10,P
VG260019,TBD,2026-II,14,2026-11-17,P
VG260019,TBD,2026-II,15,2026-11-24,P
VG260019,TBD,2026-II,16,2026-12-01,P
VG260019,FIA,2026-II,1,2026-08-19,P
VG260019,FIA,2026-II,2,2026-08-26,P
VG260019,FIA,2026-II,3,2026-09-02,P
VG260019,FIA,2026-II,4,2026-09-09,P
VG260019,FIA,2026-II,5,2026-09-16,P
VG260019,FIA,2026-II,6,2026-09-23,P
VG260019,FIA,2026-II,7,2026-09-30,P
VG260019,FIA,2026-II,8,2026-10-07,P
VG260019,FIA,2026-II,9,2026-10-14,P
VG260019,FIA,2026-II,10,2026-10-21,P
VG260019,FIA,2026-II,11,2026-10-28,P
VG260019,FIA,2026-II,12,2026-11-04,P
VG260019,FIA,2026-II,13,2026-11-11,P
VG260019,FIA,2026-II,14,2026-11-18,P
VG260019,FIA,2026-II,15,2026-11-25,P
VG260019,FIA,2026-II,16,2026-12-02,P
VG260019,SDE,2026-II,1,2026-08-20,P
VG260019,SDE,2026-II,2,2026-08-27,P
VG260019,SDE,2026-II,3,2026-09-03,P
VG260019,SDE,2026-II,4,2026-09-10,P
VG260019,SDE,2026-II,5,2026-09-17,P
VG260019,SDE,2026-II,6,2026-09-24,P
VG260019,SDE,2026-II,7,2026-10-01,P
VG260019,SDE,2026-II,8,2026-10-08,P
VG260019,SDE,2026-II,9,2026-10-15,P
VG260019,SDE,2026-II,10,2026-10-22,P
VG260019,SDE,2026-II,11,2026-10-29,P
VG260019,SDE,2026-II,12,2026-11-05,P
VG260019,SDE,2026-II,13,2026-11-12,P
VG260019,SDE,2026-II,14,2026-11-19,P
VG260019,SDE,2026-II,15,2026-11-26,P
VG260019,SDE,2026-II,16,2026-12-03,P
VG260019,FCS,2026-II,1,2026-08-21,P
VG260019,FCS,2026-II,2,2026-08-28,T
VG260019,FCS,2026-II,3,2026-09-04,T
VG260019,FCS,2026-II,4,2026-09-11,P
VG260019,FCS,2026-II,5,2026-09-18,P
VG260019,FCS,2026-II,6,2026-09-25,P
VG260019,FCS,2026-II,7,2026-10-02,P
VG260019,FCS,2026-II,8,2026-10-09,P
VG260019,FCS,2026-II,9,2026-10-16,P
VG260019,FCS,2026-II,10,2026-10-23,P
VG260019,FCS,2026-II,11,2026-10-30,P
VG260019,FCS,2026-II,12,2026-11-06,P
VG260019,FCS,2026-II,13,2026-11-13,P
VG260019,FCS,2026-II,14,2026-11-20,P
VG260019,FCS,2026-II,15,2026-11-27,P
VG260019,FCS,2026-II,16,2026-12-04,P
VG260019,EIA,2026-II,1,2026-08-17,P
VG260019,EIA,2026-II,2,2026-08-24,P
VG260019,EIA,2026-II,3,2026-08-31,P
VG260019,EIA,2026-II,4,2026-09-07,P
VG260019,EIA,2026-II,5,2026-09-14,P
VG260019,EIA,2026-II,6,2026-09-21,P
VG260019,EIA,2026-II,7,2026-09-28,P
VG260019,EIA,2026-II,8,2026-10-05,P
VG260019,EIA,2026-II,9,2026-10-12,P
VG260019,EIA,2026-II,10,2026-10-19,P
VG260019,EIA,2026-II,11,2026-10-26,P
VG260019,EIA,2026-II,12,2026-11-02,P
VG260019,EIA,2026-II,13,2026-11-09,P
VG260019,EIA,2026-II,14,2026-11-16,P
VG260019,EIA,2026-II,15,2026-11-23,P
VG260019,EIA,2026-II,16,2026-11-30,P
VG260019,CII,2026-II,1,2026-08-18,P
VG260019,CII,2026-II,2,2026-08-25,P
VG260019,CII,2026-II,3,2026-09-01,F
VG260019,CII,2026-II,4,2026-09-08,P
VG260019,CII,2026-II,5,2026-09-15,P
VG260019,CII,2026-II,6,2026-09-22,P
VG260019,CII,2026-II,7,2026-09-29,P
VG260019,CII,2026-II,8,2026-10-06,P
VG260019,CII,2026-II,9,2026-10-13,P
VG260019,CII,2026-II,10,2026-10-20,P
VG260019,CII,2026-II,11,2026-10-27,P
VG260019,CII,2026-II,12,2026-11-03,P
VG260019,CII,2026-II,13,2026-11-10,P
VG260019,CII,2026-II,14,2026-11-17,T
VG260019,CII,2026-II,15,2026-11-24,P
VG260019,CII,2026-II,16,2026-12-01,P
VG260019,EIT,2026-II,1,2026-08-19,P
VG260019,EIT,2026-II,2,2026-08-26,P
VG260019,EIT,2026-II,3,2026-09-02,P
VG260019,EIT,2026-II,4,2026-09-09,P
VG260019,EIT,2026-II,5,2026-09-16,P
VG260019,EIT,2026-II,6,2026-09-23,P
VG260019,EIT,2026-II,7,2026-09-30,P
VG260019,EIT,2026-II,8,2026-10-07,P
VG260019,EIT,2026-II,9,2026-10-14,P
VG260019,EIT,2026-II,10,2026-10-21,T
VG260019,EIT,2026-II,11,2026-10-28,P
VG260019,EIT,2026-II,12,2026-11-04,T
VG260019,EIT,2026-II,13,2026-11-11,P
VG260019,EIT,2026-II,14,2026-11-18,P
VG260019,EIT,2026-II,15,2026-11-25,P
VG260019,EIT,2026-II,16,2026-12-02,P
VG260019,EFSRT5,2026-II,1,2026-08-20,P
VG260019,EFSRT5,2026-II,2,2026-08-27,P
VG260019,EFSRT5,2026-II,3,2026-09-03,P
VG260019,EFSRT5,2026-II,4,2026-09-10,P
VG260019,EFSRT5,2026-II,5,2026-09-17,P
VG260019,EFSRT5,2026-II,6,2026-09-24,P
VG260019,EFSRT5,2026-II,7,2026-10-01,P
VG260019,EFSRT5,2026-II,8,2026-10-08,P
VG260019,EFSRT5,2026-II,9,2026-10-15,T
VG260019,EFSRT5,2026-II,10,2026-10-22,P
VG260019,EFSRT5,2026-II,11,2026-10-29,P
VG260019,EFSRT5,2026-II,12,2026-11-05,P
VG260019,EFSRT5,2026-II,13,2026-11-12,P
VG260019,EFSRT5,2026-II,14,2026-11-19,P
VG260019,EFSRT5,2026-II,15,2026-11-26,P
VG260019,EFSRT5,2026-II,16,2026-12-03,T
VG260020,APS,2026-II,1,2026-08-17,P
VG260020,APS,2026-II,2,2026-08-24,P
VG260020,APS,2026-II,3,2026-08-31,P
VG260020,APS,2026-II,4,2026-09-07,P
VG260020,APS,2026-II,5,2026-09-14,P
VG260020,APS,2026-II,6,2026-09-21,F
VG260020,APS,2026-II,7,2026-09-28,P
VG260020,APS,2026-II,8,2026-10-05,J
VG260020,APS,2026-II,9,2026-10-12,P
VG260020,APS,2026-II,10,2026-10-19,P
VG260020,APS,2026-II,11,2026-10-26,P
VG260020,APS,2026-II,12,2026-11-02,T
VG260020,APS,2026-II,13,2026-11-09,P
VG260020,APS,2026-II,14,2026-11-16,T
VG260020,APS,2026-II,15,2026-11-23,P
VG260020,APS,2026-II,16,2026-11-30,P
VG260020,TBD,2026-II,1,2026-08-18,F
VG260020,TBD,2026-II,2,2026-08-25,P
VG260020,TBD,2026-II,3,2026-09-01,P
VG260020,TBD,2026-II,4,2026-09-08,P
VG260020,TBD,2026-II,5,2026-09-15,P
VG260020,TBD,2026-II,6,2026-09-22,P
VG260020,TBD,2026-II,7,2026-09-29,F
VG260020,TBD,2026-II,8,2026-10-06,P
VG260020,TBD,2026-II,9,2026-10-13,T
VG260020,TBD,2026-II,10,2026-10-20,T
VG260020,TBD,2026-II,11,2026-10-27,P
VG260020,TBD,2026-II,12,2026-11-03,P
VG260020,TBD,2026-II,13,2026-11-10,P
VG260020,TBD,2026-II,14,2026-11-17,P
VG260020,TBD,2026-II,15,2026-11-24,P
VG260020,TBD,2026-II,16,2026-12-01,T
VG260020,FIA,2026-II,1,2026-08-19,P
VG260020,FIA,2026-II,2,2026-08-26,P
VG260020,FIA,2026-II,3,2026-09-02,P
VG260020,FIA,2026-II,4,2026-09-09,P
VG260020,FIA,2026-II,5,2026-09-16,P
VG260020,FIA,2026-II,6,2026-09-23,P
VG260020,FIA,2026-II,7,2026-09-30,P
VG260020,FIA,2026-II,8,2026-10-07,P
VG260020,FIA,2026-II,9,2026-10-14,P
VG260020,FIA,2026-II,10,2026-10-21,P
VG260020,FIA,2026-II,11,2026-10-28,P
VG260020,FIA,2026-II,12,2026-11-04,P
VG260020,FIA,2026-II,13,2026-11-11,P
VG260020,FIA,2026-II,14,2026-11-18,P
VG260020,FIA,2026-II,15,2026-11-25,P
VG260020,FIA,2026-II,16,2026-12-02,F
VG260020,SDE,2026-II,1,2026-08-20,P
VG260020,SDE,2026-II,2,2026-08-27,P
VG260020,SDE,2026-II,3,2026-09-03,P
VG260020,SDE,2026-II,4,2026-09-10,P
VG260020,SDE,2026-II,5,2026-09-17,T
VG260020,SDE,2026-II,6,2026-09-24,J
VG260020,SDE,2026-II,7,2026-10-01,F
VG260020,SDE,2026-II,8,2026-10-08,F
VG260020,SDE,2026-II,9,2026-10-15,P
VG260020,SDE,2026-II,10,2026-10-22,T
VG260020,SDE,2026-II,11,2026-10-29,P
VG260020,SDE,2026-II,12,2026-11-05,P
VG260020,SDE,2026-II,13,2026-11-12,P
VG260020,SDE,2026-II,14,2026-11-19,P
VG260020,SDE,2026-II,15,2026-11-26,P
VG260020,SDE,2026-II,16,2026-12-03,P
VG260020,FCS,2026-II,1,2026-08-21,P
VG260020,FCS,2026-II,2,2026-08-28,P
VG260020,FCS,2026-II,3,2026-09-04,P
VG260020,FCS,2026-II,4,2026-09-11,P
VG260020,FCS,2026-II,5,2026-09-18,P
VG260020,FCS,2026-II,6,2026-09-25,P
VG260020,FCS,2026-II,7,2026-10-02,P
VG260020,FCS,2026-II,8,2026-10-09,P
VG260020,FCS,2026-II,9,2026-10-16,P
VG260020,FCS,2026-II,10,2026-10-23,P
VG260020,FCS,2026-II,11,2026-10-30,P
VG260020,FCS,2026-II,12,2026-11-06,P
VG260020,FCS,2026-II,13,2026-11-13,P
VG260020,FCS,2026-II,14,2026-11-20,P
VG260020,FCS,2026-II,15,2026-11-27,P
VG260020,FCS,2026-II,16,2026-12-04,P
VG260020,EIA,2026-II,1,2026-08-17,P
VG260020,EIA,2026-II,2,2026-08-24,P
VG260020,EIA,2026-II,3,2026-08-31,P
VG260020,EIA,2026-II,4,2026-09-07,P
VG260020,EIA,2026-II,5,2026-09-14,P
VG260020,EIA,2026-II,6,2026-09-21,P
VG260020,EIA,2026-II,7,2026-09-28,P
VG260020,EIA,2026-II,8,2026-10-05,P
VG260020,EIA,2026-II,9,2026-10-12,P
VG260020,EIA,2026-II,10,2026-10-19,P
VG260020,EIA,2026-II,11,2026-10-26,P
VG260020,EIA,2026-II,12,2026-11-02,P
VG260020,EIA,2026-II,13,2026-11-09,F
VG260020,EIA,2026-II,14,2026-11-16,P
VG260020,EIA,2026-II,15,2026-11-23,P
VG260020,EIA,2026-II,16,2026-11-30,P
VG260020,CII,2026-II,1,2026-08-18,P
VG260020,CII,2026-II,2,2026-08-25,P
VG260020,CII,2026-II,3,2026-09-01,P
VG260020,CII,2026-II,4,2026-09-08,P
VG260020,CII,2026-II,5,2026-09-15,P
VG260020,CII,2026-II,6,2026-09-22,P
VG260020,CII,2026-II,7,2026-09-29,P
VG260020,CII,2026-II,8,2026-10-06,P
VG260020,CII,2026-II,9,2026-10-13,P
VG260020,CII,2026-II,10,2026-10-20,P
VG260020,CII,2026-II,11,2026-10-27,P
VG260020,CII,2026-II,12,2026-11-03,P
VG260020,CII,2026-II,13,2026-11-10,P
VG260020,CII,2026-II,14,2026-11-17,P
VG260020,CII,2026-II,15,2026-11-24,P
VG260020,CII,2026-II,16,2026-12-01,P
VG260020,EIT,2026-II,1,2026-08-19,P
VG260020,EIT,2026-II,2,2026-08-26,T
VG260020,EIT,2026-II,3,2026-09-02,P
VG260020,EIT,2026-II,4,2026-09-09,P
VG260020,EIT,2026-II,5,2026-09-16,P
VG260020,EIT,2026-II,6,2026-09-23,T
VG260020,EIT,2026-II,7,2026-09-30,P
VG260020,EIT,2026-II,8,2026-10-07,P
VG260020,EIT,2026-II,9,2026-10-14,F
VG260020,EIT,2026-II,10,2026-10-21,P
VG260020,EIT,2026-II,11,2026-10-28,P
VG260020,EIT,2026-II,12,2026-11-04,P
VG260020,EIT,2026-II,13,2026-11-11,P
VG260020,EIT,2026-II,14,2026-11-18,P
VG260020,EIT,2026-II,15,2026-11-25,P
VG260020,EIT,2026-II,16,2026-12-02,T
VG260020,EFSRT5,2026-II,1,2026-08-20,T
VG260020,EFSRT5,2026-II,2,2026-08-27,P
VG260020,EFSRT5,2026-II,3,2026-09-03,P
VG260020,EFSRT5,2026-II,4,2026-09-10,P
VG260020,EFSRT5,2026-II,5,2026-09-17,P
VG260020,EFSRT5,2026-II,6,2026-09-24,P
VG260020,EFSRT5,2026-II,7,2026-10-01,T
VG260020,EFSRT5,2026-II,8,2026-10-08,T
VG260020,EFSRT5,2026-II,9,2026-10-15,P
VG260020,EFSRT5,2026-II,10,2026-10-22,P
VG260020,EFSRT5,2026-II,11,2026-10-29,P
VG260020,EFSRT5,2026-II,12,2026-11-05,P
VG260020,EFSRT5,2026-II,13,2026-11-12,P
VG260020,EFSRT5,2026-II,14,2026-11-19,F
VG260020,EFSRT5,2026-II,15,2026-11-26,P
VG260020,EFSRT5,2026-II,16,2026-12-03,T
VG260021,APS,2026-II,1,2026-08-17,P
VG260021,APS,2026-II,2,2026-08-24,T
VG260021,APS,2026-II,3,2026-08-31,P
VG260021,APS,2026-II,4,2026-09-07,P
VG260021,APS,2026-II,5,2026-09-14,P
VG260021,APS,2026-II,6,2026-09-21,T
VG260021,APS,2026-II,7,2026-09-28,P
VG260021,APS,2026-II,8,2026-10-05,P
VG260021,APS,2026-II,9,2026-10-12,P
VG260021,APS,2026-II,10,2026-10-19,P
VG260021,APS,2026-II,11,2026-10-26,P
VG260021,APS,2026-II,12,2026-11-02,P
VG260021,APS,2026-II,13,2026-11-09,T
VG260021,APS,2026-II,14,2026-11-16,P
VG260021,APS,2026-II,15,2026-11-23,P
VG260021,APS,2026-II,16,2026-11-30,P
VG260021,TBD,2026-II,1,2026-08-18,P
VG260021,TBD,2026-II,2,2026-08-25,T
VG260021,TBD,2026-II,3,2026-09-01,P
VG260021,TBD,2026-II,4,2026-09-08,P
VG260021,TBD,2026-II,5,2026-09-15,P
VG260021,TBD,2026-II,6,2026-09-22,P
VG260021,TBD,2026-II,7,2026-09-29,T
VG260021,TBD,2026-II,8,2026-10-06,T
VG260021,TBD,2026-II,9,2026-10-13,P
VG260021,TBD,2026-II,10,2026-10-20,P
VG260021,TBD,2026-II,11,2026-10-27,P
VG260021,TBD,2026-II,12,2026-11-03,P
VG260021,TBD,2026-II,13,2026-11-10,P
VG260021,TBD,2026-II,14,2026-11-17,P
VG260021,TBD,2026-II,15,2026-11-24,P
VG260021,TBD,2026-II,16,2026-12-01,P
VG260021,FIA,2026-II,1,2026-08-19,P
VG260021,FIA,2026-II,2,2026-08-26,P
VG260021,FIA,2026-II,3,2026-09-02,F
VG260021,FIA,2026-II,4,2026-09-09,T
VG260021,FIA,2026-II,5,2026-09-16,P
VG260021,FIA,2026-II,6,2026-09-23,F
VG260021,FIA,2026-II,7,2026-09-30,T
VG260021,FIA,2026-II,8,2026-10-07,P
VG260021,FIA,2026-II,9,2026-10-14,P
VG260021,FIA,2026-II,10,2026-10-21,P
VG260021,FIA,2026-II,11,2026-10-28,P
VG260021,FIA,2026-II,12,2026-11-04,F
VG260021,FIA,2026-II,13,2026-11-11,P
VG260021,FIA,2026-II,14,2026-11-18,P
VG260021,FIA,2026-II,15,2026-11-25,T
VG260021,FIA,2026-II,16,2026-12-02,P
VG260021,SDE,2026-II,1,2026-08-20,P
VG260021,SDE,2026-II,2,2026-08-27,P
VG260021,SDE,2026-II,3,2026-09-03,P
VG260021,SDE,2026-II,4,2026-09-10,P
VG260021,SDE,2026-II,5,2026-09-17,P
VG260021,SDE,2026-II,6,2026-09-24,P
VG260021,SDE,2026-II,7,2026-10-01,T
VG260021,SDE,2026-II,8,2026-10-08,P
VG260021,SDE,2026-II,9,2026-10-15,P
VG260021,SDE,2026-II,10,2026-10-22,P
VG260021,SDE,2026-II,11,2026-10-29,P
VG260021,SDE,2026-II,12,2026-11-05,F
VG260021,SDE,2026-II,13,2026-11-12,P
VG260021,SDE,2026-II,14,2026-11-19,P
VG260021,SDE,2026-II,15,2026-11-26,P
VG260021,SDE,2026-II,16,2026-12-03,P
VG260021,FCS,2026-II,1,2026-08-21,T
VG260021,FCS,2026-II,2,2026-08-28,P
VG260021,FCS,2026-II,3,2026-09-04,P
VG260021,FCS,2026-II,4,2026-09-11,P
VG260021,FCS,2026-II,5,2026-09-18,P
VG260021,FCS,2026-II,6,2026-09-25,P
VG260021,FCS,2026-II,7,2026-10-02,P
VG260021,FCS,2026-II,8,2026-10-09,P
VG260021,FCS,2026-II,9,2026-10-16,P
VG260021,FCS,2026-II,10,2026-10-23,P
VG260021,FCS,2026-II,11,2026-10-30,P
VG260021,FCS,2026-II,12,2026-11-06,P
VG260021,FCS,2026-II,13,2026-11-13,P
VG260021,FCS,2026-II,14,2026-11-20,P
VG260021,FCS,2026-II,15,2026-11-27,P
VG260021,FCS,2026-II,16,2026-12-04,P
VG260021,EIA,2026-II,1,2026-08-17,T
VG260021,EIA,2026-II,2,2026-08-24,P
VG260021,EIA,2026-II,3,2026-08-31,P
VG260021,EIA,2026-II,4,2026-09-07,P
VG260021,EIA,2026-II,5,2026-09-14,T
VG260021,EIA,2026-II,6,2026-09-21,P
VG260021,EIA,2026-II,7,2026-09-28,P
VG260021,EIA,2026-II,8,2026-10-05,P
VG260021,EIA,2026-II,9,2026-10-12,P
VG260021,EIA,2026-II,10,2026-10-19,P
VG260021,EIA,2026-II,11,2026-10-26,P
VG260021,EIA,2026-II,12,2026-11-02,P
VG260021,EIA,2026-II,13,2026-11-09,P
VG260021,EIA,2026-II,14,2026-11-16,P
VG260021,EIA,2026-II,15,2026-11-23,T
VG260021,EIA,2026-II,16,2026-11-30,P
VG260021,CII,2026-II,1,2026-08-18,P
VG260021,CII,2026-II,2,2026-08-25,P
VG260021,CII,2026-II,3,2026-09-01,P
VG260021,CII,2026-II,4,2026-09-08,P
VG260021,CII,2026-II,5,2026-09-15,P
VG260021,CII,2026-II,6,2026-09-22,P
VG260021,CII,2026-II,7,2026-09-29,P
VG260021,CII,2026-II,8,2026-10-06,P
VG260021,CII,2026-II,9,2026-10-13,P
VG260021,CII,2026-II,10,2026-10-20,P
VG260021,CII,2026-II,11,2026-10-27,P
VG260021,CII,2026-II,12,2026-11-03,P
VG260021,CII,2026-II,13,2026-11-10,P
VG260021,CII,2026-II,14,2026-11-17,P
VG260021,CII,2026-II,15,2026-11-24,P
VG260021,CII,2026-II,16,2026-12-01,P
VG260021,EIT,2026-II,1,2026-08-19,P
VG260021,EIT,2026-II,2,2026-08-26,P
VG260021,EIT,2026-II,3,2026-09-02,P
VG260021,EIT,2026-II,4,2026-09-09,P
VG260021,EIT,2026-II,5,2026-09-16,F
VG260021,EIT,2026-II,6,2026-09-23,P
VG260021,EIT,2026-II,7,2026-09-30,T
VG260021,EIT,2026-II,8,2026-10-07,P
VG260021,EIT,2026-II,9,2026-10-14,P
VG260021,EIT,2026-II,10,2026-10-21,P
VG260021,EIT,2026-II,11,2026-10-28,T
VG260021,EIT,2026-II,12,2026-11-04,P
VG260021,EIT,2026-II,13,2026-11-11,P
VG260021,EIT,2026-II,14,2026-11-18,P
VG260021,EIT,2026-II,15,2026-11-25,P
VG260021,EIT,2026-II,16,2026-12-02,P
VG260021,EFSRT5,2026-II,1,2026-08-20,P
VG260021,EFSRT5,2026-II,2,2026-08-27,P
VG260021,EFSRT5,2026-II,3,2026-09-03,P
VG260021,EFSRT5,2026-II,4,2026-09-10,P
VG260021,EFSRT5,2026-II,5,2026-09-17,P
VG260021,EFSRT5,2026-II,6,2026-09-24,P
VG260021,EFSRT5,2026-II,7,2026-10-01,P
VG260021,EFSRT5,2026-II,8,2026-10-08,P
VG260021,EFSRT5,2026-II,9,2026-10-15,P
VG260021,EFSRT5,2026-II,10,2026-10-22,P
VG260021,EFSRT5,2026-II,11,2026-10-29,P
VG260021,EFSRT5,2026-II,12,2026-11-05,P
VG260021,EFSRT5,2026-II,13,2026-11-12,P
VG260021,EFSRT5,2026-II,14,2026-11-19,P
VG260021,EFSRT5,2026-II,15,2026-11-26,P
VG260021,EFSRT5,2026-II,16,2026-12-03,P
VG260022,APS,2026-II,1,2026-08-17,P
VG260022,APS,2026-II,2,2026-08-24,P
VG260022,APS,2026-II,3,2026-08-31,P
VG260022,APS,2026-II,4,2026-09-07,P
VG260022,APS,2026-II,5,2026-09-14,P
VG260022,APS,2026-II,6,2026-09-21,P
VG260022,APS,2026-II,7,2026-09-28,P
VG260022,APS,2026-II,8,2026-10-05,P
VG260022,APS,2026-II,9,2026-10-12,P
VG260022,APS,2026-II,10,2026-10-19,P
VG260022,APS,2026-II,11,2026-10-26,P
VG260022,APS,2026-II,12,2026-11-02,P
VG260022,APS,2026-II,13,2026-11-09,P
VG260022,APS,2026-II,14,2026-11-16,T
VG260022,APS,2026-II,15,2026-11-23,P
VG260022,APS,2026-II,16,2026-11-30,P
VG260022,TBD,2026-II,1,2026-08-18,P
VG260022,TBD,2026-II,2,2026-08-25,P
VG260022,TBD,2026-II,3,2026-09-01,P
VG260022,TBD,2026-II,4,2026-09-08,P
VG260022,TBD,2026-II,5,2026-09-15,P
VG260022,TBD,2026-II,6,2026-09-22,T
VG260022,TBD,2026-II,7,2026-09-29,P
VG260022,TBD,2026-II,8,2026-10-06,P
VG260022,TBD,2026-II,9,2026-10-13,P
VG260022,TBD,2026-II,10,2026-10-20,T
VG260022,TBD,2026-II,11,2026-10-27,P
VG260022,TBD,2026-II,12,2026-11-03,P
VG260022,TBD,2026-II,13,2026-11-10,P
VG260022,TBD,2026-II,14,2026-11-17,P
VG260022,TBD,2026-II,15,2026-11-24,P
VG260022,TBD,2026-II,16,2026-12-01,T
VG260022,FIA,2026-II,1,2026-08-19,P
VG260022,FIA,2026-II,2,2026-08-26,P
VG260022,FIA,2026-II,3,2026-09-02,T
VG260022,FIA,2026-II,4,2026-09-09,T
VG260022,FIA,2026-II,5,2026-09-16,P
VG260022,FIA,2026-II,6,2026-09-23,P
VG260022,FIA,2026-II,7,2026-09-30,P
VG260022,FIA,2026-II,8,2026-10-07,P
VG260022,FIA,2026-II,9,2026-10-14,P
VG260022,FIA,2026-II,10,2026-10-21,P
VG260022,FIA,2026-II,11,2026-10-28,P
VG260022,FIA,2026-II,12,2026-11-04,P
VG260022,FIA,2026-II,13,2026-11-11,P
VG260022,FIA,2026-II,14,2026-11-18,T
VG260022,FIA,2026-II,15,2026-11-25,P
VG260022,FIA,2026-II,16,2026-12-02,P
VG260022,SDE,2026-II,1,2026-08-20,P
VG260022,SDE,2026-II,2,2026-08-27,P
VG260022,SDE,2026-II,3,2026-09-03,P
VG260022,SDE,2026-II,4,2026-09-10,P
VG260022,SDE,2026-II,5,2026-09-17,P
VG260022,SDE,2026-II,6,2026-09-24,P
VG260022,SDE,2026-II,7,2026-10-01,T
VG260022,SDE,2026-II,8,2026-10-08,P
VG260022,SDE,2026-II,9,2026-10-15,P
VG260022,SDE,2026-II,10,2026-10-22,P
VG260022,SDE,2026-II,11,2026-10-29,P
VG260022,SDE,2026-II,12,2026-11-05,P
VG260022,SDE,2026-II,13,2026-11-12,P
VG260022,SDE,2026-II,14,2026-11-19,P
VG260022,SDE,2026-II,15,2026-11-26,T
VG260022,SDE,2026-II,16,2026-12-03,P
VG260022,FCS,2026-II,1,2026-08-21,P
VG260022,FCS,2026-II,2,2026-08-28,P
VG260022,FCS,2026-II,3,2026-09-04,P
VG260022,FCS,2026-II,4,2026-09-11,T
VG260022,FCS,2026-II,5,2026-09-18,P
VG260022,FCS,2026-II,6,2026-09-25,P
VG260022,FCS,2026-II,7,2026-10-02,P
VG260022,FCS,2026-II,8,2026-10-09,P
VG260022,FCS,2026-II,9,2026-10-16,P
VG260022,FCS,2026-II,10,2026-10-23,P
VG260022,FCS,2026-II,11,2026-10-30,P
VG260022,FCS,2026-II,12,2026-11-06,P
VG260022,FCS,2026-II,13,2026-11-13,T
VG260022,FCS,2026-II,14,2026-11-20,P
VG260022,FCS,2026-II,15,2026-11-27,P
VG260022,FCS,2026-II,16,2026-12-04,P
VG260022,EIA,2026-II,1,2026-08-17,P
VG260022,EIA,2026-II,2,2026-08-24,P
VG260022,EIA,2026-II,3,2026-08-31,P
VG260022,EIA,2026-II,4,2026-09-07,P
VG260022,EIA,2026-II,5,2026-09-14,P
VG260022,EIA,2026-II,6,2026-09-21,P
VG260022,EIA,2026-II,7,2026-09-28,P
VG260022,EIA,2026-II,8,2026-10-05,P
VG260022,EIA,2026-II,9,2026-10-12,P
VG260022,EIA,2026-II,10,2026-10-19,T
VG260022,EIA,2026-II,11,2026-10-26,P
VG260022,EIA,2026-II,12,2026-11-02,P
VG260022,EIA,2026-II,13,2026-11-09,P
VG260022,EIA,2026-II,14,2026-11-16,P
VG260022,EIA,2026-II,15,2026-11-23,P
VG260022,EIA,2026-II,16,2026-11-30,P
VG260022,CII,2026-II,1,2026-08-18,P
VG260022,CII,2026-II,2,2026-08-25,P
VG260022,CII,2026-II,3,2026-09-01,T
VG260022,CII,2026-II,4,2026-09-08,F
VG260022,CII,2026-II,5,2026-09-15,P
VG260022,CII,2026-II,6,2026-09-22,P
VG260022,CII,2026-II,7,2026-09-29,P
VG260022,CII,2026-II,8,2026-10-06,P
VG260022,CII,2026-II,9,2026-10-13,P
VG260022,CII,2026-II,10,2026-10-20,P
VG260022,CII,2026-II,11,2026-10-27,P
VG260022,CII,2026-II,12,2026-11-03,T
VG260022,CII,2026-II,13,2026-11-10,P
VG260022,CII,2026-II,14,2026-11-17,P
VG260022,CII,2026-II,15,2026-11-24,P
VG260022,CII,2026-II,16,2026-12-01,T
VG260022,EIT,2026-II,1,2026-08-19,P
VG260022,EIT,2026-II,2,2026-08-26,P
VG260022,EIT,2026-II,3,2026-09-02,P
VG260022,EIT,2026-II,4,2026-09-09,J
VG260022,EIT,2026-II,5,2026-09-16,P
VG260022,EIT,2026-II,6,2026-09-23,P
VG260022,EIT,2026-II,7,2026-09-30,P
VG260022,EIT,2026-II,8,2026-10-07,P
VG260022,EIT,2026-II,9,2026-10-14,P
VG260022,EIT,2026-II,10,2026-10-21,P
VG260022,EIT,2026-II,11,2026-10-28,P
VG260022,EIT,2026-II,12,2026-11-04,F
VG260022,EIT,2026-II,13,2026-11-11,P
VG260022,EIT,2026-II,14,2026-11-18,P
VG260022,EIT,2026-II,15,2026-11-25,P
VG260022,EIT,2026-II,16,2026-12-02,P
VG260022,EFSRT5,2026-II,1,2026-08-20,P
VG260022,EFSRT5,2026-II,2,2026-08-27,P
VG260022,EFSRT5,2026-II,3,2026-09-03,P
VG260022,EFSRT5,2026-II,4,2026-09-10,P
VG260022,EFSRT5,2026-II,5,2026-09-17,P
VG260022,EFSRT5,2026-II,6,2026-09-24,T
VG260022,EFSRT5,2026-II,7,2026-10-01,P
VG260022,EFSRT5,2026-II,8,2026-10-08,P
VG260022,EFSRT5,2026-II,9,2026-10-15,P
VG260022,EFSRT5,2026-II,10,2026-10-22,P
VG260022,EFSRT5,2026-II,11,2026-10-29,P
VG260022,EFSRT5,2026-II,12,2026-11-05,P
VG260022,EFSRT5,2026-II,13,2026-11-12,P
VG260022,EFSRT5,2026-II,14,2026-11-19,P
VG260022,EFSRT5,2026-II,15,2026-11-26,P
VG260022,EFSRT5,2026-II,16,2026-12-03,P
VG260023,APS,2026-II,1,2026-08-17,P
VG260023,APS,2026-II,2,2026-08-24,P
VG260023,APS,2026-II,3,2026-08-31,P
VG260023,APS,2026-II,4,2026-09-07,P
VG260023,APS,2026-II,5,2026-09-14,P
VG260023,APS,2026-II,6,2026-09-21,F
VG260023,APS,2026-II,7,2026-09-28,P
VG260023,APS,2026-II,8,2026-10-05,P
VG260023,APS,2026-II,9,2026-10-12,P
VG260023,APS,2026-II,10,2026-10-19,T
VG260023,APS,2026-II,11,2026-10-26,P
VG260023,APS,2026-II,12,2026-11-02,P
VG260023,APS,2026-II,13,2026-11-09,P
VG260023,APS,2026-II,14,2026-11-16,P
VG260023,APS,2026-II,15,2026-11-23,P
VG260023,APS,2026-II,16,2026-11-30,P
VG260023,TBD,2026-II,1,2026-08-18,P
VG260023,TBD,2026-II,2,2026-08-25,P
VG260023,TBD,2026-II,3,2026-09-01,T
VG260023,TBD,2026-II,4,2026-09-08,P
VG260023,TBD,2026-II,5,2026-09-15,F
VG260023,TBD,2026-II,6,2026-09-22,P
VG260023,TBD,2026-II,7,2026-09-29,P
VG260023,TBD,2026-II,8,2026-10-06,P
VG260023,TBD,2026-II,9,2026-10-13,P
VG260023,TBD,2026-II,10,2026-10-20,P
VG260023,TBD,2026-II,11,2026-10-27,P
VG260023,TBD,2026-II,12,2026-11-03,T
VG260023,TBD,2026-II,13,2026-11-10,P
VG260023,TBD,2026-II,14,2026-11-17,P
VG260023,TBD,2026-II,15,2026-11-24,P
VG260023,TBD,2026-II,16,2026-12-01,P
VG260023,FIA,2026-II,1,2026-08-19,P
VG260023,FIA,2026-II,2,2026-08-26,P
VG260023,FIA,2026-II,3,2026-09-02,P
VG260023,FIA,2026-II,4,2026-09-09,P
VG260023,FIA,2026-II,5,2026-09-16,P
VG260023,FIA,2026-II,6,2026-09-23,P
VG260023,FIA,2026-II,7,2026-09-30,T
VG260023,FIA,2026-II,8,2026-10-07,P
VG260023,FIA,2026-II,9,2026-10-14,J
VG260023,FIA,2026-II,10,2026-10-21,P
VG260023,FIA,2026-II,11,2026-10-28,P
VG260023,FIA,2026-II,12,2026-11-04,P
VG260023,FIA,2026-II,13,2026-11-11,P
VG260023,FIA,2026-II,14,2026-11-18,P
VG260023,FIA,2026-II,15,2026-11-25,F
VG260023,FIA,2026-II,16,2026-12-02,P
VG260023,SDE,2026-II,1,2026-08-20,P
VG260023,SDE,2026-II,2,2026-08-27,F
VG260023,SDE,2026-II,3,2026-09-03,P
VG260023,SDE,2026-II,4,2026-09-10,P
VG260023,SDE,2026-II,5,2026-09-17,P
VG260023,SDE,2026-II,6,2026-09-24,P
VG260023,SDE,2026-II,7,2026-10-01,P
VG260023,SDE,2026-II,8,2026-10-08,P
VG260023,SDE,2026-II,9,2026-10-15,P
VG260023,SDE,2026-II,10,2026-10-22,P
VG260023,SDE,2026-II,11,2026-10-29,T
VG260023,SDE,2026-II,12,2026-11-05,P
VG260023,SDE,2026-II,13,2026-11-12,P
VG260023,SDE,2026-II,14,2026-11-19,P
VG260023,SDE,2026-II,15,2026-11-26,P
VG260023,SDE,2026-II,16,2026-12-03,P
VG260023,FCS,2026-II,1,2026-08-21,P
VG260023,FCS,2026-II,2,2026-08-28,P
VG260023,FCS,2026-II,3,2026-09-04,P
VG260023,FCS,2026-II,4,2026-09-11,P
VG260023,FCS,2026-II,5,2026-09-18,P
VG260023,FCS,2026-II,6,2026-09-25,P
VG260023,FCS,2026-II,7,2026-10-02,P
VG260023,FCS,2026-II,8,2026-10-09,P
VG260023,FCS,2026-II,9,2026-10-16,P
VG260023,FCS,2026-II,10,2026-10-23,P
VG260023,FCS,2026-II,11,2026-10-30,P
VG260023,FCS,2026-II,12,2026-11-06,P
VG260023,FCS,2026-II,13,2026-11-13,J
VG260023,FCS,2026-II,14,2026-11-20,P
VG260023,FCS,2026-II,15,2026-11-27,P
VG260023,FCS,2026-II,16,2026-12-04,P
VG260023,EIA,2026-II,1,2026-08-17,P
VG260023,EIA,2026-II,2,2026-08-24,P
VG260023,EIA,2026-II,3,2026-08-31,P
VG260023,EIA,2026-II,4,2026-09-07,P
VG260023,EIA,2026-II,5,2026-09-14,P
VG260023,EIA,2026-II,6,2026-09-21,P
VG260023,EIA,2026-II,7,2026-09-28,P
VG260023,EIA,2026-II,8,2026-10-05,P
VG260023,EIA,2026-II,9,2026-10-12,F
VG260023,EIA,2026-II,10,2026-10-19,P
VG260023,EIA,2026-II,11,2026-10-26,T
VG260023,EIA,2026-II,12,2026-11-02,P
VG260023,EIA,2026-II,13,2026-11-09,P
VG260023,EIA,2026-II,14,2026-11-16,P
VG260023,EIA,2026-II,15,2026-11-23,F
VG260023,EIA,2026-II,16,2026-11-30,P
VG260023,CII,2026-II,1,2026-08-18,P
VG260023,CII,2026-II,2,2026-08-25,P
VG260023,CII,2026-II,3,2026-09-01,P
VG260023,CII,2026-II,4,2026-09-08,P
VG260023,CII,2026-II,5,2026-09-15,P
VG260023,CII,2026-II,6,2026-09-22,P
VG260023,CII,2026-II,7,2026-09-29,P
VG260023,CII,2026-II,8,2026-10-06,T
VG260023,CII,2026-II,9,2026-10-13,P
VG260023,CII,2026-II,10,2026-10-20,P
VG260023,CII,2026-II,11,2026-10-27,T
VG260023,CII,2026-II,12,2026-11-03,P
VG260023,CII,2026-II,13,2026-11-10,P
VG260023,CII,2026-II,14,2026-11-17,F
VG260023,CII,2026-II,15,2026-11-24,T
VG260023,CII,2026-II,16,2026-12-01,P
VG260023,EIT,2026-II,1,2026-08-19,P
VG260023,EIT,2026-II,2,2026-08-26,P
VG260023,EIT,2026-II,3,2026-09-02,P
VG260023,EIT,2026-II,4,2026-09-09,P
VG260023,EIT,2026-II,5,2026-09-16,P
VG260023,EIT,2026-II,6,2026-09-23,P
VG260023,EIT,2026-II,7,2026-09-30,F
VG260023,EIT,2026-II,8,2026-10-07,P
VG260023,EIT,2026-II,9,2026-10-14,T
VG260023,EIT,2026-II,10,2026-10-21,P
VG260023,EIT,2026-II,11,2026-10-28,P
VG260023,EIT,2026-II,12,2026-11-04,P
VG260023,EIT,2026-II,13,2026-11-11,P
VG260023,EIT,2026-II,14,2026-11-18,P
VG260023,EIT,2026-II,15,2026-11-25,P
VG260023,EIT,2026-II,16,2026-12-02,P
VG260023,EFSRT5,2026-II,1,2026-08-20,P
VG260023,EFSRT5,2026-II,2,2026-08-27,P
VG260023,EFSRT5,2026-II,3,2026-09-03,J
VG260023,EFSRT5,2026-II,4,2026-09-10,P
VG260023,EFSRT5,2026-II,5,2026-09-17,P
VG260023,EFSRT5,2026-II,6,2026-09-24,F
VG260023,EFSRT5,2026-II,7,2026-10-01,P
VG260023,EFSRT5,2026-II,8,2026-10-08,P
VG260023,EFSRT5,2026-II,9,2026-10-15,P
VG260023,EFSRT5,2026-II,10,2026-10-22,P
VG260023,EFSRT5,2026-II,11,2026-10-29,P
VG260023,EFSRT5,2026-II,12,2026-11-05,P
VG260023,EFSRT5,2026-II,13,2026-11-12,P
VG260023,EFSRT5,2026-II,14,2026-11-19,P
VG260023,EFSRT5,2026-II,15,2026-11-26,F
VG260023,EFSRT5,2026-II,16,2026-12-03,F
VG260024,APS,2026-II,1,2026-08-17,P
VG260024,APS,2026-II,2,2026-08-24,P
VG260024,APS,2026-II,3,2026-08-31,P
VG260024,APS,2026-II,4,2026-09-07,P
VG260024,APS,2026-II,5,2026-09-14,T
VG260024,APS,2026-II,6,2026-09-21,P
VG260024,APS,2026-II,7,2026-09-28,P
VG260024,APS,2026-II,8,2026-10-05,P
VG260024,APS,2026-II,9,2026-10-12,P
VG260024,APS,2026-II,10,2026-10-19,T
VG260024,APS,2026-II,11,2026-10-26,P
VG260024,APS,2026-II,12,2026-11-02,P
VG260024,APS,2026-II,13,2026-11-09,P
VG260024,APS,2026-II,14,2026-11-16,P
VG260024,APS,2026-II,15,2026-11-23,P
VG260024,APS,2026-II,16,2026-11-30,P
VG260024,TBD,2026-II,1,2026-08-18,P
VG260024,TBD,2026-II,2,2026-08-25,P
VG260024,TBD,2026-II,3,2026-09-01,P
VG260024,TBD,2026-II,4,2026-09-08,P
VG260024,TBD,2026-II,5,2026-09-15,P
VG260024,TBD,2026-II,6,2026-09-22,P
VG260024,TBD,2026-II,7,2026-09-29,P
VG260024,TBD,2026-II,8,2026-10-06,P
VG260024,TBD,2026-II,9,2026-10-13,P
VG260024,TBD,2026-II,10,2026-10-20,P
VG260024,TBD,2026-II,11,2026-10-27,P
VG260024,TBD,2026-II,12,2026-11-03,P
VG260024,TBD,2026-II,13,2026-11-10,P
VG260024,TBD,2026-II,14,2026-11-17,P
VG260024,TBD,2026-II,15,2026-11-24,P
VG260024,TBD,2026-II,16,2026-12-01,T
VG260024,FIA,2026-II,1,2026-08-19,P
VG260024,FIA,2026-II,2,2026-08-26,P
VG260024,FIA,2026-II,3,2026-09-02,P
VG260024,FIA,2026-II,4,2026-09-09,P
VG260024,FIA,2026-II,5,2026-09-16,P
VG260024,FIA,2026-II,6,2026-09-23,P
VG260024,FIA,2026-II,7,2026-09-30,P
VG260024,FIA,2026-II,8,2026-10-07,T
VG260024,FIA,2026-II,9,2026-10-14,P
VG260024,FIA,2026-II,10,2026-10-21,P
VG260024,FIA,2026-II,11,2026-10-28,P
VG260024,FIA,2026-II,12,2026-11-04,P
VG260024,FIA,2026-II,13,2026-11-11,P
VG260024,FIA,2026-II,14,2026-11-18,P
VG260024,FIA,2026-II,15,2026-11-25,P
VG260024,FIA,2026-II,16,2026-12-02,P
VG260024,SDE,2026-II,1,2026-08-20,P
VG260024,SDE,2026-II,2,2026-08-27,P
VG260024,SDE,2026-II,3,2026-09-03,P
VG260024,SDE,2026-II,4,2026-09-10,P
VG260024,SDE,2026-II,5,2026-09-17,P
VG260024,SDE,2026-II,6,2026-09-24,P
VG260024,SDE,2026-II,7,2026-10-01,P
VG260024,SDE,2026-II,8,2026-10-08,P
VG260024,SDE,2026-II,9,2026-10-15,T
VG260024,SDE,2026-II,10,2026-10-22,P
VG260024,SDE,2026-II,11,2026-10-29,P
VG260024,SDE,2026-II,12,2026-11-05,P
VG260024,SDE,2026-II,13,2026-11-12,P
VG260024,SDE,2026-II,14,2026-11-19,P
VG260024,SDE,2026-II,15,2026-11-26,P
VG260024,SDE,2026-II,16,2026-12-03,P
VG260024,FCS,2026-II,1,2026-08-21,P
VG260024,FCS,2026-II,2,2026-08-28,P
VG260024,FCS,2026-II,3,2026-09-04,P
VG260024,FCS,2026-II,4,2026-09-11,P
VG260024,FCS,2026-II,5,2026-09-18,P
VG260024,FCS,2026-II,6,2026-09-25,P
VG260024,FCS,2026-II,7,2026-10-02,P
VG260024,FCS,2026-II,8,2026-10-09,P
VG260024,FCS,2026-II,9,2026-10-16,P
VG260024,FCS,2026-II,10,2026-10-23,P
VG260024,FCS,2026-II,11,2026-10-30,P
VG260024,FCS,2026-II,12,2026-11-06,P
VG260024,FCS,2026-II,13,2026-11-13,T
VG260024,FCS,2026-II,14,2026-11-20,P
VG260024,FCS,2026-II,15,2026-11-27,P
VG260024,FCS,2026-II,16,2026-12-04,P
VG260024,EIA,2026-II,1,2026-08-17,T
VG260024,EIA,2026-II,2,2026-08-24,P
VG260024,EIA,2026-II,3,2026-08-31,P
VG260024,EIA,2026-II,4,2026-09-07,P
VG260024,EIA,2026-II,5,2026-09-14,P
VG260024,EIA,2026-II,6,2026-09-21,P
VG260024,EIA,2026-II,7,2026-09-28,T
VG260024,EIA,2026-II,8,2026-10-05,P
VG260024,EIA,2026-II,9,2026-10-12,P
VG260024,EIA,2026-II,10,2026-10-19,P
VG260024,EIA,2026-II,11,2026-10-26,P
VG260024,EIA,2026-II,12,2026-11-02,P
VG260024,EIA,2026-II,13,2026-11-09,P
VG260024,EIA,2026-II,14,2026-11-16,T
VG260024,EIA,2026-II,15,2026-11-23,P
VG260024,EIA,2026-II,16,2026-11-30,P
VG260024,CII,2026-II,1,2026-08-18,P
VG260024,CII,2026-II,2,2026-08-25,P
VG260024,CII,2026-II,3,2026-09-01,P
VG260024,CII,2026-II,4,2026-09-08,P
VG260024,CII,2026-II,5,2026-09-15,P
VG260024,CII,2026-II,6,2026-09-22,P
VG260024,CII,2026-II,7,2026-09-29,P
VG260024,CII,2026-II,8,2026-10-06,P
VG260024,CII,2026-II,9,2026-10-13,P
VG260024,CII,2026-II,10,2026-10-20,P
VG260024,CII,2026-II,11,2026-10-27,P
VG260024,CII,2026-II,12,2026-11-03,P
VG260024,CII,2026-II,13,2026-11-10,P
VG260024,CII,2026-II,14,2026-11-17,P
VG260024,CII,2026-II,15,2026-11-24,P
VG260024,CII,2026-II,16,2026-12-01,P
VG260024,EIT,2026-II,1,2026-08-19,P
VG260024,EIT,2026-II,2,2026-08-26,P
VG260024,EIT,2026-II,3,2026-09-02,T
VG260024,EIT,2026-II,4,2026-09-09,P
VG260024,EIT,2026-II,5,2026-09-16,P
VG260024,EIT,2026-II,6,2026-09-23,P
VG260024,EIT,2026-II,7,2026-09-30,P
VG260024,EIT,2026-II,8,2026-10-07,P
VG260024,EIT,2026-II,9,2026-10-14,P
VG260024,EIT,2026-II,10,2026-10-21,P
VG260024,EIT,2026-II,11,2026-10-28,P
VG260024,EIT,2026-II,12,2026-11-04,P
VG260024,EIT,2026-II,13,2026-11-11,P
VG260024,EIT,2026-II,14,2026-11-18,P
VG260024,EIT,2026-II,15,2026-11-25,P
VG260024,EIT,2026-II,16,2026-12-02,P
VG260024,EFSRT5,2026-II,1,2026-08-20,P
VG260024,EFSRT5,2026-II,2,2026-08-27,P
VG260024,EFSRT5,2026-II,3,2026-09-03,P
VG260024,EFSRT5,2026-II,4,2026-09-10,P
VG260024,EFSRT5,2026-II,5,2026-09-17,P
VG260024,EFSRT5,2026-II,6,2026-09-24,P
VG260024,EFSRT5,2026-II,7,2026-10-01,P
VG260024,EFSRT5,2026-II,8,2026-10-08,P
VG260024,EFSRT5,2026-II,9,2026-10-15,P
VG260024,EFSRT5,2026-II,10,2026-10-22,P
VG260024,EFSRT5,2026-II,11,2026-10-29,P
VG260024,EFSRT5,2026-II,12,2026-11-05,P
VG260024,EFSRT5,2026-II,13,2026-11-12,P
VG260024,EFSRT5,2026-II,14,2026-11-19,P
VG260024,EFSRT5,2026-II,15,2026-11-26,P
VG260024,EFSRT5,2026-II,16,2026-12-03,P
VG260025,APS,2026-II,1,2026-08-17,P
VG260025,APS,2026-II,2,2026-08-24,P
VG260025,APS,2026-II,3,2026-08-31,P
VG260025,APS,2026-II,4,2026-09-07,P
VG260025,APS,2026-II,5,2026-09-14,P
VG260025,APS,2026-II,6,2026-09-21,P
VG260025,APS,2026-II,7,2026-09-28,P
VG260025,APS,2026-II,8,2026-10-05,P
VG260025,APS,2026-II,9,2026-10-12,P
VG260025,APS,2026-II,10,2026-10-19,P
VG260025,APS,2026-II,11,2026-10-26,P
VG260025,APS,2026-II,12,2026-11-02,P
VG260025,APS,2026-II,13,2026-11-09,P
VG260025,APS,2026-II,14,2026-11-16,P
VG260025,APS,2026-II,15,2026-11-23,T
VG260025,APS,2026-II,16,2026-11-30,P
VG260025,TBD,2026-II,1,2026-08-18,P
VG260025,TBD,2026-II,2,2026-08-25,T
VG260025,TBD,2026-II,3,2026-09-01,P
VG260025,TBD,2026-II,4,2026-09-08,P
VG260025,TBD,2026-II,5,2026-09-15,P
VG260025,TBD,2026-II,6,2026-09-22,P
VG260025,TBD,2026-II,7,2026-09-29,P
VG260025,TBD,2026-II,8,2026-10-06,P
VG260025,TBD,2026-II,9,2026-10-13,P
VG260025,TBD,2026-II,10,2026-10-20,P
VG260025,TBD,2026-II,11,2026-10-27,P
VG260025,TBD,2026-II,12,2026-11-03,P
VG260025,TBD,2026-II,13,2026-11-10,P
VG260025,TBD,2026-II,14,2026-11-17,P
VG260025,TBD,2026-II,15,2026-11-24,P
VG260025,TBD,2026-II,16,2026-12-01,P
VG260025,FIA,2026-II,1,2026-08-19,P
VG260025,FIA,2026-II,2,2026-08-26,P
VG260025,FIA,2026-II,3,2026-09-02,P
VG260025,FIA,2026-II,4,2026-09-09,P
VG260025,FIA,2026-II,5,2026-09-16,P
VG260025,FIA,2026-II,6,2026-09-23,P
VG260025,FIA,2026-II,7,2026-09-30,P
VG260025,FIA,2026-II,8,2026-10-07,P
VG260025,FIA,2026-II,9,2026-10-14,P
VG260025,FIA,2026-II,10,2026-10-21,P
VG260025,FIA,2026-II,11,2026-10-28,P
VG260025,FIA,2026-II,12,2026-11-04,P
VG260025,FIA,2026-II,13,2026-11-11,P
VG260025,FIA,2026-II,14,2026-11-18,P
VG260025,FIA,2026-II,15,2026-11-25,T
VG260025,FIA,2026-II,16,2026-12-02,P
VG260025,SDE,2026-II,1,2026-08-20,P
VG260025,SDE,2026-II,2,2026-08-27,T
VG260025,SDE,2026-II,3,2026-09-03,P
VG260025,SDE,2026-II,4,2026-09-10,P
VG260025,SDE,2026-II,5,2026-09-17,P
VG260025,SDE,2026-II,6,2026-09-24,P
VG260025,SDE,2026-II,7,2026-10-01,P
VG260025,SDE,2026-II,8,2026-10-08,P
VG260025,SDE,2026-II,9,2026-10-15,P
VG260025,SDE,2026-II,10,2026-10-22,T
VG260025,SDE,2026-II,11,2026-10-29,T
VG260025,SDE,2026-II,12,2026-11-05,P
VG260025,SDE,2026-II,13,2026-11-12,P
VG260025,SDE,2026-II,14,2026-11-19,P
VG260025,SDE,2026-II,15,2026-11-26,T
VG260025,SDE,2026-II,16,2026-12-03,T
VG260025,FCS,2026-II,1,2026-08-21,P
VG260025,FCS,2026-II,2,2026-08-28,P
VG260025,FCS,2026-II,3,2026-09-04,P
VG260025,FCS,2026-II,4,2026-09-11,T
VG260025,FCS,2026-II,5,2026-09-18,P
VG260025,FCS,2026-II,6,2026-09-25,T
VG260025,FCS,2026-II,7,2026-10-02,P
VG260025,FCS,2026-II,8,2026-10-09,P
VG260025,FCS,2026-II,9,2026-10-16,P
VG260025,FCS,2026-II,10,2026-10-23,T
VG260025,FCS,2026-II,11,2026-10-30,P
VG260025,FCS,2026-II,12,2026-11-06,P
VG260025,FCS,2026-II,13,2026-11-13,P
VG260025,FCS,2026-II,14,2026-11-20,P
VG260025,FCS,2026-II,15,2026-11-27,P
VG260025,FCS,2026-II,16,2026-12-04,P
VG260025,EIA,2026-II,1,2026-08-17,P
VG260025,EIA,2026-II,2,2026-08-24,P
VG260025,EIA,2026-II,3,2026-08-31,P
VG260025,EIA,2026-II,4,2026-09-07,P
VG260025,EIA,2026-II,5,2026-09-14,P
VG260025,EIA,2026-II,6,2026-09-21,P
VG260025,EIA,2026-II,7,2026-09-28,P
VG260025,EIA,2026-II,8,2026-10-05,P
VG260025,EIA,2026-II,9,2026-10-12,P
VG260025,EIA,2026-II,10,2026-10-19,P
VG260025,EIA,2026-II,11,2026-10-26,P
VG260025,EIA,2026-II,12,2026-11-02,P
VG260025,EIA,2026-II,13,2026-11-09,P
VG260025,EIA,2026-II,14,2026-11-16,T
VG260025,EIA,2026-II,15,2026-11-23,P
VG260025,EIA,2026-II,16,2026-11-30,P
VG260025,CII,2026-II,1,2026-08-18,P
VG260025,CII,2026-II,2,2026-08-25,P
VG260025,CII,2026-II,3,2026-09-01,T
VG260025,CII,2026-II,4,2026-09-08,P
VG260025,CII,2026-II,5,2026-09-15,P
VG260025,CII,2026-II,6,2026-09-22,P
VG260025,CII,2026-II,7,2026-09-29,P
VG260025,CII,2026-II,8,2026-10-06,T
VG260025,CII,2026-II,9,2026-10-13,P
VG260025,CII,2026-II,10,2026-10-20,T
VG260025,CII,2026-II,11,2026-10-27,P
VG260025,CII,2026-II,12,2026-11-03,P
VG260025,CII,2026-II,13,2026-11-10,P
VG260025,CII,2026-II,14,2026-11-17,P
VG260025,CII,2026-II,15,2026-11-24,P
VG260025,CII,2026-II,16,2026-12-01,P
VG260025,EIT,2026-II,1,2026-08-19,P
VG260025,EIT,2026-II,2,2026-08-26,P
VG260025,EIT,2026-II,3,2026-09-02,P
VG260025,EIT,2026-II,4,2026-09-09,P
VG260025,EIT,2026-II,5,2026-09-16,P
VG260025,EIT,2026-II,6,2026-09-23,P
VG260025,EIT,2026-II,7,2026-09-30,P
VG260025,EIT,2026-II,8,2026-10-07,P
VG260025,EIT,2026-II,9,2026-10-14,P
VG260025,EIT,2026-II,10,2026-10-21,P
VG260025,EIT,2026-II,11,2026-10-28,P
VG260025,EIT,2026-II,12,2026-11-04,P
VG260025,EIT,2026-II,13,2026-11-11,P
VG260025,EIT,2026-II,14,2026-11-18,P
VG260025,EIT,2026-II,15,2026-11-25,P
VG260025,EIT,2026-II,16,2026-12-02,P
VG260025,EFSRT5,2026-II,1,2026-08-20,P
VG260025,EFSRT5,2026-II,2,2026-08-27,P
VG260025,EFSRT5,2026-II,3,2026-09-03,P
VG260025,EFSRT5,2026-II,4,2026-09-10,T
VG260025,EFSRT5,2026-II,5,2026-09-17,P
VG260025,EFSRT5,2026-II,6,2026-09-24,P
VG260025,EFSRT5,2026-II,7,2026-10-01,P
VG260025,EFSRT5,2026-II,8,2026-10-08,P
VG260025,EFSRT5,2026-II,9,2026-10-15,P
VG260025,EFSRT5,2026-II,10,2026-10-22,P
VG260025,EFSRT5,2026-II,11,2026-10-29,T
VG260025,EFSRT5,2026-II,12,2026-11-05,P
VG260025,EFSRT5,2026-II,13,2026-11-12,P
VG260025,EFSRT5,2026-II,14,2026-11-19,P
VG260025,EFSRT5,2026-II,15,2026-11-26,P
VG260025,EFSRT5,2026-II,16,2026-12-03,P
VG260026,APS,2026-II,1,2026-08-17,P
VG260026,APS,2026-II,2,2026-08-24,P
VG260026,APS,2026-II,3,2026-08-31,P
VG260026,APS,2026-II,4,2026-09-07,T
VG260026,APS,2026-II,5,2026-09-14,P
VG260026,APS,2026-II,6,2026-09-21,P
VG260026,APS,2026-II,7,2026-09-28,P
VG260026,APS,2026-II,8,2026-10-05,P
VG260026,APS,2026-II,9,2026-10-12,P
VG260026,APS,2026-II,10,2026-10-19,T
VG260026,APS,2026-II,11,2026-10-26,P
VG260026,APS,2026-II,12,2026-11-02,F
VG260026,APS,2026-II,13,2026-11-09,F
VG260026,APS,2026-II,14,2026-11-16,P
VG260026,APS,2026-II,15,2026-11-23,P
VG260026,APS,2026-II,16,2026-11-30,P
VG260026,TBD,2026-II,1,2026-08-18,P
VG260026,TBD,2026-II,2,2026-08-25,P
VG260026,TBD,2026-II,3,2026-09-01,F
VG260026,TBD,2026-II,4,2026-09-08,P
VG260026,TBD,2026-II,5,2026-09-15,P
VG260026,TBD,2026-II,6,2026-09-22,P
VG260026,TBD,2026-II,7,2026-09-29,T
VG260026,TBD,2026-II,8,2026-10-06,P
VG260026,TBD,2026-II,9,2026-10-13,P
VG260026,TBD,2026-II,10,2026-10-20,F
VG260026,TBD,2026-II,11,2026-10-27,P
VG260026,TBD,2026-II,12,2026-11-03,P
VG260026,TBD,2026-II,13,2026-11-10,P
VG260026,TBD,2026-II,14,2026-11-17,T
VG260026,TBD,2026-II,15,2026-11-24,T
VG260026,TBD,2026-II,16,2026-12-01,P
VG260026,FIA,2026-II,1,2026-08-19,P
VG260026,FIA,2026-II,2,2026-08-26,T
VG260026,FIA,2026-II,3,2026-09-02,P
VG260026,FIA,2026-II,4,2026-09-09,F
VG260026,FIA,2026-II,5,2026-09-16,P
VG260026,FIA,2026-II,6,2026-09-23,P
VG260026,FIA,2026-II,7,2026-09-30,P
VG260026,FIA,2026-II,8,2026-10-07,P
VG260026,FIA,2026-II,9,2026-10-14,P
VG260026,FIA,2026-II,10,2026-10-21,P
VG260026,FIA,2026-II,11,2026-10-28,P
VG260026,FIA,2026-II,12,2026-11-04,P
VG260026,FIA,2026-II,13,2026-11-11,P
VG260026,FIA,2026-II,14,2026-11-18,P
VG260026,FIA,2026-II,15,2026-11-25,T
VG260026,FIA,2026-II,16,2026-12-02,F
VG260026,SDE,2026-II,1,2026-08-20,P
VG260026,SDE,2026-II,2,2026-08-27,P
VG260026,SDE,2026-II,3,2026-09-03,P
VG260026,SDE,2026-II,4,2026-09-10,P
VG260026,SDE,2026-II,5,2026-09-17,P
VG260026,SDE,2026-II,6,2026-09-24,P
VG260026,SDE,2026-II,7,2026-10-01,T
VG260026,SDE,2026-II,8,2026-10-08,P
VG260026,SDE,2026-II,9,2026-10-15,P
VG260026,SDE,2026-II,10,2026-10-22,P
VG260026,SDE,2026-II,11,2026-10-29,T
VG260026,SDE,2026-II,12,2026-11-05,P
VG260026,SDE,2026-II,13,2026-11-12,P
VG260026,SDE,2026-II,14,2026-11-19,P
VG260026,SDE,2026-II,15,2026-11-26,P
VG260026,SDE,2026-II,16,2026-12-03,P
VG260026,FCS,2026-II,1,2026-08-21,P
VG260026,FCS,2026-II,2,2026-08-28,P
VG260026,FCS,2026-II,3,2026-09-04,P
VG260026,FCS,2026-II,4,2026-09-11,T
VG260026,FCS,2026-II,5,2026-09-18,F
VG260026,FCS,2026-II,6,2026-09-25,J
VG260026,FCS,2026-II,7,2026-10-02,P
VG260026,FCS,2026-II,8,2026-10-09,P
VG260026,FCS,2026-II,9,2026-10-16,P
VG260026,FCS,2026-II,10,2026-10-23,P
VG260026,FCS,2026-II,11,2026-10-30,P
VG260026,FCS,2026-II,12,2026-11-06,P
VG260026,FCS,2026-II,13,2026-11-13,P
VG260026,FCS,2026-II,14,2026-11-20,P
VG260026,FCS,2026-II,15,2026-11-27,P
VG260026,FCS,2026-II,16,2026-12-04,P
VG260026,EIA,2026-II,1,2026-08-17,P
VG260026,EIA,2026-II,2,2026-08-24,P
VG260026,EIA,2026-II,3,2026-08-31,P
VG260026,EIA,2026-II,4,2026-09-07,P
VG260026,EIA,2026-II,5,2026-09-14,P
VG260026,EIA,2026-II,6,2026-09-21,P
VG260026,EIA,2026-II,7,2026-09-28,P
VG260026,EIA,2026-II,8,2026-10-05,F
VG260026,EIA,2026-II,9,2026-10-12,P
VG260026,EIA,2026-II,10,2026-10-19,P
VG260026,EIA,2026-II,11,2026-10-26,P
VG260026,EIA,2026-II,12,2026-11-02,P
VG260026,EIA,2026-II,13,2026-11-09,P
VG260026,EIA,2026-II,14,2026-11-16,P
VG260026,EIA,2026-II,15,2026-11-23,P
VG260026,EIA,2026-II,16,2026-11-30,P
VG260026,CII,2026-II,1,2026-08-18,P
VG260026,CII,2026-II,2,2026-08-25,P
VG260026,CII,2026-II,3,2026-09-01,P
VG260026,CII,2026-II,4,2026-09-08,P
VG260026,CII,2026-II,5,2026-09-15,P
VG260026,CII,2026-II,6,2026-09-22,P
VG260026,CII,2026-II,7,2026-09-29,P
VG260026,CII,2026-II,8,2026-10-06,P
VG260026,CII,2026-II,9,2026-10-13,P
VG260026,CII,2026-II,10,2026-10-20,P
VG260026,CII,2026-II,11,2026-10-27,P
VG260026,CII,2026-II,12,2026-11-03,P
VG260026,CII,2026-II,13,2026-11-10,P
VG260026,CII,2026-II,14,2026-11-17,F
VG260026,CII,2026-II,15,2026-11-24,P
VG260026,CII,2026-II,16,2026-12-01,P
VG260026,EIT,2026-II,1,2026-08-19,P
VG260026,EIT,2026-II,2,2026-08-26,P
VG260026,EIT,2026-II,3,2026-09-02,P
VG260026,EIT,2026-II,4,2026-09-09,P
VG260026,EIT,2026-II,5,2026-09-16,P
VG260026,EIT,2026-II,6,2026-09-23,P
VG260026,EIT,2026-II,7,2026-09-30,P
VG260026,EIT,2026-II,8,2026-10-07,P
VG260026,EIT,2026-II,9,2026-10-14,P
VG260026,EIT,2026-II,10,2026-10-21,F
VG260026,EIT,2026-II,11,2026-10-28,P
VG260026,EIT,2026-II,12,2026-11-04,T
VG260026,EIT,2026-II,13,2026-11-11,P
VG260026,EIT,2026-II,14,2026-11-18,P
VG260026,EIT,2026-II,15,2026-11-25,T
VG260026,EIT,2026-II,16,2026-12-02,P
VG260026,EFSRT5,2026-II,1,2026-08-20,P
VG260026,EFSRT5,2026-II,2,2026-08-27,P
VG260026,EFSRT5,2026-II,3,2026-09-03,P
VG260026,EFSRT5,2026-II,4,2026-09-10,P
VG260026,EFSRT5,2026-II,5,2026-09-17,T
VG260026,EFSRT5,2026-II,6,2026-09-24,P
VG260026,EFSRT5,2026-II,7,2026-10-01,P
VG260026,EFSRT5,2026-II,8,2026-10-08,P
VG260026,EFSRT5,2026-II,9,2026-10-15,P
VG260026,EFSRT5,2026-II,10,2026-10-22,P
VG260026,EFSRT5,2026-II,11,2026-10-29,P
VG260026,EFSRT5,2026-II,12,2026-11-05,P
VG260026,EFSRT5,2026-II,13,2026-11-12,P
VG260026,EFSRT5,2026-II,14,2026-11-19,P
VG260026,EFSRT5,2026-II,15,2026-11-26,F
VG260026,EFSRT5,2026-II,16,2026-12-03,P
VG260027,APS,2026-II,1,2026-08-17,P
VG260027,APS,2026-II,2,2026-08-24,P
VG260027,APS,2026-II,3,2026-08-31,P
VG260027,APS,2026-II,4,2026-09-07,P
VG260027,APS,2026-II,5,2026-09-14,T
VG260027,APS,2026-II,6,2026-09-21,P
VG260027,APS,2026-II,7,2026-09-28,P
VG260027,APS,2026-II,8,2026-10-05,P
VG260027,APS,2026-II,9,2026-10-12,P
VG260027,APS,2026-II,10,2026-10-19,P
VG260027,APS,2026-II,11,2026-10-26,P
VG260027,APS,2026-II,12,2026-11-02,P
VG260027,APS,2026-II,13,2026-11-09,P
VG260027,APS,2026-II,14,2026-11-16,P
VG260027,APS,2026-II,15,2026-11-23,P
VG260027,APS,2026-II,16,2026-11-30,P
VG260027,TBD,2026-II,1,2026-08-18,P
VG260027,TBD,2026-II,2,2026-08-25,P
VG260027,TBD,2026-II,3,2026-09-01,P
VG260027,TBD,2026-II,4,2026-09-08,P
VG260027,TBD,2026-II,5,2026-09-15,P
VG260027,TBD,2026-II,6,2026-09-22,P
VG260027,TBD,2026-II,7,2026-09-29,P
VG260027,TBD,2026-II,8,2026-10-06,P
VG260027,TBD,2026-II,9,2026-10-13,J
VG260027,TBD,2026-II,10,2026-10-20,P
VG260027,TBD,2026-II,11,2026-10-27,F
VG260027,TBD,2026-II,12,2026-11-03,P
VG260027,TBD,2026-II,13,2026-11-10,P
VG260027,TBD,2026-II,14,2026-11-17,T
VG260027,TBD,2026-II,15,2026-11-24,P
VG260027,TBD,2026-II,16,2026-12-01,P
VG260027,FIA,2026-II,1,2026-08-19,P
VG260027,FIA,2026-II,2,2026-08-26,P
VG260027,FIA,2026-II,3,2026-09-02,P
VG260027,FIA,2026-II,4,2026-09-09,P
VG260027,FIA,2026-II,5,2026-09-16,P
VG260027,FIA,2026-II,6,2026-09-23,P
VG260027,FIA,2026-II,7,2026-09-30,P
VG260027,FIA,2026-II,8,2026-10-07,P
VG260027,FIA,2026-II,9,2026-10-14,P
VG260027,FIA,2026-II,10,2026-10-21,P
VG260027,FIA,2026-II,11,2026-10-28,P
VG260027,FIA,2026-II,12,2026-11-04,P
VG260027,FIA,2026-II,13,2026-11-11,F
VG260027,FIA,2026-II,14,2026-11-18,P
VG260027,FIA,2026-II,15,2026-11-25,P
VG260027,FIA,2026-II,16,2026-12-02,P
VG260027,SDE,2026-II,1,2026-08-20,P
VG260027,SDE,2026-II,2,2026-08-27,P
VG260027,SDE,2026-II,3,2026-09-03,P
VG260027,SDE,2026-II,4,2026-09-10,P
VG260027,SDE,2026-II,5,2026-09-17,T
VG260027,SDE,2026-II,6,2026-09-24,P
VG260027,SDE,2026-II,7,2026-10-01,F
VG260027,SDE,2026-II,8,2026-10-08,P
VG260027,SDE,2026-II,9,2026-10-15,P
VG260027,SDE,2026-II,10,2026-10-22,T
VG260027,SDE,2026-II,11,2026-10-29,J
VG260027,SDE,2026-II,12,2026-11-05,P
VG260027,SDE,2026-II,13,2026-11-12,P
VG260027,SDE,2026-II,14,2026-11-19,T
VG260027,SDE,2026-II,15,2026-11-26,P
VG260027,SDE,2026-II,16,2026-12-03,P
VG260027,FCS,2026-II,1,2026-08-21,P
VG260027,FCS,2026-II,2,2026-08-28,P
VG260027,FCS,2026-II,3,2026-09-04,P
VG260027,FCS,2026-II,4,2026-09-11,F
VG260027,FCS,2026-II,5,2026-09-18,P
VG260027,FCS,2026-II,6,2026-09-25,P
VG260027,FCS,2026-II,7,2026-10-02,P
VG260027,FCS,2026-II,8,2026-10-09,P
VG260027,FCS,2026-II,9,2026-10-16,P
VG260027,FCS,2026-II,10,2026-10-23,P
VG260027,FCS,2026-II,11,2026-10-30,F
VG260027,FCS,2026-II,12,2026-11-06,J
VG260027,FCS,2026-II,13,2026-11-13,P
VG260027,FCS,2026-II,14,2026-11-20,F
VG260027,FCS,2026-II,15,2026-11-27,P
VG260027,FCS,2026-II,16,2026-12-04,P
VG260027,EIA,2026-II,1,2026-08-17,F
VG260027,EIA,2026-II,2,2026-08-24,T
VG260027,EIA,2026-II,3,2026-08-31,P
VG260027,EIA,2026-II,4,2026-09-07,P
VG260027,EIA,2026-II,5,2026-09-14,P
VG260027,EIA,2026-II,6,2026-09-21,P
VG260027,EIA,2026-II,7,2026-09-28,P
VG260027,EIA,2026-II,8,2026-10-05,P
VG260027,EIA,2026-II,9,2026-10-12,P
VG260027,EIA,2026-II,10,2026-10-19,T
VG260027,EIA,2026-II,11,2026-10-26,P
VG260027,EIA,2026-II,12,2026-11-02,P
VG260027,EIA,2026-II,13,2026-11-09,P
VG260027,EIA,2026-II,14,2026-11-16,P
VG260027,EIA,2026-II,15,2026-11-23,P
VG260027,EIA,2026-II,16,2026-11-30,P
VG260027,CII,2026-II,1,2026-08-18,T
VG260027,CII,2026-II,2,2026-08-25,P
VG260027,CII,2026-II,3,2026-09-01,F
VG260027,CII,2026-II,4,2026-09-08,P
VG260027,CII,2026-II,5,2026-09-15,P
VG260027,CII,2026-II,6,2026-09-22,P
VG260027,CII,2026-II,7,2026-09-29,T
VG260027,CII,2026-II,8,2026-10-06,P
VG260027,CII,2026-II,9,2026-10-13,P
VG260027,CII,2026-II,10,2026-10-20,P
VG260027,CII,2026-II,11,2026-10-27,P
VG260027,CII,2026-II,12,2026-11-03,P
VG260027,CII,2026-II,13,2026-11-10,P
VG260027,CII,2026-II,14,2026-11-17,P
VG260027,CII,2026-II,15,2026-11-24,T
VG260027,CII,2026-II,16,2026-12-01,P
VG260027,EIT,2026-II,1,2026-08-19,P
VG260027,EIT,2026-II,2,2026-08-26,P
VG260027,EIT,2026-II,3,2026-09-02,P
VG260027,EIT,2026-II,4,2026-09-09,P
VG260027,EIT,2026-II,5,2026-09-16,P
VG260027,EIT,2026-II,6,2026-09-23,P
VG260027,EIT,2026-II,7,2026-09-30,P
VG260027,EIT,2026-II,8,2026-10-07,P
VG260027,EIT,2026-II,9,2026-10-14,P
VG260027,EIT,2026-II,10,2026-10-21,P
VG260027,EIT,2026-II,11,2026-10-28,P
VG260027,EIT,2026-II,12,2026-11-04,P
VG260027,EIT,2026-II,13,2026-11-11,P
VG260027,EIT,2026-II,14,2026-11-18,P
VG260027,EIT,2026-II,15,2026-11-25,P
VG260027,EIT,2026-II,16,2026-12-02,P
VG260027,EFSRT5,2026-II,1,2026-08-20,P
VG260027,EFSRT5,2026-II,2,2026-08-27,F
VG260027,EFSRT5,2026-II,3,2026-09-03,P
VG260027,EFSRT5,2026-II,4,2026-09-10,F
VG260027,EFSRT5,2026-II,5,2026-09-17,P
VG260027,EFSRT5,2026-II,6,2026-09-24,P
VG260027,EFSRT5,2026-II,7,2026-10-01,P
VG260027,EFSRT5,2026-II,8,2026-10-08,F
VG260027,EFSRT5,2026-II,9,2026-10-15,F
VG260027,EFSRT5,2026-II,10,2026-10-22,P
VG260027,EFSRT5,2026-II,11,2026-10-29,F
VG260027,EFSRT5,2026-II,12,2026-11-05,P
VG260027,EFSRT5,2026-II,13,2026-11-12,J
VG260027,EFSRT5,2026-II,14,2026-11-19,P
VG260027,EFSRT5,2026-II,15,2026-11-26,P
VG260027,EFSRT5,2026-II,16,2026-12-03,P
VG260028,APS,2026-II,1,2026-08-17,P
VG260028,APS,2026-II,2,2026-08-24,P
VG260028,APS,2026-II,3,2026-08-31,T
VG260028,APS,2026-II,4,2026-09-07,F
VG260028,APS,2026-II,5,2026-09-14,P
VG260028,APS,2026-II,6,2026-09-21,T
VG260028,APS,2026-II,7,2026-09-28,J
VG260028,APS,2026-II,8,2026-10-05,P
VG260028,APS,2026-II,9,2026-10-12,P
VG260028,APS,2026-II,10,2026-10-19,P
VG260028,APS,2026-II,11,2026-10-26,P
VG260028,APS,2026-II,12,2026-11-02,P
VG260028,APS,2026-II,13,2026-11-09,P
VG260028,APS,2026-II,14,2026-11-16,P
VG260028,APS,2026-II,15,2026-11-23,P
VG260028,APS,2026-II,16,2026-11-30,F
VG260028,TBD,2026-II,1,2026-08-18,P
VG260028,TBD,2026-II,2,2026-08-25,P
VG260028,TBD,2026-II,3,2026-09-01,P
VG260028,TBD,2026-II,4,2026-09-08,P
VG260028,TBD,2026-II,5,2026-09-15,P
VG260028,TBD,2026-II,6,2026-09-22,F
VG260028,TBD,2026-II,7,2026-09-29,F
VG260028,TBD,2026-II,8,2026-10-06,F
VG260028,TBD,2026-II,9,2026-10-13,P
VG260028,TBD,2026-II,10,2026-10-20,P
VG260028,TBD,2026-II,11,2026-10-27,P
VG260028,TBD,2026-II,12,2026-11-03,P
VG260028,TBD,2026-II,13,2026-11-10,P
VG260028,TBD,2026-II,14,2026-11-17,J
VG260028,TBD,2026-II,15,2026-11-24,P
VG260028,TBD,2026-II,16,2026-12-01,F
VG260028,FIA,2026-II,1,2026-08-19,P
VG260028,FIA,2026-II,2,2026-08-26,P
VG260028,FIA,2026-II,3,2026-09-02,P
VG260028,FIA,2026-II,4,2026-09-09,P
VG260028,FIA,2026-II,5,2026-09-16,P
VG260028,FIA,2026-II,6,2026-09-23,P
VG260028,FIA,2026-II,7,2026-09-30,P
VG260028,FIA,2026-II,8,2026-10-07,T
VG260028,FIA,2026-II,9,2026-10-14,P
VG260028,FIA,2026-II,10,2026-10-21,P
VG260028,FIA,2026-II,11,2026-10-28,P
VG260028,FIA,2026-II,12,2026-11-04,P
VG260028,FIA,2026-II,13,2026-11-11,P
VG260028,FIA,2026-II,14,2026-11-18,P
VG260028,FIA,2026-II,15,2026-11-25,P
VG260028,FIA,2026-II,16,2026-12-02,J
VG260028,SDE,2026-II,1,2026-08-20,P
VG260028,SDE,2026-II,2,2026-08-27,F
VG260028,SDE,2026-II,3,2026-09-03,P
VG260028,SDE,2026-II,4,2026-09-10,P
VG260028,SDE,2026-II,5,2026-09-17,F
VG260028,SDE,2026-II,6,2026-09-24,P
VG260028,SDE,2026-II,7,2026-10-01,F
VG260028,SDE,2026-II,8,2026-10-08,P
VG260028,SDE,2026-II,9,2026-10-15,F
VG260028,SDE,2026-II,10,2026-10-22,T
VG260028,SDE,2026-II,11,2026-10-29,P
VG260028,SDE,2026-II,12,2026-11-05,F
VG260028,SDE,2026-II,13,2026-11-12,P
VG260028,SDE,2026-II,14,2026-11-19,P
VG260028,SDE,2026-II,15,2026-11-26,T
VG260028,SDE,2026-II,16,2026-12-03,P
VG260028,FCS,2026-II,1,2026-08-21,P
VG260028,FCS,2026-II,2,2026-08-28,F
VG260028,FCS,2026-II,3,2026-09-04,P
VG260028,FCS,2026-II,4,2026-09-11,J
VG260028,FCS,2026-II,5,2026-09-18,P
VG260028,FCS,2026-II,6,2026-09-25,P
VG260028,FCS,2026-II,7,2026-10-02,P
VG260028,FCS,2026-II,8,2026-10-09,P
VG260028,FCS,2026-II,9,2026-10-16,F
VG260028,FCS,2026-II,10,2026-10-23,P
VG260028,FCS,2026-II,11,2026-10-30,P
VG260028,FCS,2026-II,12,2026-11-06,P
VG260028,FCS,2026-II,13,2026-11-13,P
VG260028,FCS,2026-II,14,2026-11-20,P
VG260028,FCS,2026-II,15,2026-11-27,P
VG260028,FCS,2026-II,16,2026-12-04,P
VG260028,EIA,2026-II,1,2026-08-17,P
VG260028,EIA,2026-II,2,2026-08-24,P
VG260028,EIA,2026-II,3,2026-08-31,P
VG260028,EIA,2026-II,4,2026-09-07,T
VG260028,EIA,2026-II,5,2026-09-14,F
VG260028,EIA,2026-II,6,2026-09-21,P
VG260028,EIA,2026-II,7,2026-09-28,P
VG260028,EIA,2026-II,8,2026-10-05,F
VG260028,EIA,2026-II,9,2026-10-12,P
VG260028,EIA,2026-II,10,2026-10-19,P
VG260028,EIA,2026-II,11,2026-10-26,P
VG260028,EIA,2026-II,12,2026-11-02,F
VG260028,EIA,2026-II,13,2026-11-09,P
VG260028,EIA,2026-II,14,2026-11-16,P
VG260028,EIA,2026-II,15,2026-11-23,P
VG260028,EIA,2026-II,16,2026-11-30,P
VG260028,CII,2026-II,1,2026-08-18,P
VG260028,CII,2026-II,2,2026-08-25,T
VG260028,CII,2026-II,3,2026-09-01,P
VG260028,CII,2026-II,4,2026-09-08,P
VG260028,CII,2026-II,5,2026-09-15,F
VG260028,CII,2026-II,6,2026-09-22,P
VG260028,CII,2026-II,7,2026-09-29,P
VG260028,CII,2026-II,8,2026-10-06,F
VG260028,CII,2026-II,9,2026-10-13,P
VG260028,CII,2026-II,10,2026-10-20,P
VG260028,CII,2026-II,11,2026-10-27,P
VG260028,CII,2026-II,12,2026-11-03,P
VG260028,CII,2026-II,13,2026-11-10,P
VG260028,CII,2026-II,14,2026-11-17,F
VG260028,CII,2026-II,15,2026-11-24,P
VG260028,CII,2026-II,16,2026-12-01,P
VG260028,EIT,2026-II,1,2026-08-19,P
VG260028,EIT,2026-II,2,2026-08-26,F
VG260028,EIT,2026-II,3,2026-09-02,F
VG260028,EIT,2026-II,4,2026-09-09,P
VG260028,EIT,2026-II,5,2026-09-16,P
VG260028,EIT,2026-II,6,2026-09-23,F
VG260028,EIT,2026-II,7,2026-09-30,P
VG260028,EIT,2026-II,8,2026-10-07,P
VG260028,EIT,2026-II,9,2026-10-14,P
VG260028,EIT,2026-II,10,2026-10-21,P
VG260028,EIT,2026-II,11,2026-10-28,P
VG260028,EIT,2026-II,12,2026-11-04,P
VG260028,EIT,2026-II,13,2026-11-11,F
VG260028,EIT,2026-II,14,2026-11-18,P
VG260028,EIT,2026-II,15,2026-11-25,J
VG260028,EIT,2026-II,16,2026-12-02,P
VG260028,EFSRT5,2026-II,1,2026-08-20,P
VG260028,EFSRT5,2026-II,2,2026-08-27,P
VG260028,EFSRT5,2026-II,3,2026-09-03,P
VG260028,EFSRT5,2026-II,4,2026-09-10,F
VG260028,EFSRT5,2026-II,5,2026-09-17,P
VG260028,EFSRT5,2026-II,6,2026-09-24,P
VG260028,EFSRT5,2026-II,7,2026-10-01,P
VG260028,EFSRT5,2026-II,8,2026-10-08,P
VG260028,EFSRT5,2026-II,9,2026-10-15,P
VG260028,EFSRT5,2026-II,10,2026-10-22,F
VG260028,EFSRT5,2026-II,11,2026-10-29,T
VG260028,EFSRT5,2026-II,12,2026-11-05,P
VG260028,EFSRT5,2026-II,13,2026-11-12,J
VG260028,EFSRT5,2026-II,14,2026-11-19,P
VG260028,EFSRT5,2026-II,15,2026-11-26,P
VG260028,EFSRT5,2026-II,16,2026-12-03,P
VG260029,APS,2026-II,1,2026-08-17,P
VG260029,APS,2026-II,2,2026-08-24,P
VG260029,APS,2026-II,3,2026-08-31,P
VG260029,APS,2026-II,4,2026-09-07,P
VG260029,APS,2026-II,5,2026-09-14,P
VG260029,APS,2026-II,6,2026-09-21,P
VG260029,APS,2026-II,7,2026-09-28,P
VG260029,APS,2026-II,8,2026-10-05,P
VG260029,APS,2026-II,9,2026-10-12,P
VG260029,APS,2026-II,10,2026-10-19,P
VG260029,APS,2026-II,11,2026-10-26,P
VG260029,APS,2026-II,12,2026-11-02,P
VG260029,APS,2026-II,13,2026-11-09,P
VG260029,APS,2026-II,14,2026-11-16,P
VG260029,APS,2026-II,15,2026-11-23,P
VG260029,APS,2026-II,16,2026-11-30,P
VG260029,TBD,2026-II,1,2026-08-18,P
VG260029,TBD,2026-II,2,2026-08-25,P
VG260029,TBD,2026-II,3,2026-09-01,P
VG260029,TBD,2026-II,4,2026-09-08,P
VG260029,TBD,2026-II,5,2026-09-15,P
VG260029,TBD,2026-II,6,2026-09-22,P
VG260029,TBD,2026-II,7,2026-09-29,P
VG260029,TBD,2026-II,8,2026-10-06,P
VG260029,TBD,2026-II,9,2026-10-13,P
VG260029,TBD,2026-II,10,2026-10-20,P
VG260029,TBD,2026-II,11,2026-10-27,P
VG260029,TBD,2026-II,12,2026-11-03,P
VG260029,TBD,2026-II,13,2026-11-10,P
VG260029,TBD,2026-II,14,2026-11-17,P
VG260029,TBD,2026-II,15,2026-11-24,P
VG260029,TBD,2026-II,16,2026-12-01,P
VG260029,FIA,2026-II,1,2026-08-19,P
VG260029,FIA,2026-II,2,2026-08-26,P
VG260029,FIA,2026-II,3,2026-09-02,P
VG260029,FIA,2026-II,4,2026-09-09,P
VG260029,FIA,2026-II,5,2026-09-16,P
VG260029,FIA,2026-II,6,2026-09-23,P
VG260029,FIA,2026-II,7,2026-09-30,P
VG260029,FIA,2026-II,8,2026-10-07,P
VG260029,FIA,2026-II,9,2026-10-14,P
VG260029,FIA,2026-II,10,2026-10-21,P
VG260029,FIA,2026-II,11,2026-10-28,P
VG260029,FIA,2026-II,12,2026-11-04,P
VG260029,FIA,2026-II,13,2026-11-11,P
VG260029,FIA,2026-II,14,2026-11-18,P
VG260029,FIA,2026-II,15,2026-11-25,P
VG260029,FIA,2026-II,16,2026-12-02,P
VG260029,SDE,2026-II,1,2026-08-20,P
VG260029,SDE,2026-II,2,2026-08-27,T
VG260029,SDE,2026-II,3,2026-09-03,P
VG260029,SDE,2026-II,4,2026-09-10,T
VG260029,SDE,2026-II,5,2026-09-17,P
VG260029,SDE,2026-II,6,2026-09-24,P
VG260029,SDE,2026-II,7,2026-10-01,P
VG260029,SDE,2026-II,8,2026-10-08,P
VG260029,SDE,2026-II,9,2026-10-15,P
VG260029,SDE,2026-II,10,2026-10-22,P
VG260029,SDE,2026-II,11,2026-10-29,T
VG260029,SDE,2026-II,12,2026-11-05,P
VG260029,SDE,2026-II,13,2026-11-12,P
VG260029,SDE,2026-II,14,2026-11-19,P
VG260029,SDE,2026-II,15,2026-11-26,P
VG260029,SDE,2026-II,16,2026-12-03,P
VG260029,FCS,2026-II,1,2026-08-21,T
VG260029,FCS,2026-II,2,2026-08-28,P
VG260029,FCS,2026-II,3,2026-09-04,P
VG260029,FCS,2026-II,4,2026-09-11,P
VG260029,FCS,2026-II,5,2026-09-18,P
VG260029,FCS,2026-II,6,2026-09-25,P
VG260029,FCS,2026-II,7,2026-10-02,P
VG260029,FCS,2026-II,8,2026-10-09,P
VG260029,FCS,2026-II,9,2026-10-16,P
VG260029,FCS,2026-II,10,2026-10-23,P
VG260029,FCS,2026-II,11,2026-10-30,P
VG260029,FCS,2026-II,12,2026-11-06,P
VG260029,FCS,2026-II,13,2026-11-13,P
VG260029,FCS,2026-II,14,2026-11-20,P
VG260029,FCS,2026-II,15,2026-11-27,P
VG260029,FCS,2026-II,16,2026-12-04,P
VG260029,EIA,2026-II,1,2026-08-17,P
VG260029,EIA,2026-II,2,2026-08-24,P
VG260029,EIA,2026-II,3,2026-08-31,P
VG260029,EIA,2026-II,4,2026-09-07,P
VG260029,EIA,2026-II,5,2026-09-14,P
VG260029,EIA,2026-II,6,2026-09-21,P
VG260029,EIA,2026-II,7,2026-09-28,P
VG260029,EIA,2026-II,8,2026-10-05,P
VG260029,EIA,2026-II,9,2026-10-12,P
VG260029,EIA,2026-II,10,2026-10-19,P
VG260029,EIA,2026-II,11,2026-10-26,P
VG260029,EIA,2026-II,12,2026-11-02,P
VG260029,EIA,2026-II,13,2026-11-09,P
VG260029,EIA,2026-II,14,2026-11-16,P
VG260029,EIA,2026-II,15,2026-11-23,P
VG260029,EIA,2026-II,16,2026-11-30,P
VG260029,CII,2026-II,1,2026-08-18,P
VG260029,CII,2026-II,2,2026-08-25,P
VG260029,CII,2026-II,3,2026-09-01,P
VG260029,CII,2026-II,4,2026-09-08,P
VG260029,CII,2026-II,5,2026-09-15,T
VG260029,CII,2026-II,6,2026-09-22,P
VG260029,CII,2026-II,7,2026-09-29,P
VG260029,CII,2026-II,8,2026-10-06,P
VG260029,CII,2026-II,9,2026-10-13,P
VG260029,CII,2026-II,10,2026-10-20,P
VG260029,CII,2026-II,11,2026-10-27,P
VG260029,CII,2026-II,12,2026-11-03,P
VG260029,CII,2026-II,13,2026-11-10,P
VG260029,CII,2026-II,14,2026-11-17,P
VG260029,CII,2026-II,15,2026-11-24,P
VG260029,CII,2026-II,16,2026-12-01,P
VG260029,EIT,2026-II,1,2026-08-19,P
VG260029,EIT,2026-II,2,2026-08-26,P
VG260029,EIT,2026-II,3,2026-09-02,P
VG260029,EIT,2026-II,4,2026-09-09,P
VG260029,EIT,2026-II,5,2026-09-16,P
VG260029,EIT,2026-II,6,2026-09-23,P
VG260029,EIT,2026-II,7,2026-09-30,P
VG260029,EIT,2026-II,8,2026-10-07,P
VG260029,EIT,2026-II,9,2026-10-14,P
VG260029,EIT,2026-II,10,2026-10-21,P
VG260029,EIT,2026-II,11,2026-10-28,P
VG260029,EIT,2026-II,12,2026-11-04,P
VG260029,EIT,2026-II,13,2026-11-11,P
VG260029,EIT,2026-II,14,2026-11-18,P
VG260029,EIT,2026-II,15,2026-11-25,P
VG260029,EIT,2026-II,16,2026-12-02,P
VG260029,EFSRT5,2026-II,1,2026-08-20,P
VG260029,EFSRT5,2026-II,2,2026-08-27,P
VG260029,EFSRT5,2026-II,3,2026-09-03,P
VG260029,EFSRT5,2026-II,4,2026-09-10,P
VG260029,EFSRT5,2026-II,5,2026-09-17,T
VG260029,EFSRT5,2026-II,6,2026-09-24,P
VG260029,EFSRT5,2026-II,7,2026-10-01,P
VG260029,EFSRT5,2026-II,8,2026-10-08,P
VG260029,EFSRT5,2026-II,9,2026-10-15,P
VG260029,EFSRT5,2026-II,10,2026-10-22,P
VG260029,EFSRT5,2026-II,11,2026-10-29,P
VG260029,EFSRT5,2026-II,12,2026-11-05,P
VG260029,EFSRT5,2026-II,13,2026-11-12,P
VG260029,EFSRT5,2026-II,14,2026-11-19,P
VG260029,EFSRT5,2026-II,15,2026-11-26,P
VG260029,EFSRT5,2026-II,16,2026-12-03,P
VG260030,APS,2026-II,1,2026-08-17,P
VG260030,APS,2026-II,2,2026-08-24,P
VG260030,APS,2026-II,3,2026-08-31,P
VG260030,APS,2026-II,4,2026-09-07,P
VG260030,APS,2026-II,5,2026-09-14,P
VG260030,APS,2026-II,6,2026-09-21,P
VG260030,APS,2026-II,7,2026-09-28,T
VG260030,APS,2026-II,8,2026-10-05,P
VG260030,APS,2026-II,9,2026-10-12,P
VG260030,APS,2026-II,10,2026-10-19,P
VG260030,APS,2026-II,11,2026-10-26,P
VG260030,APS,2026-II,12,2026-11-02,P
VG260030,APS,2026-II,13,2026-11-09,T
VG260030,APS,2026-II,14,2026-11-16,T
VG260030,APS,2026-II,15,2026-11-23,P
VG260030,APS,2026-II,16,2026-11-30,P
VG260030,TBD,2026-II,1,2026-08-18,F
VG260030,TBD,2026-II,2,2026-08-25,P
VG260030,TBD,2026-II,3,2026-09-01,P
VG260030,TBD,2026-II,4,2026-09-08,P
VG260030,TBD,2026-II,5,2026-09-15,P
VG260030,TBD,2026-II,6,2026-09-22,P
VG260030,TBD,2026-II,7,2026-09-29,P
VG260030,TBD,2026-II,8,2026-10-06,P
VG260030,TBD,2026-II,9,2026-10-13,P
VG260030,TBD,2026-II,10,2026-10-20,P
VG260030,TBD,2026-II,11,2026-10-27,P
VG260030,TBD,2026-II,12,2026-11-03,P
VG260030,TBD,2026-II,13,2026-11-10,P
VG260030,TBD,2026-II,14,2026-11-17,P
VG260030,TBD,2026-II,15,2026-11-24,P
VG260030,TBD,2026-II,16,2026-12-01,T
VG260030,FIA,2026-II,1,2026-08-19,P
VG260030,FIA,2026-II,2,2026-08-26,P
VG260030,FIA,2026-II,3,2026-09-02,P
VG260030,FIA,2026-II,4,2026-09-09,P
VG260030,FIA,2026-II,5,2026-09-16,P
VG260030,FIA,2026-II,6,2026-09-23,P
VG260030,FIA,2026-II,7,2026-09-30,P
VG260030,FIA,2026-II,8,2026-10-07,P
VG260030,FIA,2026-II,9,2026-10-14,P
VG260030,FIA,2026-II,10,2026-10-21,P
VG260030,FIA,2026-II,11,2026-10-28,P
VG260030,FIA,2026-II,12,2026-11-04,T
VG260030,FIA,2026-II,13,2026-11-11,P
VG260030,FIA,2026-II,14,2026-11-18,P
VG260030,FIA,2026-II,15,2026-11-25,P
VG260030,FIA,2026-II,16,2026-12-02,P
VG260030,SDE,2026-II,1,2026-08-20,P
VG260030,SDE,2026-II,2,2026-08-27,P
VG260030,SDE,2026-II,3,2026-09-03,P
VG260030,SDE,2026-II,4,2026-09-10,P
VG260030,SDE,2026-II,5,2026-09-17,P
VG260030,SDE,2026-II,6,2026-09-24,P
VG260030,SDE,2026-II,7,2026-10-01,P
VG260030,SDE,2026-II,8,2026-10-08,P
VG260030,SDE,2026-II,9,2026-10-15,P
VG260030,SDE,2026-II,10,2026-10-22,P
VG260030,SDE,2026-II,11,2026-10-29,P
VG260030,SDE,2026-II,12,2026-11-05,P
VG260030,SDE,2026-II,13,2026-11-12,P
VG260030,SDE,2026-II,14,2026-11-19,P
VG260030,SDE,2026-II,15,2026-11-26,P
VG260030,SDE,2026-II,16,2026-12-03,P
VG260030,FCS,2026-II,1,2026-08-21,P
VG260030,FCS,2026-II,2,2026-08-28,P
VG260030,FCS,2026-II,3,2026-09-04,P
VG260030,FCS,2026-II,4,2026-09-11,P
VG260030,FCS,2026-II,5,2026-09-18,P
VG260030,FCS,2026-II,6,2026-09-25,P
VG260030,FCS,2026-II,7,2026-10-02,T
VG260030,FCS,2026-II,8,2026-10-09,P
VG260030,FCS,2026-II,9,2026-10-16,T
VG260030,FCS,2026-II,10,2026-10-23,P
VG260030,FCS,2026-II,11,2026-10-30,P
VG260030,FCS,2026-II,12,2026-11-06,T
VG260030,FCS,2026-II,13,2026-11-13,P
VG260030,FCS,2026-II,14,2026-11-20,P
VG260030,FCS,2026-II,15,2026-11-27,F
VG260030,FCS,2026-II,16,2026-12-04,P
VG260030,EIA,2026-II,1,2026-08-17,P
VG260030,EIA,2026-II,2,2026-08-24,P
VG260030,EIA,2026-II,3,2026-08-31,P
VG260030,EIA,2026-II,4,2026-09-07,P
VG260030,EIA,2026-II,5,2026-09-14,T
VG260030,EIA,2026-II,6,2026-09-21,P
VG260030,EIA,2026-II,7,2026-09-28,P
VG260030,EIA,2026-II,8,2026-10-05,P
VG260030,EIA,2026-II,9,2026-10-12,T
VG260030,EIA,2026-II,10,2026-10-19,T
VG260030,EIA,2026-II,11,2026-10-26,P
VG260030,EIA,2026-II,12,2026-11-02,T
VG260030,EIA,2026-II,13,2026-11-09,P
VG260030,EIA,2026-II,14,2026-11-16,P
VG260030,EIA,2026-II,15,2026-11-23,P
VG260030,EIA,2026-II,16,2026-11-30,P
VG260030,CII,2026-II,1,2026-08-18,P
VG260030,CII,2026-II,2,2026-08-25,P
VG260030,CII,2026-II,3,2026-09-01,P
VG260030,CII,2026-II,4,2026-09-08,P
VG260030,CII,2026-II,5,2026-09-15,P
VG260030,CII,2026-II,6,2026-09-22,P
VG260030,CII,2026-II,7,2026-09-29,P
VG260030,CII,2026-II,8,2026-10-06,P
VG260030,CII,2026-II,9,2026-10-13,J
VG260030,CII,2026-II,10,2026-10-20,P
VG260030,CII,2026-II,11,2026-10-27,P
VG260030,CII,2026-II,12,2026-11-03,P
VG260030,CII,2026-II,13,2026-11-10,P
VG260030,CII,2026-II,14,2026-11-17,P
VG260030,CII,2026-II,15,2026-11-24,P
VG260030,CII,2026-II,16,2026-12-01,P
VG260030,EIT,2026-II,1,2026-08-19,T
VG260030,EIT,2026-II,2,2026-08-26,P
VG260030,EIT,2026-II,3,2026-09-02,P
VG260030,EIT,2026-II,4,2026-09-09,P
VG260030,EIT,2026-II,5,2026-09-16,P
VG260030,EIT,2026-II,6,2026-09-23,P
VG260030,EIT,2026-II,7,2026-09-30,P
VG260030,EIT,2026-II,8,2026-10-07,P
VG260030,EIT,2026-II,9,2026-10-14,P
VG260030,EIT,2026-II,10,2026-10-21,P
VG260030,EIT,2026-II,11,2026-10-28,P
VG260030,EIT,2026-II,12,2026-11-04,P
VG260030,EIT,2026-II,13,2026-11-11,P
VG260030,EIT,2026-II,14,2026-11-18,P
VG260030,EIT,2026-II,15,2026-11-25,P
VG260030,EIT,2026-II,16,2026-12-02,P
VG260030,EFSRT5,2026-II,1,2026-08-20,P
VG260030,EFSRT5,2026-II,2,2026-08-27,P
VG260030,EFSRT5,2026-II,3,2026-09-03,P
VG260030,EFSRT5,2026-II,4,2026-09-10,P
VG260030,EFSRT5,2026-II,5,2026-09-17,P
VG260030,EFSRT5,2026-II,6,2026-09-24,P
VG260030,EFSRT5,2026-II,7,2026-10-01,P
VG260030,EFSRT5,2026-II,8,2026-10-08,P
VG260030,EFSRT5,2026-II,9,2026-10-15,P
VG260030,EFSRT5,2026-II,10,2026-10-22,T
VG260030,EFSRT5,2026-II,11,2026-10-29,P
VG260030,EFSRT5,2026-II,12,2026-11-05,P
VG260030,EFSRT5,2026-II,13,2026-11-12,P
VG260030,EFSRT5,2026-II,14,2026-11-19,P
VG260030,EFSRT5,2026-II,15,2026-11-26,P
VG260030,EFSRT5,2026-II,16,2026-12-03,P
VG260031,APS,2026-II,1,2026-08-17,P
VG260031,APS,2026-II,2,2026-08-24,T
VG260031,APS,2026-II,3,2026-08-31,P
VG260031,APS,2026-II,4,2026-09-07,P
VG260031,APS,2026-II,5,2026-09-14,P
VG260031,APS,2026-II,6,2026-09-21,F
VG260031,APS,2026-II,7,2026-09-28,P
VG260031,APS,2026-II,8,2026-10-05,P
VG260031,APS,2026-II,9,2026-10-12,P
VG260031,APS,2026-II,10,2026-10-19,P
VG260031,APS,2026-II,11,2026-10-26,T
VG260031,APS,2026-II,12,2026-11-02,P
VG260031,APS,2026-II,13,2026-11-09,P
VG260031,APS,2026-II,14,2026-11-16,P
VG260031,APS,2026-II,15,2026-11-23,P
VG260031,APS,2026-II,16,2026-11-30,P
VG260031,TBD,2026-II,1,2026-08-18,P
VG260031,TBD,2026-II,2,2026-08-25,P
VG260031,TBD,2026-II,3,2026-09-01,P
VG260031,TBD,2026-II,4,2026-09-08,P
VG260031,TBD,2026-II,5,2026-09-15,P
VG260031,TBD,2026-II,6,2026-09-22,P
VG260031,TBD,2026-II,7,2026-09-29,P
VG260031,TBD,2026-II,8,2026-10-06,T
VG260031,TBD,2026-II,9,2026-10-13,P
VG260031,TBD,2026-II,10,2026-10-20,P
VG260031,TBD,2026-II,11,2026-10-27,P
VG260031,TBD,2026-II,12,2026-11-03,P
VG260031,TBD,2026-II,13,2026-11-10,P
VG260031,TBD,2026-II,14,2026-11-17,P
VG260031,TBD,2026-II,15,2026-11-24,T
VG260031,TBD,2026-II,16,2026-12-01,P
VG260031,FIA,2026-II,1,2026-08-19,P
VG260031,FIA,2026-II,2,2026-08-26,F
VG260031,FIA,2026-II,3,2026-09-02,P
VG260031,FIA,2026-II,4,2026-09-09,P
VG260031,FIA,2026-II,5,2026-09-16,P
VG260031,FIA,2026-II,6,2026-09-23,P
VG260031,FIA,2026-II,7,2026-09-30,P
VG260031,FIA,2026-II,8,2026-10-07,P
VG260031,FIA,2026-II,9,2026-10-14,P
VG260031,FIA,2026-II,10,2026-10-21,P
VG260031,FIA,2026-II,11,2026-10-28,P
VG260031,FIA,2026-II,12,2026-11-04,P
VG260031,FIA,2026-II,13,2026-11-11,P
VG260031,FIA,2026-II,14,2026-11-18,F
VG260031,FIA,2026-II,15,2026-11-25,P
VG260031,FIA,2026-II,16,2026-12-02,P
VG260031,SDE,2026-II,1,2026-08-20,P
VG260031,SDE,2026-II,2,2026-08-27,P
VG260031,SDE,2026-II,3,2026-09-03,J
VG260031,SDE,2026-II,4,2026-09-10,P
VG260031,SDE,2026-II,5,2026-09-17,P
VG260031,SDE,2026-II,6,2026-09-24,P
VG260031,SDE,2026-II,7,2026-10-01,F
VG260031,SDE,2026-II,8,2026-10-08,P
VG260031,SDE,2026-II,9,2026-10-15,P
VG260031,SDE,2026-II,10,2026-10-22,P
VG260031,SDE,2026-II,11,2026-10-29,P
VG260031,SDE,2026-II,12,2026-11-05,P
VG260031,SDE,2026-II,13,2026-11-12,P
VG260031,SDE,2026-II,14,2026-11-19,P
VG260031,SDE,2026-II,15,2026-11-26,P
VG260031,SDE,2026-II,16,2026-12-03,P
VG260031,FCS,2026-II,1,2026-08-21,P
VG260031,FCS,2026-II,2,2026-08-28,P
VG260031,FCS,2026-II,3,2026-09-04,P
VG260031,FCS,2026-II,4,2026-09-11,P
VG260031,FCS,2026-II,5,2026-09-18,P
VG260031,FCS,2026-II,6,2026-09-25,P
VG260031,FCS,2026-II,7,2026-10-02,P
VG260031,FCS,2026-II,8,2026-10-09,P
VG260031,FCS,2026-II,9,2026-10-16,P
VG260031,FCS,2026-II,10,2026-10-23,P
VG260031,FCS,2026-II,11,2026-10-30,P
VG260031,FCS,2026-II,12,2026-11-06,P
VG260031,FCS,2026-II,13,2026-11-13,P
VG260031,FCS,2026-II,14,2026-11-20,F
VG260031,FCS,2026-II,15,2026-11-27,P
VG260031,FCS,2026-II,16,2026-12-04,F
VG260031,EIA,2026-II,1,2026-08-17,P
VG260031,EIA,2026-II,2,2026-08-24,F
VG260031,EIA,2026-II,3,2026-08-31,P
VG260031,EIA,2026-II,4,2026-09-07,P
VG260031,EIA,2026-II,5,2026-09-14,P
VG260031,EIA,2026-II,6,2026-09-21,P
VG260031,EIA,2026-II,7,2026-09-28,P
VG260031,EIA,2026-II,8,2026-10-05,P
VG260031,EIA,2026-II,9,2026-10-12,P
VG260031,EIA,2026-II,10,2026-10-19,P
VG260031,EIA,2026-II,11,2026-10-26,P
VG260031,EIA,2026-II,12,2026-11-02,P
VG260031,EIA,2026-II,13,2026-11-09,F
VG260031,EIA,2026-II,14,2026-11-16,P
VG260031,EIA,2026-II,15,2026-11-23,P
VG260031,EIA,2026-II,16,2026-11-30,P
VG260031,CII,2026-II,1,2026-08-18,P
VG260031,CII,2026-II,2,2026-08-25,P
VG260031,CII,2026-II,3,2026-09-01,P
VG260031,CII,2026-II,4,2026-09-08,P
VG260031,CII,2026-II,5,2026-09-15,P
VG260031,CII,2026-II,6,2026-09-22,P
VG260031,CII,2026-II,7,2026-09-29,P
VG260031,CII,2026-II,8,2026-10-06,P
VG260031,CII,2026-II,9,2026-10-13,P
VG260031,CII,2026-II,10,2026-10-20,F
VG260031,CII,2026-II,11,2026-10-27,P
VG260031,CII,2026-II,12,2026-11-03,P
VG260031,CII,2026-II,13,2026-11-10,P
VG260031,CII,2026-II,14,2026-11-17,P
VG260031,CII,2026-II,15,2026-11-24,P
VG260031,CII,2026-II,16,2026-12-01,P
VG260031,EIT,2026-II,1,2026-08-19,P
VG260031,EIT,2026-II,2,2026-08-26,P
VG260031,EIT,2026-II,3,2026-09-02,P
VG260031,EIT,2026-II,4,2026-09-09,P
VG260031,EIT,2026-II,5,2026-09-16,P
VG260031,EIT,2026-II,6,2026-09-23,T
VG260031,EIT,2026-II,7,2026-09-30,P
VG260031,EIT,2026-II,8,2026-10-07,P
VG260031,EIT,2026-II,9,2026-10-14,P
VG260031,EIT,2026-II,10,2026-10-21,P
VG260031,EIT,2026-II,11,2026-10-28,P
VG260031,EIT,2026-II,12,2026-11-04,T
VG260031,EIT,2026-II,13,2026-11-11,P
VG260031,EIT,2026-II,14,2026-11-18,F
VG260031,EIT,2026-II,15,2026-11-25,P
VG260031,EIT,2026-II,16,2026-12-02,P
VG260031,EFSRT5,2026-II,1,2026-08-20,P
VG260031,EFSRT5,2026-II,2,2026-08-27,P
VG260031,EFSRT5,2026-II,3,2026-09-03,F
VG260031,EFSRT5,2026-II,4,2026-09-10,P
VG260031,EFSRT5,2026-II,5,2026-09-17,P
VG260031,EFSRT5,2026-II,6,2026-09-24,P
VG260031,EFSRT5,2026-II,7,2026-10-01,P
VG260031,EFSRT5,2026-II,8,2026-10-08,P
VG260031,EFSRT5,2026-II,9,2026-10-15,P
VG260031,EFSRT5,2026-II,10,2026-10-22,P
VG260031,EFSRT5,2026-II,11,2026-10-29,P
VG260031,EFSRT5,2026-II,12,2026-11-05,P
VG260031,EFSRT5,2026-II,13,2026-11-12,P
VG260031,EFSRT5,2026-II,14,2026-11-19,F
VG260031,EFSRT5,2026-II,15,2026-11-26,P
VG260031,EFSRT5,2026-II,16,2026-12-03,P
VG260032,APS,2026-II,1,2026-08-17,P
VG260032,APS,2026-II,2,2026-08-24,P
VG260032,APS,2026-II,3,2026-08-31,P
VG260032,APS,2026-II,4,2026-09-07,P
VG260032,APS,2026-II,5,2026-09-14,P
VG260032,APS,2026-II,6,2026-09-21,P
VG260032,APS,2026-II,7,2026-09-28,T
VG260032,APS,2026-II,8,2026-10-05,P
VG260032,APS,2026-II,9,2026-10-12,P
VG260032,APS,2026-II,10,2026-10-19,P
VG260032,APS,2026-II,11,2026-10-26,P
VG260032,APS,2026-II,12,2026-11-02,P
VG260032,APS,2026-II,13,2026-11-09,P
VG260032,APS,2026-II,14,2026-11-16,P
VG260032,APS,2026-II,15,2026-11-23,P
VG260032,APS,2026-II,16,2026-11-30,P
VG260032,TBD,2026-II,1,2026-08-18,P
VG260032,TBD,2026-II,2,2026-08-25,P
VG260032,TBD,2026-II,3,2026-09-01,P
VG260032,TBD,2026-II,4,2026-09-08,P
VG260032,TBD,2026-II,5,2026-09-15,P
VG260032,TBD,2026-II,6,2026-09-22,T
VG260032,TBD,2026-II,7,2026-09-29,P
VG260032,TBD,2026-II,8,2026-10-06,P
VG260032,TBD,2026-II,9,2026-10-13,P
VG260032,TBD,2026-II,10,2026-10-20,P
VG260032,TBD,2026-II,11,2026-10-27,P
VG260032,TBD,2026-II,12,2026-11-03,P
VG260032,TBD,2026-II,13,2026-11-10,P
VG260032,TBD,2026-II,14,2026-11-17,P
VG260032,TBD,2026-II,15,2026-11-24,P
VG260032,TBD,2026-II,16,2026-12-01,P
VG260032,FIA,2026-II,1,2026-08-19,P
VG260032,FIA,2026-II,2,2026-08-26,P
VG260032,FIA,2026-II,3,2026-09-02,P
VG260032,FIA,2026-II,4,2026-09-09,P
VG260032,FIA,2026-II,5,2026-09-16,P
VG260032,FIA,2026-II,6,2026-09-23,P
VG260032,FIA,2026-II,7,2026-09-30,P
VG260032,FIA,2026-II,8,2026-10-07,P
VG260032,FIA,2026-II,9,2026-10-14,P
VG260032,FIA,2026-II,10,2026-10-21,P
VG260032,FIA,2026-II,11,2026-10-28,P
VG260032,FIA,2026-II,12,2026-11-04,P
VG260032,FIA,2026-II,13,2026-11-11,T
VG260032,FIA,2026-II,14,2026-11-18,P
VG260032,FIA,2026-II,15,2026-11-25,P
VG260032,FIA,2026-II,16,2026-12-02,P
VG260032,SDE,2026-II,1,2026-08-20,P
VG260032,SDE,2026-II,2,2026-08-27,P
VG260032,SDE,2026-II,3,2026-09-03,P
VG260032,SDE,2026-II,4,2026-09-10,P
VG260032,SDE,2026-II,5,2026-09-17,P
VG260032,SDE,2026-II,6,2026-09-24,P
VG260032,SDE,2026-II,7,2026-10-01,P
VG260032,SDE,2026-II,8,2026-10-08,F
VG260032,SDE,2026-II,9,2026-10-15,P
VG260032,SDE,2026-II,10,2026-10-22,P
VG260032,SDE,2026-II,11,2026-10-29,F
VG260032,SDE,2026-II,12,2026-11-05,T
VG260032,SDE,2026-II,13,2026-11-12,P
VG260032,SDE,2026-II,14,2026-11-19,P
VG260032,SDE,2026-II,15,2026-11-26,P
VG260032,SDE,2026-II,16,2026-12-03,P
VG260032,FCS,2026-II,1,2026-08-21,P
VG260032,FCS,2026-II,2,2026-08-28,P
VG260032,FCS,2026-II,3,2026-09-04,P
VG260032,FCS,2026-II,4,2026-09-11,P
VG260032,FCS,2026-II,5,2026-09-18,P
VG260032,FCS,2026-II,6,2026-09-25,T
VG260032,FCS,2026-II,7,2026-10-02,P
VG260032,FCS,2026-II,8,2026-10-09,P
VG260032,FCS,2026-II,9,2026-10-16,P
VG260032,FCS,2026-II,10,2026-10-23,P
VG260032,FCS,2026-II,11,2026-10-30,P
VG260032,FCS,2026-II,12,2026-11-06,P
VG260032,FCS,2026-II,13,2026-11-13,P
VG260032,FCS,2026-II,14,2026-11-20,F
VG260032,FCS,2026-II,15,2026-11-27,P
VG260032,FCS,2026-II,16,2026-12-04,T
VG260032,EIA,2026-II,1,2026-08-17,P
VG260032,EIA,2026-II,2,2026-08-24,P
VG260032,EIA,2026-II,3,2026-08-31,P
VG260032,EIA,2026-II,4,2026-09-07,P
VG260032,EIA,2026-II,5,2026-09-14,P
VG260032,EIA,2026-II,6,2026-09-21,P
VG260032,EIA,2026-II,7,2026-09-28,P
VG260032,EIA,2026-II,8,2026-10-05,P
VG260032,EIA,2026-II,9,2026-10-12,P
VG260032,EIA,2026-II,10,2026-10-19,P
VG260032,EIA,2026-II,11,2026-10-26,P
VG260032,EIA,2026-II,12,2026-11-02,P
VG260032,EIA,2026-II,13,2026-11-09,P
VG260032,EIA,2026-II,14,2026-11-16,P
VG260032,EIA,2026-II,15,2026-11-23,P
VG260032,EIA,2026-II,16,2026-11-30,P
VG260032,CII,2026-II,1,2026-08-18,P
VG260032,CII,2026-II,2,2026-08-25,P
VG260032,CII,2026-II,3,2026-09-01,P
VG260032,CII,2026-II,4,2026-09-08,P
VG260032,CII,2026-II,5,2026-09-15,P
VG260032,CII,2026-II,6,2026-09-22,P
VG260032,CII,2026-II,7,2026-09-29,P
VG260032,CII,2026-II,8,2026-10-06,P
VG260032,CII,2026-II,9,2026-10-13,T
VG260032,CII,2026-II,10,2026-10-20,P
VG260032,CII,2026-II,11,2026-10-27,T
VG260032,CII,2026-II,12,2026-11-03,P
VG260032,CII,2026-II,13,2026-11-10,P
VG260032,CII,2026-II,14,2026-11-17,F
VG260032,CII,2026-II,15,2026-11-24,T
VG260032,CII,2026-II,16,2026-12-01,P
VG260032,EIT,2026-II,1,2026-08-19,T
VG260032,EIT,2026-II,2,2026-08-26,P
VG260032,EIT,2026-II,3,2026-09-02,P
VG260032,EIT,2026-II,4,2026-09-09,P
VG260032,EIT,2026-II,5,2026-09-16,P
VG260032,EIT,2026-II,6,2026-09-23,P
VG260032,EIT,2026-II,7,2026-09-30,P
VG260032,EIT,2026-II,8,2026-10-07,P
VG260032,EIT,2026-II,9,2026-10-14,P
VG260032,EIT,2026-II,10,2026-10-21,P
VG260032,EIT,2026-II,11,2026-10-28,P
VG260032,EIT,2026-II,12,2026-11-04,P
VG260032,EIT,2026-II,13,2026-11-11,P
VG260032,EIT,2026-II,14,2026-11-18,P
VG260032,EIT,2026-II,15,2026-11-25,P
VG260032,EIT,2026-II,16,2026-12-02,P
VG260032,EFSRT5,2026-II,1,2026-08-20,P
VG260032,EFSRT5,2026-II,2,2026-08-27,P
VG260032,EFSRT5,2026-II,3,2026-09-03,P
VG260032,EFSRT5,2026-II,4,2026-09-10,P
VG260032,EFSRT5,2026-II,5,2026-09-17,F
VG260032,EFSRT5,2026-II,6,2026-09-24,P
VG260032,EFSRT5,2026-II,7,2026-10-01,P
VG260032,EFSRT5,2026-II,8,2026-10-08,P
VG260032,EFSRT5,2026-II,9,2026-10-15,P
VG260032,EFSRT5,2026-II,10,2026-10-22,P
VG260032,EFSRT5,2026-II,11,2026-10-29,P
VG260032,EFSRT5,2026-II,12,2026-11-05,P
VG260032,EFSRT5,2026-II,13,2026-11-12,P
VG260032,EFSRT5,2026-II,14,2026-11-19,P
VG260032,EFSRT5,2026-II,15,2026-11-26,P
VG260032,EFSRT5,2026-II,16,2026-12-03,P
VG260033,APS,2026-II,1,2026-08-17,P
VG260033,APS,2026-II,2,2026-08-24,P
VG260033,APS,2026-II,3,2026-08-31,P
VG260033,APS,2026-II,4,2026-09-07,P
VG260033,APS,2026-II,5,2026-09-14,P
VG260033,APS,2026-II,6,2026-09-21,P
VG260033,APS,2026-II,7,2026-09-28,P
VG260033,APS,2026-II,8,2026-10-05,P
VG260033,APS,2026-II,9,2026-10-12,J
VG260033,APS,2026-II,10,2026-10-19,P
VG260033,APS,2026-II,11,2026-10-26,P
VG260033,APS,2026-II,12,2026-11-02,P
VG260033,APS,2026-II,13,2026-11-09,P
VG260033,APS,2026-II,14,2026-11-16,P
VG260033,APS,2026-II,15,2026-11-23,P
VG260033,APS,2026-II,16,2026-11-30,P
VG260033,TBD,2026-II,1,2026-08-18,P
VG260033,TBD,2026-II,2,2026-08-25,P
VG260033,TBD,2026-II,3,2026-09-01,P
VG260033,TBD,2026-II,4,2026-09-08,P
VG260033,TBD,2026-II,5,2026-09-15,P
VG260033,TBD,2026-II,6,2026-09-22,P
VG260033,TBD,2026-II,7,2026-09-29,F
VG260033,TBD,2026-II,8,2026-10-06,P
VG260033,TBD,2026-II,9,2026-10-13,P
VG260033,TBD,2026-II,10,2026-10-20,P
VG260033,TBD,2026-II,11,2026-10-27,P
VG260033,TBD,2026-II,12,2026-11-03,P
VG260033,TBD,2026-II,13,2026-11-10,P
VG260033,TBD,2026-II,14,2026-11-17,P
VG260033,TBD,2026-II,15,2026-11-24,P
VG260033,TBD,2026-II,16,2026-12-01,P
VG260033,FIA,2026-II,1,2026-08-19,P
VG260033,FIA,2026-II,2,2026-08-26,P
VG260033,FIA,2026-II,3,2026-09-02,F
VG260033,FIA,2026-II,4,2026-09-09,T
VG260033,FIA,2026-II,5,2026-09-16,T
VG260033,FIA,2026-II,6,2026-09-23,T
VG260033,FIA,2026-II,7,2026-09-30,P
VG260033,FIA,2026-II,8,2026-10-07,P
VG260033,FIA,2026-II,9,2026-10-14,T
VG260033,FIA,2026-II,10,2026-10-21,P
VG260033,FIA,2026-II,11,2026-10-28,P
VG260033,FIA,2026-II,12,2026-11-04,P
VG260033,FIA,2026-II,13,2026-11-11,P
VG260033,FIA,2026-II,14,2026-11-18,P
VG260033,FIA,2026-II,15,2026-11-25,P
VG260033,FIA,2026-II,16,2026-12-02,P
VG260033,SDE,2026-II,1,2026-08-20,P
VG260033,SDE,2026-II,2,2026-08-27,P
VG260033,SDE,2026-II,3,2026-09-03,P
VG260033,SDE,2026-II,4,2026-09-10,P
VG260033,SDE,2026-II,5,2026-09-17,P
VG260033,SDE,2026-II,6,2026-09-24,P
VG260033,SDE,2026-II,7,2026-10-01,P
VG260033,SDE,2026-II,8,2026-10-08,P
VG260033,SDE,2026-II,9,2026-10-15,P
VG260033,SDE,2026-II,10,2026-10-22,T
VG260033,SDE,2026-II,11,2026-10-29,P
VG260033,SDE,2026-II,12,2026-11-05,T
VG260033,SDE,2026-II,13,2026-11-12,P
VG260033,SDE,2026-II,14,2026-11-19,P
VG260033,SDE,2026-II,15,2026-11-26,P
VG260033,SDE,2026-II,16,2026-12-03,T
VG260033,FCS,2026-II,1,2026-08-21,P
VG260033,FCS,2026-II,2,2026-08-28,P
VG260033,FCS,2026-II,3,2026-09-04,P
VG260033,FCS,2026-II,4,2026-09-11,P
VG260033,FCS,2026-II,5,2026-09-18,P
VG260033,FCS,2026-II,6,2026-09-25,P
VG260033,FCS,2026-II,7,2026-10-02,P
VG260033,FCS,2026-II,8,2026-10-09,P
VG260033,FCS,2026-II,9,2026-10-16,P
VG260033,FCS,2026-II,10,2026-10-23,P
VG260033,FCS,2026-II,11,2026-10-30,P
VG260033,FCS,2026-II,12,2026-11-06,P
VG260033,FCS,2026-II,13,2026-11-13,P
VG260033,FCS,2026-II,14,2026-11-20,P
VG260033,FCS,2026-II,15,2026-11-27,P
VG260033,FCS,2026-II,16,2026-12-04,P
VG260033,EIA,2026-II,1,2026-08-17,P
VG260033,EIA,2026-II,2,2026-08-24,P
VG260033,EIA,2026-II,3,2026-08-31,P
VG260033,EIA,2026-II,4,2026-09-07,P
VG260033,EIA,2026-II,5,2026-09-14,P
VG260033,EIA,2026-II,6,2026-09-21,P
VG260033,EIA,2026-II,7,2026-09-28,F
VG260033,EIA,2026-II,8,2026-10-05,P
VG260033,EIA,2026-II,9,2026-10-12,P
VG260033,EIA,2026-II,10,2026-10-19,P
VG260033,EIA,2026-II,11,2026-10-26,P
VG260033,EIA,2026-II,12,2026-11-02,P
VG260033,EIA,2026-II,13,2026-11-09,P
VG260033,EIA,2026-II,14,2026-11-16,P
VG260033,EIA,2026-II,15,2026-11-23,P
VG260033,EIA,2026-II,16,2026-11-30,P
VG260033,CII,2026-II,1,2026-08-18,T
VG260033,CII,2026-II,2,2026-08-25,T
VG260033,CII,2026-II,3,2026-09-01,P
VG260033,CII,2026-II,4,2026-09-08,P
VG260033,CII,2026-II,5,2026-09-15,T
VG260033,CII,2026-II,6,2026-09-22,P
VG260033,CII,2026-II,7,2026-09-29,P
VG260033,CII,2026-II,8,2026-10-06,P
VG260033,CII,2026-II,9,2026-10-13,P
VG260033,CII,2026-II,10,2026-10-20,P
VG260033,CII,2026-II,11,2026-10-27,F
VG260033,CII,2026-II,12,2026-11-03,P
VG260033,CII,2026-II,13,2026-11-10,P
VG260033,CII,2026-II,14,2026-11-17,P
VG260033,CII,2026-II,15,2026-11-24,P
VG260033,CII,2026-II,16,2026-12-01,P
VG260033,EIT,2026-II,1,2026-08-19,P
VG260033,EIT,2026-II,2,2026-08-26,P
VG260033,EIT,2026-II,3,2026-09-02,T
VG260033,EIT,2026-II,4,2026-09-09,P
VG260033,EIT,2026-II,5,2026-09-16,T
VG260033,EIT,2026-II,6,2026-09-23,P
VG260033,EIT,2026-II,7,2026-09-30,P
VG260033,EIT,2026-II,8,2026-10-07,P
VG260033,EIT,2026-II,9,2026-10-14,P
VG260033,EIT,2026-II,10,2026-10-21,P
VG260033,EIT,2026-II,11,2026-10-28,T
VG260033,EIT,2026-II,12,2026-11-04,P
VG260033,EIT,2026-II,13,2026-11-11,P
VG260033,EIT,2026-II,14,2026-11-18,P
VG260033,EIT,2026-II,15,2026-11-25,P
VG260033,EIT,2026-II,16,2026-12-02,P
VG260033,EFSRT5,2026-II,1,2026-08-20,P
VG260033,EFSRT5,2026-II,2,2026-08-27,P
VG260033,EFSRT5,2026-II,3,2026-09-03,T
VG260033,EFSRT5,2026-II,4,2026-09-10,P
VG260033,EFSRT5,2026-II,5,2026-09-17,P
VG260033,EFSRT5,2026-II,6,2026-09-24,T
VG260033,EFSRT5,2026-II,7,2026-10-01,P
VG260033,EFSRT5,2026-II,8,2026-10-08,P
VG260033,EFSRT5,2026-II,9,2026-10-15,P
VG260033,EFSRT5,2026-II,10,2026-10-22,P
VG260033,EFSRT5,2026-II,11,2026-10-29,T
VG260033,EFSRT5,2026-II,12,2026-11-05,P
VG260033,EFSRT5,2026-II,13,2026-11-12,P
VG260033,EFSRT5,2026-II,14,2026-11-19,P
VG260033,EFSRT5,2026-II,15,2026-11-26,P
VG260033,EFSRT5,2026-II,16,2026-12-03,P
VG260034,APS,2026-II,1,2026-08-17,F
VG260034,APS,2026-II,2,2026-08-24,P
VG260034,APS,2026-II,3,2026-08-31,P
VG260034,APS,2026-II,4,2026-09-07,F
VG260034,APS,2026-II,5,2026-09-14,P
VG260034,APS,2026-II,6,2026-09-21,P
VG260034,APS,2026-II,7,2026-09-28,P
VG260034,APS,2026-II,8,2026-10-05,P
VG260034,APS,2026-II,9,2026-10-12,P
VG260034,APS,2026-II,10,2026-10-19,P
VG260034,APS,2026-II,11,2026-10-26,P
VG260034,APS,2026-II,12,2026-11-02,P
VG260034,APS,2026-II,13,2026-11-09,T
VG260034,APS,2026-II,14,2026-11-16,P
VG260034,APS,2026-II,15,2026-11-23,P
VG260034,APS,2026-II,16,2026-11-30,P
VG260034,TBD,2026-II,1,2026-08-18,P
VG260034,TBD,2026-II,2,2026-08-25,P
VG260034,TBD,2026-II,3,2026-09-01,P
VG260034,TBD,2026-II,4,2026-09-08,P
VG260034,TBD,2026-II,5,2026-09-15,P
VG260034,TBD,2026-II,6,2026-09-22,P
VG260034,TBD,2026-II,7,2026-09-29,P
VG260034,TBD,2026-II,8,2026-10-06,P
VG260034,TBD,2026-II,9,2026-10-13,F
VG260034,TBD,2026-II,10,2026-10-20,F
VG260034,TBD,2026-II,11,2026-10-27,F
VG260034,TBD,2026-II,12,2026-11-03,F
VG260034,TBD,2026-II,13,2026-11-10,T
VG260034,TBD,2026-II,14,2026-11-17,F
VG260034,TBD,2026-II,15,2026-11-24,P
VG260034,TBD,2026-II,16,2026-12-01,P
VG260034,FIA,2026-II,1,2026-08-19,P
VG260034,FIA,2026-II,2,2026-08-26,P
VG260034,FIA,2026-II,3,2026-09-02,P
VG260034,FIA,2026-II,4,2026-09-09,P
VG260034,FIA,2026-II,5,2026-09-16,P
VG260034,FIA,2026-II,6,2026-09-23,P
VG260034,FIA,2026-II,7,2026-09-30,P
VG260034,FIA,2026-II,8,2026-10-07,P
VG260034,FIA,2026-II,9,2026-10-14,T
VG260034,FIA,2026-II,10,2026-10-21,P
VG260034,FIA,2026-II,11,2026-10-28,P
VG260034,FIA,2026-II,12,2026-11-04,P
VG260034,FIA,2026-II,13,2026-11-11,P
VG260034,FIA,2026-II,14,2026-11-18,P
VG260034,FIA,2026-II,15,2026-11-25,P
VG260034,FIA,2026-II,16,2026-12-02,F
VG260034,SDE,2026-II,1,2026-08-20,F
VG260034,SDE,2026-II,2,2026-08-27,P
VG260034,SDE,2026-II,3,2026-09-03,J
VG260034,SDE,2026-II,4,2026-09-10,P
VG260034,SDE,2026-II,5,2026-09-17,J
VG260034,SDE,2026-II,6,2026-09-24,P
VG260034,SDE,2026-II,7,2026-10-01,F
VG260034,SDE,2026-II,8,2026-10-08,P
VG260034,SDE,2026-II,9,2026-10-15,P
VG260034,SDE,2026-II,10,2026-10-22,P
VG260034,SDE,2026-II,11,2026-10-29,P
VG260034,SDE,2026-II,12,2026-11-05,P
VG260034,SDE,2026-II,13,2026-11-12,J
VG260034,SDE,2026-II,14,2026-11-19,T
VG260034,SDE,2026-II,15,2026-11-26,P
VG260034,SDE,2026-II,16,2026-12-03,P
VG260034,FCS,2026-II,1,2026-08-21,P
VG260034,FCS,2026-II,2,2026-08-28,P
VG260034,FCS,2026-II,3,2026-09-04,P
VG260034,FCS,2026-II,4,2026-09-11,J
VG260034,FCS,2026-II,5,2026-09-18,P
VG260034,FCS,2026-II,6,2026-09-25,P
VG260034,FCS,2026-II,7,2026-10-02,P
VG260034,FCS,2026-II,8,2026-10-09,P
VG260034,FCS,2026-II,9,2026-10-16,P
VG260034,FCS,2026-II,10,2026-10-23,T
VG260034,FCS,2026-II,11,2026-10-30,P
VG260034,FCS,2026-II,12,2026-11-06,P
VG260034,FCS,2026-II,13,2026-11-13,P
VG260034,FCS,2026-II,14,2026-11-20,P
VG260034,FCS,2026-II,15,2026-11-27,P
VG260034,FCS,2026-II,16,2026-12-04,F
VG260034,EIA,2026-II,1,2026-08-17,P
VG260034,EIA,2026-II,2,2026-08-24,T
VG260034,EIA,2026-II,3,2026-08-31,P
VG260034,EIA,2026-II,4,2026-09-07,P
VG260034,EIA,2026-II,5,2026-09-14,F
VG260034,EIA,2026-II,6,2026-09-21,P
VG260034,EIA,2026-II,7,2026-09-28,P
VG260034,EIA,2026-II,8,2026-10-05,F
VG260034,EIA,2026-II,9,2026-10-12,P
VG260034,EIA,2026-II,10,2026-10-19,P
VG260034,EIA,2026-II,11,2026-10-26,P
VG260034,EIA,2026-II,12,2026-11-02,P
VG260034,EIA,2026-II,13,2026-11-09,P
VG260034,EIA,2026-II,14,2026-11-16,P
VG260034,EIA,2026-II,15,2026-11-23,P
VG260034,EIA,2026-II,16,2026-11-30,P
VG260034,CII,2026-II,1,2026-08-18,P
VG260034,CII,2026-II,2,2026-08-25,P
VG260034,CII,2026-II,3,2026-09-01,F
VG260034,CII,2026-II,4,2026-09-08,P
VG260034,CII,2026-II,5,2026-09-15,F
VG260034,CII,2026-II,6,2026-09-22,P
VG260034,CII,2026-II,7,2026-09-29,P
VG260034,CII,2026-II,8,2026-10-06,P
VG260034,CII,2026-II,9,2026-10-13,P
VG260034,CII,2026-II,10,2026-10-20,P
VG260034,CII,2026-II,11,2026-10-27,P
VG260034,CII,2026-II,12,2026-11-03,P
VG260034,CII,2026-II,13,2026-11-10,P
VG260034,CII,2026-II,14,2026-11-17,T
VG260034,CII,2026-II,15,2026-11-24,F
VG260034,CII,2026-II,16,2026-12-01,P
VG260034,EIT,2026-II,1,2026-08-19,F
VG260034,EIT,2026-II,2,2026-08-26,P
VG260034,EIT,2026-II,3,2026-09-02,P
VG260034,EIT,2026-II,4,2026-09-09,T
VG260034,EIT,2026-II,5,2026-09-16,J
VG260034,EIT,2026-II,6,2026-09-23,P
VG260034,EIT,2026-II,7,2026-09-30,P
VG260034,EIT,2026-II,8,2026-10-07,P
VG260034,EIT,2026-II,9,2026-10-14,F
VG260034,EIT,2026-II,10,2026-10-21,P
VG260034,EIT,2026-II,11,2026-10-28,P
VG260034,EIT,2026-II,12,2026-11-04,P
VG260034,EIT,2026-II,13,2026-11-11,F
VG260034,EIT,2026-II,14,2026-11-18,T
VG260034,EIT,2026-II,15,2026-11-25,P
VG260034,EIT,2026-II,16,2026-12-02,P
VG260034,EFSRT5,2026-II,1,2026-08-20,P
VG260034,EFSRT5,2026-II,2,2026-08-27,P
VG260034,EFSRT5,2026-II,3,2026-09-03,P
VG260034,EFSRT5,2026-II,4,2026-09-10,P
VG260034,EFSRT5,2026-II,5,2026-09-17,P
VG260034,EFSRT5,2026-II,6,2026-09-24,F
VG260034,EFSRT5,2026-II,7,2026-10-01,P
VG260034,EFSRT5,2026-II,8,2026-10-08,P
VG260034,EFSRT5,2026-II,9,2026-10-15,P
VG260034,EFSRT5,2026-II,10,2026-10-22,T
VG260034,EFSRT5,2026-II,11,2026-10-29,P
VG260034,EFSRT5,2026-II,12,2026-11-05,P
VG260034,EFSRT5,2026-II,13,2026-11-12,P
VG260034,EFSRT5,2026-II,14,2026-11-19,P
VG260034,EFSRT5,2026-II,15,2026-11-26,P
VG260034,EFSRT5,2026-II,16,2026-12-03,P
VG260035,APS,2026-II,1,2026-08-17,P
VG260035,APS,2026-II,2,2026-08-24,P
VG260035,APS,2026-II,3,2026-08-31,P
VG260035,APS,2026-II,4,2026-09-07,P
VG260035,APS,2026-II,5,2026-09-14,P
VG260035,APS,2026-II,6,2026-09-21,P
VG260035,APS,2026-II,7,2026-09-28,T
VG260035,APS,2026-II,8,2026-10-05,P
VG260035,APS,2026-II,9,2026-10-12,P
VG260035,APS,2026-II,10,2026-10-19,P
VG260035,APS,2026-II,11,2026-10-26,P
VG260035,APS,2026-II,12,2026-11-02,P
VG260035,APS,2026-II,13,2026-11-09,P
VG260035,APS,2026-II,14,2026-11-16,P
VG260035,APS,2026-II,15,2026-11-23,P
VG260035,APS,2026-II,16,2026-11-30,P
VG260035,TBD,2026-II,1,2026-08-18,T
VG260035,TBD,2026-II,2,2026-08-25,P
VG260035,TBD,2026-II,3,2026-09-01,F
VG260035,TBD,2026-II,4,2026-09-08,P
VG260035,TBD,2026-II,5,2026-09-15,P
VG260035,TBD,2026-II,6,2026-09-22,J
VG260035,TBD,2026-II,7,2026-09-29,P
VG260035,TBD,2026-II,8,2026-10-06,P
VG260035,TBD,2026-II,9,2026-10-13,P
VG260035,TBD,2026-II,10,2026-10-20,P
VG260035,TBD,2026-II,11,2026-10-27,P
VG260035,TBD,2026-II,12,2026-11-03,P
VG260035,TBD,2026-II,13,2026-11-10,P
VG260035,TBD,2026-II,14,2026-11-17,T
VG260035,TBD,2026-II,15,2026-11-24,F
VG260035,TBD,2026-II,16,2026-12-01,P
VG260035,FIA,2026-II,1,2026-08-19,P
VG260035,FIA,2026-II,2,2026-08-26,J
VG260035,FIA,2026-II,3,2026-09-02,P
VG260035,FIA,2026-II,4,2026-09-09,F
VG260035,FIA,2026-II,5,2026-09-16,J
VG260035,FIA,2026-II,6,2026-09-23,P
VG260035,FIA,2026-II,7,2026-09-30,P
VG260035,FIA,2026-II,8,2026-10-07,P
VG260035,FIA,2026-II,9,2026-10-14,F
VG260035,FIA,2026-II,10,2026-10-21,T
VG260035,FIA,2026-II,11,2026-10-28,P
VG260035,FIA,2026-II,12,2026-11-04,P
VG260035,FIA,2026-II,13,2026-11-11,P
VG260035,FIA,2026-II,14,2026-11-18,P
VG260035,FIA,2026-II,15,2026-11-25,P
VG260035,FIA,2026-II,16,2026-12-02,P
VG260035,SDE,2026-II,1,2026-08-20,P
VG260035,SDE,2026-II,2,2026-08-27,P
VG260035,SDE,2026-II,3,2026-09-03,P
VG260035,SDE,2026-II,4,2026-09-10,P
VG260035,SDE,2026-II,5,2026-09-17,P
VG260035,SDE,2026-II,6,2026-09-24,P
VG260035,SDE,2026-II,7,2026-10-01,P
VG260035,SDE,2026-II,8,2026-10-08,P
VG260035,SDE,2026-II,9,2026-10-15,P
VG260035,SDE,2026-II,10,2026-10-22,P
VG260035,SDE,2026-II,11,2026-10-29,J
VG260035,SDE,2026-II,12,2026-11-05,P
VG260035,SDE,2026-II,13,2026-11-12,P
VG260035,SDE,2026-II,14,2026-11-19,P
VG260035,SDE,2026-II,15,2026-11-26,P
VG260035,SDE,2026-II,16,2026-12-03,T
VG260035,FCS,2026-II,1,2026-08-21,P
VG260035,FCS,2026-II,2,2026-08-28,P
VG260035,FCS,2026-II,3,2026-09-04,P
VG260035,FCS,2026-II,4,2026-09-11,P
VG260035,FCS,2026-II,5,2026-09-18,P
VG260035,FCS,2026-II,6,2026-09-25,P
VG260035,FCS,2026-II,7,2026-10-02,P
VG260035,FCS,2026-II,8,2026-10-09,P
VG260035,FCS,2026-II,9,2026-10-16,P
VG260035,FCS,2026-II,10,2026-10-23,P
VG260035,FCS,2026-II,11,2026-10-30,P
VG260035,FCS,2026-II,12,2026-11-06,P
VG260035,FCS,2026-II,13,2026-11-13,P
VG260035,FCS,2026-II,14,2026-11-20,P
VG260035,FCS,2026-II,15,2026-11-27,P
VG260035,FCS,2026-II,16,2026-12-04,P
VG260035,EIA,2026-II,1,2026-08-17,T
VG260035,EIA,2026-II,2,2026-08-24,P
VG260035,EIA,2026-II,3,2026-08-31,P
VG260035,EIA,2026-II,4,2026-09-07,P
VG260035,EIA,2026-II,5,2026-09-14,P
VG260035,EIA,2026-II,6,2026-09-21,P
VG260035,EIA,2026-II,7,2026-09-28,P
VG260035,EIA,2026-II,8,2026-10-05,P
VG260035,EIA,2026-II,9,2026-10-12,P
VG260035,EIA,2026-II,10,2026-10-19,P
VG260035,EIA,2026-II,11,2026-10-26,P
VG260035,EIA,2026-II,12,2026-11-02,P
VG260035,EIA,2026-II,13,2026-11-09,P
VG260035,EIA,2026-II,14,2026-11-16,P
VG260035,EIA,2026-II,15,2026-11-23,T
VG260035,EIA,2026-II,16,2026-11-30,P
VG260035,CII,2026-II,1,2026-08-18,P
VG260035,CII,2026-II,2,2026-08-25,T
VG260035,CII,2026-II,3,2026-09-01,P
VG260035,CII,2026-II,4,2026-09-08,P
VG260035,CII,2026-II,5,2026-09-15,P
VG260035,CII,2026-II,6,2026-09-22,P
VG260035,CII,2026-II,7,2026-09-29,P
VG260035,CII,2026-II,8,2026-10-06,T
VG260035,CII,2026-II,9,2026-10-13,P
VG260035,CII,2026-II,10,2026-10-20,P
VG260035,CII,2026-II,11,2026-10-27,P
VG260035,CII,2026-II,12,2026-11-03,P
VG260035,CII,2026-II,13,2026-11-10,P
VG260035,CII,2026-II,14,2026-11-17,P
VG260035,CII,2026-II,15,2026-11-24,P
VG260035,CII,2026-II,16,2026-12-01,J
VG260035,EIT,2026-II,1,2026-08-19,P
VG260035,EIT,2026-II,2,2026-08-26,T
VG260035,EIT,2026-II,3,2026-09-02,T
VG260035,EIT,2026-II,4,2026-09-09,P
VG260035,EIT,2026-II,5,2026-09-16,P
VG260035,EIT,2026-II,6,2026-09-23,P
VG260035,EIT,2026-II,7,2026-09-30,P
VG260035,EIT,2026-II,8,2026-10-07,T
VG260035,EIT,2026-II,9,2026-10-14,P
VG260035,EIT,2026-II,10,2026-10-21,P
VG260035,EIT,2026-II,11,2026-10-28,P
VG260035,EIT,2026-II,12,2026-11-04,P
VG260035,EIT,2026-II,13,2026-11-11,P
VG260035,EIT,2026-II,14,2026-11-18,P
VG260035,EIT,2026-II,15,2026-11-25,P
VG260035,EIT,2026-II,16,2026-12-02,P
VG260035,EFSRT5,2026-II,1,2026-08-20,P
VG260035,EFSRT5,2026-II,2,2026-08-27,P
VG260035,EFSRT5,2026-II,3,2026-09-03,P
VG260035,EFSRT5,2026-II,4,2026-09-10,P
VG260035,EFSRT5,2026-II,5,2026-09-17,P
VG260035,EFSRT5,2026-II,6,2026-09-24,P
VG260035,EFSRT5,2026-II,7,2026-10-01,P
VG260035,EFSRT5,2026-II,8,2026-10-08,T
VG260035,EFSRT5,2026-II,9,2026-10-15,P
VG260035,EFSRT5,2026-II,10,2026-10-22,P
VG260035,EFSRT5,2026-II,11,2026-10-29,P
VG260035,EFSRT5,2026-II,12,2026-11-05,P
VG260035,EFSRT5,2026-II,13,2026-11-12,P
VG260035,EFSRT5,2026-II,14,2026-11-19,P
VG260035,EFSRT5,2026-II,15,2026-11-26,T
VG260035,EFSRT5,2026-II,16,2026-12-03,P
VG260036,APS,2026-II,1,2026-08-17,P
VG260036,APS,2026-II,2,2026-08-24,P
VG260036,APS,2026-II,3,2026-08-31,T
VG260036,APS,2026-II,4,2026-09-07,P
VG260036,APS,2026-II,5,2026-09-14,P
VG260036,APS,2026-II,6,2026-09-21,F
VG260036,APS,2026-II,7,2026-09-28,P
VG260036,APS,2026-II,8,2026-10-05,P
VG260036,APS,2026-II,9,2026-10-12,P
VG260036,APS,2026-II,10,2026-10-19,P
VG260036,APS,2026-II,11,2026-10-26,P
VG260036,APS,2026-II,12,2026-11-02,P
VG260036,APS,2026-II,13,2026-11-09,P
VG260036,APS,2026-II,14,2026-11-16,P
VG260036,APS,2026-II,15,2026-11-23,P
VG260036,APS,2026-II,16,2026-11-30,P
VG260036,TBD,2026-II,1,2026-08-18,P
VG260036,TBD,2026-II,2,2026-08-25,P
VG260036,TBD,2026-II,3,2026-09-01,P
VG260036,TBD,2026-II,4,2026-09-08,P
VG260036,TBD,2026-II,5,2026-09-15,P
VG260036,TBD,2026-II,6,2026-09-22,T
VG260036,TBD,2026-II,7,2026-09-29,P
VG260036,TBD,2026-II,8,2026-10-06,P
VG260036,TBD,2026-II,9,2026-10-13,P
VG260036,TBD,2026-II,10,2026-10-20,P
VG260036,TBD,2026-II,11,2026-10-27,P
VG260036,TBD,2026-II,12,2026-11-03,P
VG260036,TBD,2026-II,13,2026-11-10,P
VG260036,TBD,2026-II,14,2026-11-17,P
VG260036,TBD,2026-II,15,2026-11-24,P
VG260036,TBD,2026-II,16,2026-12-01,P
VG260036,FIA,2026-II,1,2026-08-19,P
VG260036,FIA,2026-II,2,2026-08-26,P
VG260036,FIA,2026-II,3,2026-09-02,P
VG260036,FIA,2026-II,4,2026-09-09,P
VG260036,FIA,2026-II,5,2026-09-16,P
VG260036,FIA,2026-II,6,2026-09-23,P
VG260036,FIA,2026-II,7,2026-09-30,F
VG260036,FIA,2026-II,8,2026-10-07,P
VG260036,FIA,2026-II,9,2026-10-14,P
VG260036,FIA,2026-II,10,2026-10-21,P
VG260036,FIA,2026-II,11,2026-10-28,P
VG260036,FIA,2026-II,12,2026-11-04,T
VG260036,FIA,2026-II,13,2026-11-11,P
VG260036,FIA,2026-II,14,2026-11-18,F
VG260036,FIA,2026-II,15,2026-11-25,T
VG260036,FIA,2026-II,16,2026-12-02,P
VG260036,SDE,2026-II,1,2026-08-20,P
VG260036,SDE,2026-II,2,2026-08-27,P
VG260036,SDE,2026-II,3,2026-09-03,P
VG260036,SDE,2026-II,4,2026-09-10,P
VG260036,SDE,2026-II,5,2026-09-17,P
VG260036,SDE,2026-II,6,2026-09-24,P
VG260036,SDE,2026-II,7,2026-10-01,P
VG260036,SDE,2026-II,8,2026-10-08,P
VG260036,SDE,2026-II,9,2026-10-15,T
VG260036,SDE,2026-II,10,2026-10-22,P
VG260036,SDE,2026-II,11,2026-10-29,P
VG260036,SDE,2026-II,12,2026-11-05,P
VG260036,SDE,2026-II,13,2026-11-12,P
VG260036,SDE,2026-II,14,2026-11-19,F
VG260036,SDE,2026-II,15,2026-11-26,P
VG260036,SDE,2026-II,16,2026-12-03,P
VG260036,FCS,2026-II,1,2026-08-21,P
VG260036,FCS,2026-II,2,2026-08-28,P
VG260036,FCS,2026-II,3,2026-09-04,P
VG260036,FCS,2026-II,4,2026-09-11,T
VG260036,FCS,2026-II,5,2026-09-18,P
VG260036,FCS,2026-II,6,2026-09-25,P
VG260036,FCS,2026-II,7,2026-10-02,P
VG260036,FCS,2026-II,8,2026-10-09,P
VG260036,FCS,2026-II,9,2026-10-16,P
VG260036,FCS,2026-II,10,2026-10-23,J
VG260036,FCS,2026-II,11,2026-10-30,P
VG260036,FCS,2026-II,12,2026-11-06,F
VG260036,FCS,2026-II,13,2026-11-13,P
VG260036,FCS,2026-II,14,2026-11-20,P
VG260036,FCS,2026-II,15,2026-11-27,P
VG260036,FCS,2026-II,16,2026-12-04,P
VG260036,EIA,2026-II,1,2026-08-17,P
VG260036,EIA,2026-II,2,2026-08-24,T
VG260036,EIA,2026-II,3,2026-08-31,T
VG260036,EIA,2026-II,4,2026-09-07,J
VG260036,EIA,2026-II,5,2026-09-14,P
VG260036,EIA,2026-II,6,2026-09-21,P
VG260036,EIA,2026-II,7,2026-09-28,P
VG260036,EIA,2026-II,8,2026-10-05,F
VG260036,EIA,2026-II,9,2026-10-12,P
VG260036,EIA,2026-II,10,2026-10-19,P
VG260036,EIA,2026-II,11,2026-10-26,P
VG260036,EIA,2026-II,12,2026-11-02,P
VG260036,EIA,2026-II,13,2026-11-09,P
VG260036,EIA,2026-II,14,2026-11-16,P
VG260036,EIA,2026-II,15,2026-11-23,P
VG260036,EIA,2026-II,16,2026-11-30,P
VG260036,CII,2026-II,1,2026-08-18,F
VG260036,CII,2026-II,2,2026-08-25,P
VG260036,CII,2026-II,3,2026-09-01,T
VG260036,CII,2026-II,4,2026-09-08,T
VG260036,CII,2026-II,5,2026-09-15,P
VG260036,CII,2026-II,6,2026-09-22,P
VG260036,CII,2026-II,7,2026-09-29,P
VG260036,CII,2026-II,8,2026-10-06,P
VG260036,CII,2026-II,9,2026-10-13,P
VG260036,CII,2026-II,10,2026-10-20,P
VG260036,CII,2026-II,11,2026-10-27,P
VG260036,CII,2026-II,12,2026-11-03,P
VG260036,CII,2026-II,13,2026-11-10,T
VG260036,CII,2026-II,14,2026-11-17,F
VG260036,CII,2026-II,15,2026-11-24,P
VG260036,CII,2026-II,16,2026-12-01,F
VG260036,EIT,2026-II,1,2026-08-19,P
VG260036,EIT,2026-II,2,2026-08-26,P
VG260036,EIT,2026-II,3,2026-09-02,P
VG260036,EIT,2026-II,4,2026-09-09,P
VG260036,EIT,2026-II,5,2026-09-16,J
VG260036,EIT,2026-II,6,2026-09-23,P
VG260036,EIT,2026-II,7,2026-09-30,J
VG260036,EIT,2026-II,8,2026-10-07,P
VG260036,EIT,2026-II,9,2026-10-14,P
VG260036,EIT,2026-II,10,2026-10-21,P
VG260036,EIT,2026-II,11,2026-10-28,P
VG260036,EIT,2026-II,12,2026-11-04,P
VG260036,EIT,2026-II,13,2026-11-11,P
VG260036,EIT,2026-II,14,2026-11-18,P
VG260036,EIT,2026-II,15,2026-11-25,P
VG260036,EIT,2026-II,16,2026-12-02,P
VG260036,EFSRT5,2026-II,1,2026-08-20,P
VG260036,EFSRT5,2026-II,2,2026-08-27,P
VG260036,EFSRT5,2026-II,3,2026-09-03,P
VG260036,EFSRT5,2026-II,4,2026-09-10,T
VG260036,EFSRT5,2026-II,5,2026-09-17,P
VG260036,EFSRT5,2026-II,6,2026-09-24,P
VG260036,EFSRT5,2026-II,7,2026-10-01,P
VG260036,EFSRT5,2026-II,8,2026-10-08,F
VG260036,EFSRT5,2026-II,9,2026-10-15,P
VG260036,EFSRT5,2026-II,10,2026-10-22,P
VG260036,EFSRT5,2026-II,11,2026-10-29,P
VG260036,EFSRT5,2026-II,12,2026-11-05,P
VG260036,EFSRT5,2026-II,13,2026-11-12,P
VG260036,EFSRT5,2026-II,14,2026-11-19,P
VG260036,EFSRT5,2026-II,15,2026-11-26,P
VG260036,EFSRT5,2026-II,16,2026-12-03,P
VG260037,APS,2026-II,1,2026-08-17,P
VG260037,APS,2026-II,2,2026-08-24,P
VG260037,APS,2026-II,3,2026-08-31,P
VG260037,APS,2026-II,4,2026-09-07,P
VG260037,APS,2026-II,5,2026-09-14,P
VG260037,APS,2026-II,6,2026-09-21,P
VG260037,APS,2026-II,7,2026-09-28,P
VG260037,APS,2026-II,8,2026-10-05,P
VG260037,APS,2026-II,9,2026-10-12,P
VG260037,APS,2026-II,10,2026-10-19,T
VG260037,APS,2026-II,11,2026-10-26,P
VG260037,APS,2026-II,12,2026-11-02,P
VG260037,APS,2026-II,13,2026-11-09,P
VG260037,APS,2026-II,14,2026-11-16,P
VG260037,APS,2026-II,15,2026-11-23,P
VG260037,APS,2026-II,16,2026-11-30,P
VG260037,TBD,2026-II,1,2026-08-18,P
VG260037,TBD,2026-II,2,2026-08-25,P
VG260037,TBD,2026-II,3,2026-09-01,P
VG260037,TBD,2026-II,4,2026-09-08,P
VG260037,TBD,2026-II,5,2026-09-15,P
VG260037,TBD,2026-II,6,2026-09-22,P
VG260037,TBD,2026-II,7,2026-09-29,P
VG260037,TBD,2026-II,8,2026-10-06,P
VG260037,TBD,2026-II,9,2026-10-13,P
VG260037,TBD,2026-II,10,2026-10-20,P
VG260037,TBD,2026-II,11,2026-10-27,P
VG260037,TBD,2026-II,12,2026-11-03,P
VG260037,TBD,2026-II,13,2026-11-10,P
VG260037,TBD,2026-II,14,2026-11-17,T
VG260037,TBD,2026-II,15,2026-11-24,P
VG260037,TBD,2026-II,16,2026-12-01,P
VG260037,FIA,2026-II,1,2026-08-19,P
VG260037,FIA,2026-II,2,2026-08-26,P
VG260037,FIA,2026-II,3,2026-09-02,P
VG260037,FIA,2026-II,4,2026-09-09,P
VG260037,FIA,2026-II,5,2026-09-16,P
VG260037,FIA,2026-II,6,2026-09-23,P
VG260037,FIA,2026-II,7,2026-09-30,P
VG260037,FIA,2026-II,8,2026-10-07,P
VG260037,FIA,2026-II,9,2026-10-14,P
VG260037,FIA,2026-II,10,2026-10-21,P
VG260037,FIA,2026-II,11,2026-10-28,P
VG260037,FIA,2026-II,12,2026-11-04,P
VG260037,FIA,2026-II,13,2026-11-11,P
VG260037,FIA,2026-II,14,2026-11-18,P
VG260037,FIA,2026-II,15,2026-11-25,P
VG260037,FIA,2026-II,16,2026-12-02,P
VG260037,SDE,2026-II,1,2026-08-20,P
VG260037,SDE,2026-II,2,2026-08-27,P
VG260037,SDE,2026-II,3,2026-09-03,P
VG260037,SDE,2026-II,4,2026-09-10,P
VG260037,SDE,2026-II,5,2026-09-17,P
VG260037,SDE,2026-II,6,2026-09-24,P
VG260037,SDE,2026-II,7,2026-10-01,P
VG260037,SDE,2026-II,8,2026-10-08,P
VG260037,SDE,2026-II,9,2026-10-15,P
VG260037,SDE,2026-II,10,2026-10-22,T
VG260037,SDE,2026-II,11,2026-10-29,T
VG260037,SDE,2026-II,12,2026-11-05,P
VG260037,SDE,2026-II,13,2026-11-12,P
VG260037,SDE,2026-II,14,2026-11-19,P
VG260037,SDE,2026-II,15,2026-11-26,P
VG260037,SDE,2026-II,16,2026-12-03,P
VG260037,FCS,2026-II,1,2026-08-21,P
VG260037,FCS,2026-II,2,2026-08-28,T
VG260037,FCS,2026-II,3,2026-09-04,P
VG260037,FCS,2026-II,4,2026-09-11,P
VG260037,FCS,2026-II,5,2026-09-18,P
VG260037,FCS,2026-II,6,2026-09-25,P
VG260037,FCS,2026-II,7,2026-10-02,P
VG260037,FCS,2026-II,8,2026-10-09,P
VG260037,FCS,2026-II,9,2026-10-16,P
VG260037,FCS,2026-II,10,2026-10-23,P
VG260037,FCS,2026-II,11,2026-10-30,P
VG260037,FCS,2026-II,12,2026-11-06,P
VG260037,FCS,2026-II,13,2026-11-13,P
VG260037,FCS,2026-II,14,2026-11-20,P
VG260037,FCS,2026-II,15,2026-11-27,P
VG260037,FCS,2026-II,16,2026-12-04,P
VG260037,EIA,2026-II,1,2026-08-17,P
VG260037,EIA,2026-II,2,2026-08-24,P
VG260037,EIA,2026-II,3,2026-08-31,P
VG260037,EIA,2026-II,4,2026-09-07,P
VG260037,EIA,2026-II,5,2026-09-14,P
VG260037,EIA,2026-II,6,2026-09-21,P
VG260037,EIA,2026-II,7,2026-09-28,P
VG260037,EIA,2026-II,8,2026-10-05,T
VG260037,EIA,2026-II,9,2026-10-12,T
VG260037,EIA,2026-II,10,2026-10-19,P
VG260037,EIA,2026-II,11,2026-10-26,P
VG260037,EIA,2026-II,12,2026-11-02,P
VG260037,EIA,2026-II,13,2026-11-09,P
VG260037,EIA,2026-II,14,2026-11-16,P
VG260037,EIA,2026-II,15,2026-11-23,P
VG260037,EIA,2026-II,16,2026-11-30,P
VG260037,CII,2026-II,1,2026-08-18,P
VG260037,CII,2026-II,2,2026-08-25,P
VG260037,CII,2026-II,3,2026-09-01,P
VG260037,CII,2026-II,4,2026-09-08,P
VG260037,CII,2026-II,5,2026-09-15,P
VG260037,CII,2026-II,6,2026-09-22,P
VG260037,CII,2026-II,7,2026-09-29,P
VG260037,CII,2026-II,8,2026-10-06,P
VG260037,CII,2026-II,9,2026-10-13,P
VG260037,CII,2026-II,10,2026-10-20,P
VG260037,CII,2026-II,11,2026-10-27,P
VG260037,CII,2026-II,12,2026-11-03,P
VG260037,CII,2026-II,13,2026-11-10,P
VG260037,CII,2026-II,14,2026-11-17,P
VG260037,CII,2026-II,15,2026-11-24,P
VG260037,CII,2026-II,16,2026-12-01,P
VG260037,EIT,2026-II,1,2026-08-19,T
VG260037,EIT,2026-II,2,2026-08-26,P
VG260037,EIT,2026-II,3,2026-09-02,P
VG260037,EIT,2026-II,4,2026-09-09,P
VG260037,EIT,2026-II,5,2026-09-16,P
VG260037,EIT,2026-II,6,2026-09-23,P
VG260037,EIT,2026-II,7,2026-09-30,P
VG260037,EIT,2026-II,8,2026-10-07,T
VG260037,EIT,2026-II,9,2026-10-14,P
VG260037,EIT,2026-II,10,2026-10-21,P
VG260037,EIT,2026-II,11,2026-10-28,P
VG260037,EIT,2026-II,12,2026-11-04,P
VG260037,EIT,2026-II,13,2026-11-11,P
VG260037,EIT,2026-II,14,2026-11-18,P
VG260037,EIT,2026-II,15,2026-11-25,P
VG260037,EIT,2026-II,16,2026-12-02,P
VG260037,EFSRT5,2026-II,1,2026-08-20,P
VG260037,EFSRT5,2026-II,2,2026-08-27,P
VG260037,EFSRT5,2026-II,3,2026-09-03,P
VG260037,EFSRT5,2026-II,4,2026-09-10,P
VG260037,EFSRT5,2026-II,5,2026-09-17,P
VG260037,EFSRT5,2026-II,6,2026-09-24,P
VG260037,EFSRT5,2026-II,7,2026-10-01,P
VG260037,EFSRT5,2026-II,8,2026-10-08,P
VG260037,EFSRT5,2026-II,9,2026-10-15,P
VG260037,EFSRT5,2026-II,10,2026-10-22,P
VG260037,EFSRT5,2026-II,11,2026-10-29,P
VG260037,EFSRT5,2026-II,12,2026-11-05,P
VG260037,EFSRT5,2026-II,13,2026-11-12,P
VG260037,EFSRT5,2026-II,14,2026-11-19,P
VG260037,EFSRT5,2026-II,15,2026-11-26,P
VG260037,EFSRT5,2026-II,16,2026-12-03,P
VG260038,APS,2026-II,1,2026-08-17,P
VG260038,APS,2026-II,2,2026-08-24,P
VG260038,APS,2026-II,3,2026-08-31,P
VG260038,APS,2026-II,4,2026-09-07,P
VG260038,APS,2026-II,5,2026-09-14,T
VG260038,APS,2026-II,6,2026-09-21,P
VG260038,APS,2026-II,7,2026-09-28,P
VG260038,APS,2026-II,8,2026-10-05,P
VG260038,APS,2026-II,9,2026-10-12,F
VG260038,APS,2026-II,10,2026-10-19,P
VG260038,APS,2026-II,11,2026-10-26,P
VG260038,APS,2026-II,12,2026-11-02,P
VG260038,APS,2026-II,13,2026-11-09,P
VG260038,APS,2026-II,14,2026-11-16,P
VG260038,APS,2026-II,15,2026-11-23,F
VG260038,APS,2026-II,16,2026-11-30,T
VG260038,TBD,2026-II,1,2026-08-18,P
VG260038,TBD,2026-II,2,2026-08-25,P
VG260038,TBD,2026-II,3,2026-09-01,T
VG260038,TBD,2026-II,4,2026-09-08,P
VG260038,TBD,2026-II,5,2026-09-15,P
VG260038,TBD,2026-II,6,2026-09-22,P
VG260038,TBD,2026-II,7,2026-09-29,P
VG260038,TBD,2026-II,8,2026-10-06,P
VG260038,TBD,2026-II,9,2026-10-13,T
VG260038,TBD,2026-II,10,2026-10-20,T
VG260038,TBD,2026-II,11,2026-10-27,T
VG260038,TBD,2026-II,12,2026-11-03,P
VG260038,TBD,2026-II,13,2026-11-10,P
VG260038,TBD,2026-II,14,2026-11-17,F
VG260038,TBD,2026-II,15,2026-11-24,P
VG260038,TBD,2026-II,16,2026-12-01,P
VG260038,FIA,2026-II,1,2026-08-19,J
VG260038,FIA,2026-II,2,2026-08-26,P
VG260038,FIA,2026-II,3,2026-09-02,T
VG260038,FIA,2026-II,4,2026-09-09,P
VG260038,FIA,2026-II,5,2026-09-16,P
VG260038,FIA,2026-II,6,2026-09-23,P
VG260038,FIA,2026-II,7,2026-09-30,P
VG260038,FIA,2026-II,8,2026-10-07,P
VG260038,FIA,2026-II,9,2026-10-14,P
VG260038,FIA,2026-II,10,2026-10-21,P
VG260038,FIA,2026-II,11,2026-10-28,P
VG260038,FIA,2026-II,12,2026-11-04,P
VG260038,FIA,2026-II,13,2026-11-11,P
VG260038,FIA,2026-II,14,2026-11-18,F
VG260038,FIA,2026-II,15,2026-11-25,P
VG260038,FIA,2026-II,16,2026-12-02,P
VG260038,SDE,2026-II,1,2026-08-20,P
VG260038,SDE,2026-II,2,2026-08-27,P
VG260038,SDE,2026-II,3,2026-09-03,P
VG260038,SDE,2026-II,4,2026-09-10,T
VG260038,SDE,2026-II,5,2026-09-17,P
VG260038,SDE,2026-II,6,2026-09-24,P
VG260038,SDE,2026-II,7,2026-10-01,F
VG260038,SDE,2026-II,8,2026-10-08,P
VG260038,SDE,2026-II,9,2026-10-15,P
VG260038,SDE,2026-II,10,2026-10-22,P
VG260038,SDE,2026-II,11,2026-10-29,P
VG260038,SDE,2026-II,12,2026-11-05,P
VG260038,SDE,2026-II,13,2026-11-12,P
VG260038,SDE,2026-II,14,2026-11-19,P
VG260038,SDE,2026-II,15,2026-11-26,P
VG260038,SDE,2026-II,16,2026-12-03,P
VG260038,FCS,2026-II,1,2026-08-21,P
VG260038,FCS,2026-II,2,2026-08-28,P
VG260038,FCS,2026-II,3,2026-09-04,P
VG260038,FCS,2026-II,4,2026-09-11,P
VG260038,FCS,2026-II,5,2026-09-18,P
VG260038,FCS,2026-II,6,2026-09-25,P
VG260038,FCS,2026-II,7,2026-10-02,P
VG260038,FCS,2026-II,8,2026-10-09,T
VG260038,FCS,2026-II,9,2026-10-16,P
VG260038,FCS,2026-II,10,2026-10-23,P
VG260038,FCS,2026-II,11,2026-10-30,F
VG260038,FCS,2026-II,12,2026-11-06,P
VG260038,FCS,2026-II,13,2026-11-13,F
VG260038,FCS,2026-II,14,2026-11-20,P
VG260038,FCS,2026-II,15,2026-11-27,P
VG260038,FCS,2026-II,16,2026-12-04,P
VG260038,EIA,2026-II,1,2026-08-17,P
VG260038,EIA,2026-II,2,2026-08-24,P
VG260038,EIA,2026-II,3,2026-08-31,T
VG260038,EIA,2026-II,4,2026-09-07,P
VG260038,EIA,2026-II,5,2026-09-14,P
VG260038,EIA,2026-II,6,2026-09-21,P
VG260038,EIA,2026-II,7,2026-09-28,P
VG260038,EIA,2026-II,8,2026-10-05,P
VG260038,EIA,2026-II,9,2026-10-12,J
VG260038,EIA,2026-II,10,2026-10-19,P
VG260038,EIA,2026-II,11,2026-10-26,P
VG260038,EIA,2026-II,12,2026-11-02,P
VG260038,EIA,2026-II,13,2026-11-09,P
VG260038,EIA,2026-II,14,2026-11-16,P
VG260038,EIA,2026-II,15,2026-11-23,P
VG260038,EIA,2026-II,16,2026-11-30,P
VG260038,CII,2026-II,1,2026-08-18,T
VG260038,CII,2026-II,2,2026-08-25,P
VG260038,CII,2026-II,3,2026-09-01,T
VG260038,CII,2026-II,4,2026-09-08,P
VG260038,CII,2026-II,5,2026-09-15,P
VG260038,CII,2026-II,6,2026-09-22,P
VG260038,CII,2026-II,7,2026-09-29,P
VG260038,CII,2026-II,8,2026-10-06,P
VG260038,CII,2026-II,9,2026-10-13,P
VG260038,CII,2026-II,10,2026-10-20,T
VG260038,CII,2026-II,11,2026-10-27,P
VG260038,CII,2026-II,12,2026-11-03,P
VG260038,CII,2026-II,13,2026-11-10,J
VG260038,CII,2026-II,14,2026-11-17,F
VG260038,CII,2026-II,15,2026-11-24,F
VG260038,CII,2026-II,16,2026-12-01,P
VG260038,EIT,2026-II,1,2026-08-19,P
VG260038,EIT,2026-II,2,2026-08-26,P
VG260038,EIT,2026-II,3,2026-09-02,P
VG260038,EIT,2026-II,4,2026-09-09,P
VG260038,EIT,2026-II,5,2026-09-16,P
VG260038,EIT,2026-II,6,2026-09-23,J
VG260038,EIT,2026-II,7,2026-09-30,P
VG260038,EIT,2026-II,8,2026-10-07,F
VG260038,EIT,2026-II,9,2026-10-14,P
VG260038,EIT,2026-II,10,2026-10-21,P
VG260038,EIT,2026-II,11,2026-10-28,P
VG260038,EIT,2026-II,12,2026-11-04,P
VG260038,EIT,2026-II,13,2026-11-11,P
VG260038,EIT,2026-II,14,2026-11-18,F
VG260038,EIT,2026-II,15,2026-11-25,P
VG260038,EIT,2026-II,16,2026-12-02,P
VG260038,EFSRT5,2026-II,1,2026-08-20,P
VG260038,EFSRT5,2026-II,2,2026-08-27,P
VG260038,EFSRT5,2026-II,3,2026-09-03,F
VG260038,EFSRT5,2026-II,4,2026-09-10,P
VG260038,EFSRT5,2026-II,5,2026-09-17,P
VG260038,EFSRT5,2026-II,6,2026-09-24,P
VG260038,EFSRT5,2026-II,7,2026-10-01,P
VG260038,EFSRT5,2026-II,8,2026-10-08,P
VG260038,EFSRT5,2026-II,9,2026-10-15,J
VG260038,EFSRT5,2026-II,10,2026-10-22,P
VG260038,EFSRT5,2026-II,11,2026-10-29,P
VG260038,EFSRT5,2026-II,12,2026-11-05,P
VG260038,EFSRT5,2026-II,13,2026-11-12,P
VG260038,EFSRT5,2026-II,14,2026-11-19,P
VG260038,EFSRT5,2026-II,15,2026-11-26,P
VG260038,EFSRT5,2026-II,16,2026-12-03,P
VG260039,APS,2026-II,1,2026-08-17,P
VG260039,APS,2026-II,2,2026-08-24,P
VG260039,APS,2026-II,3,2026-08-31,P
VG260039,APS,2026-II,4,2026-09-07,F
VG260039,APS,2026-II,5,2026-09-14,P
VG260039,APS,2026-II,6,2026-09-21,P
VG260039,APS,2026-II,7,2026-09-28,P
VG260039,APS,2026-II,8,2026-10-05,P
VG260039,APS,2026-II,9,2026-10-12,P
VG260039,APS,2026-II,10,2026-10-19,P
VG260039,APS,2026-II,11,2026-10-26,P
VG260039,APS,2026-II,12,2026-11-02,P
VG260039,APS,2026-II,13,2026-11-09,P
VG260039,APS,2026-II,14,2026-11-16,P
VG260039,APS,2026-II,15,2026-11-23,P
VG260039,APS,2026-II,16,2026-11-30,P
VG260039,TBD,2026-II,1,2026-08-18,P
VG260039,TBD,2026-II,2,2026-08-25,P
VG260039,TBD,2026-II,3,2026-09-01,P
VG260039,TBD,2026-II,4,2026-09-08,P
VG260039,TBD,2026-II,5,2026-09-15,P
VG260039,TBD,2026-II,6,2026-09-22,P
VG260039,TBD,2026-II,7,2026-09-29,P
VG260039,TBD,2026-II,8,2026-10-06,P
VG260039,TBD,2026-II,9,2026-10-13,F
VG260039,TBD,2026-II,10,2026-10-20,P
VG260039,TBD,2026-II,11,2026-10-27,F
VG260039,TBD,2026-II,12,2026-11-03,P
VG260039,TBD,2026-II,13,2026-11-10,P
VG260039,TBD,2026-II,14,2026-11-17,P
VG260039,TBD,2026-II,15,2026-11-24,P
VG260039,TBD,2026-II,16,2026-12-01,P
VG260039,FIA,2026-II,1,2026-08-19,T
VG260039,FIA,2026-II,2,2026-08-26,P
VG260039,FIA,2026-II,3,2026-09-02,J
VG260039,FIA,2026-II,4,2026-09-09,P
VG260039,FIA,2026-II,5,2026-09-16,P
VG260039,FIA,2026-II,6,2026-09-23,P
VG260039,FIA,2026-II,7,2026-09-30,P
VG260039,FIA,2026-II,8,2026-10-07,T
VG260039,FIA,2026-II,9,2026-10-14,F
VG260039,FIA,2026-II,10,2026-10-21,P
VG260039,FIA,2026-II,11,2026-10-28,P
VG260039,FIA,2026-II,12,2026-11-04,P
VG260039,FIA,2026-II,13,2026-11-11,F
VG260039,FIA,2026-II,14,2026-11-18,P
VG260039,FIA,2026-II,15,2026-11-25,P
VG260039,FIA,2026-II,16,2026-12-02,P
VG260039,SDE,2026-II,1,2026-08-20,P
VG260039,SDE,2026-II,2,2026-08-27,P
VG260039,SDE,2026-II,3,2026-09-03,P
VG260039,SDE,2026-II,4,2026-09-10,P
VG260039,SDE,2026-II,5,2026-09-17,P
VG260039,SDE,2026-II,6,2026-09-24,P
VG260039,SDE,2026-II,7,2026-10-01,P
VG260039,SDE,2026-II,8,2026-10-08,P
VG260039,SDE,2026-II,9,2026-10-15,P
VG260039,SDE,2026-II,10,2026-10-22,P
VG260039,SDE,2026-II,11,2026-10-29,P
VG260039,SDE,2026-II,12,2026-11-05,P
VG260039,SDE,2026-II,13,2026-11-12,P
VG260039,SDE,2026-II,14,2026-11-19,F
VG260039,SDE,2026-II,15,2026-11-26,P
VG260039,SDE,2026-II,16,2026-12-03,P
VG260039,FCS,2026-II,1,2026-08-21,P
VG260039,FCS,2026-II,2,2026-08-28,P
VG260039,FCS,2026-II,3,2026-09-04,P
VG260039,FCS,2026-II,4,2026-09-11,P
VG260039,FCS,2026-II,5,2026-09-18,T
VG260039,FCS,2026-II,6,2026-09-25,P
VG260039,FCS,2026-II,7,2026-10-02,P
VG260039,FCS,2026-II,8,2026-10-09,P
VG260039,FCS,2026-II,9,2026-10-16,P
VG260039,FCS,2026-II,10,2026-10-23,P
VG260039,FCS,2026-II,11,2026-10-30,T
VG260039,FCS,2026-II,12,2026-11-06,P
VG260039,FCS,2026-II,13,2026-11-13,J
VG260039,FCS,2026-II,14,2026-11-20,P
VG260039,FCS,2026-II,15,2026-11-27,P
VG260039,FCS,2026-II,16,2026-12-04,P
VG260039,EIA,2026-II,1,2026-08-17,T
VG260039,EIA,2026-II,2,2026-08-24,P
VG260039,EIA,2026-II,3,2026-08-31,P
VG260039,EIA,2026-II,4,2026-09-07,P
VG260039,EIA,2026-II,5,2026-09-14,P
VG260039,EIA,2026-II,6,2026-09-21,P
VG260039,EIA,2026-II,7,2026-09-28,P
VG260039,EIA,2026-II,8,2026-10-05,P
VG260039,EIA,2026-II,9,2026-10-12,P
VG260039,EIA,2026-II,10,2026-10-19,P
VG260039,EIA,2026-II,11,2026-10-26,P
VG260039,EIA,2026-II,12,2026-11-02,T
VG260039,EIA,2026-II,13,2026-11-09,P
VG260039,EIA,2026-II,14,2026-11-16,P
VG260039,EIA,2026-II,15,2026-11-23,P
VG260039,EIA,2026-II,16,2026-11-30,T
VG260039,CII,2026-II,1,2026-08-18,P
VG260039,CII,2026-II,2,2026-08-25,F
VG260039,CII,2026-II,3,2026-09-01,P
VG260039,CII,2026-II,4,2026-09-08,P
VG260039,CII,2026-II,5,2026-09-15,P
VG260039,CII,2026-II,6,2026-09-22,P
VG260039,CII,2026-II,7,2026-09-29,P
VG260039,CII,2026-II,8,2026-10-06,P
VG260039,CII,2026-II,9,2026-10-13,F
VG260039,CII,2026-II,10,2026-10-20,P
VG260039,CII,2026-II,11,2026-10-27,P
VG260039,CII,2026-II,12,2026-11-03,P
VG260039,CII,2026-II,13,2026-11-10,P
VG260039,CII,2026-II,14,2026-11-17,F
VG260039,CII,2026-II,15,2026-11-24,F
VG260039,CII,2026-II,16,2026-12-01,T
VG260039,EIT,2026-II,1,2026-08-19,P
VG260039,EIT,2026-II,2,2026-08-26,F
VG260039,EIT,2026-II,3,2026-09-02,P
VG260039,EIT,2026-II,4,2026-09-09,P
VG260039,EIT,2026-II,5,2026-09-16,P
VG260039,EIT,2026-II,6,2026-09-23,P
VG260039,EIT,2026-II,7,2026-09-30,P
VG260039,EIT,2026-II,8,2026-10-07,P
VG260039,EIT,2026-II,9,2026-10-14,T
VG260039,EIT,2026-II,10,2026-10-21,P
VG260039,EIT,2026-II,11,2026-10-28,P
VG260039,EIT,2026-II,12,2026-11-04,P
VG260039,EIT,2026-II,13,2026-11-11,J
VG260039,EIT,2026-II,14,2026-11-18,P
VG260039,EIT,2026-II,15,2026-11-25,P
VG260039,EIT,2026-II,16,2026-12-02,P
VG260039,EFSRT5,2026-II,1,2026-08-20,P
VG260039,EFSRT5,2026-II,2,2026-08-27,P
VG260039,EFSRT5,2026-II,3,2026-09-03,P
VG260039,EFSRT5,2026-II,4,2026-09-10,P
VG260039,EFSRT5,2026-II,5,2026-09-17,P
VG260039,EFSRT5,2026-II,6,2026-09-24,P
VG260039,EFSRT5,2026-II,7,2026-10-01,P
VG260039,EFSRT5,2026-II,8,2026-10-08,P
VG260039,EFSRT5,2026-II,9,2026-10-15,T
VG260039,EFSRT5,2026-II,10,2026-10-22,P
VG260039,EFSRT5,2026-II,11,2026-10-29,P
VG260039,EFSRT5,2026-II,12,2026-11-05,P
VG260039,EFSRT5,2026-II,13,2026-11-12,P
VG260039,EFSRT5,2026-II,14,2026-11-19,F
VG260039,EFSRT5,2026-II,15,2026-11-26,P
VG260039,EFSRT5,2026-II,16,2026-12-03,P
VG260040,APS,2026-II,1,2026-08-17,P
VG260040,APS,2026-II,2,2026-08-24,P
VG260040,APS,2026-II,3,2026-08-31,P
VG260040,APS,2026-II,4,2026-09-07,P
VG260040,APS,2026-II,5,2026-09-14,F
VG260040,APS,2026-II,6,2026-09-21,P
VG260040,APS,2026-II,7,2026-09-28,F
VG260040,APS,2026-II,8,2026-10-05,T
VG260040,APS,2026-II,9,2026-10-12,P
VG260040,APS,2026-II,10,2026-10-19,P
VG260040,APS,2026-II,11,2026-10-26,P
VG260040,APS,2026-II,12,2026-11-02,P
VG260040,APS,2026-II,13,2026-11-09,P
VG260040,APS,2026-II,14,2026-11-16,P
VG260040,APS,2026-II,15,2026-11-23,F
VG260040,APS,2026-II,16,2026-11-30,P
VG260040,TBD,2026-II,1,2026-08-18,F
VG260040,TBD,2026-II,2,2026-08-25,P
VG260040,TBD,2026-II,3,2026-09-01,F
VG260040,TBD,2026-II,4,2026-09-08,P
VG260040,TBD,2026-II,5,2026-09-15,P
VG260040,TBD,2026-II,6,2026-09-22,J
VG260040,TBD,2026-II,7,2026-09-29,J
VG260040,TBD,2026-II,8,2026-10-06,P
VG260040,TBD,2026-II,9,2026-10-13,F
VG260040,TBD,2026-II,10,2026-10-20,F
VG260040,TBD,2026-II,11,2026-10-27,F
VG260040,TBD,2026-II,12,2026-11-03,P
VG260040,TBD,2026-II,13,2026-11-10,P
VG260040,TBD,2026-II,14,2026-11-17,T
VG260040,TBD,2026-II,15,2026-11-24,P
VG260040,TBD,2026-II,16,2026-12-01,P
VG260040,FIA,2026-II,1,2026-08-19,P
VG260040,FIA,2026-II,2,2026-08-26,P
VG260040,FIA,2026-II,3,2026-09-02,F
VG260040,FIA,2026-II,4,2026-09-09,P
VG260040,FIA,2026-II,5,2026-09-16,P
VG260040,FIA,2026-II,6,2026-09-23,P
VG260040,FIA,2026-II,7,2026-09-30,T
VG260040,FIA,2026-II,8,2026-10-07,P
VG260040,FIA,2026-II,9,2026-10-14,P
VG260040,FIA,2026-II,10,2026-10-21,P
VG260040,FIA,2026-II,11,2026-10-28,F
VG260040,FIA,2026-II,12,2026-11-04,P
VG260040,FIA,2026-II,13,2026-11-11,F
VG260040,FIA,2026-II,14,2026-11-18,J
VG260040,FIA,2026-II,15,2026-11-25,P
VG260040,FIA,2026-II,16,2026-12-02,F
VG260040,SDE,2026-II,1,2026-08-20,P
VG260040,SDE,2026-II,2,2026-08-27,P
VG260040,SDE,2026-II,3,2026-09-03,P
VG260040,SDE,2026-II,4,2026-09-10,F
VG260040,SDE,2026-II,5,2026-09-17,P
VG260040,SDE,2026-II,6,2026-09-24,P
VG260040,SDE,2026-II,7,2026-10-01,T
VG260040,SDE,2026-II,8,2026-10-08,P
VG260040,SDE,2026-II,9,2026-10-15,P
VG260040,SDE,2026-II,10,2026-10-22,P
VG260040,SDE,2026-II,11,2026-10-29,P
VG260040,SDE,2026-II,12,2026-11-05,F
VG260040,SDE,2026-II,13,2026-11-12,P
VG260040,SDE,2026-II,14,2026-11-19,P
VG260040,SDE,2026-II,15,2026-11-26,P
VG260040,SDE,2026-II,16,2026-12-03,P
VG260040,FCS,2026-II,1,2026-08-21,P
VG260040,FCS,2026-II,2,2026-08-28,P
VG260040,FCS,2026-II,3,2026-09-04,P
VG260040,FCS,2026-II,4,2026-09-11,P
VG260040,FCS,2026-II,5,2026-09-18,P
VG260040,FCS,2026-II,6,2026-09-25,P
VG260040,FCS,2026-II,7,2026-10-02,P
VG260040,FCS,2026-II,8,2026-10-09,P
VG260040,FCS,2026-II,9,2026-10-16,P
VG260040,FCS,2026-II,10,2026-10-23,P
VG260040,FCS,2026-II,11,2026-10-30,T
VG260040,FCS,2026-II,12,2026-11-06,F
VG260040,FCS,2026-II,13,2026-11-13,J
VG260040,FCS,2026-II,14,2026-11-20,P
VG260040,FCS,2026-II,15,2026-11-27,P
VG260040,FCS,2026-II,16,2026-12-04,T
VG260040,EIA,2026-II,1,2026-08-17,P
VG260040,EIA,2026-II,2,2026-08-24,P
VG260040,EIA,2026-II,3,2026-08-31,P
VG260040,EIA,2026-II,4,2026-09-07,P
VG260040,EIA,2026-II,5,2026-09-14,P
VG260040,EIA,2026-II,6,2026-09-21,P
VG260040,EIA,2026-II,7,2026-09-28,P
VG260040,EIA,2026-II,8,2026-10-05,P
VG260040,EIA,2026-II,9,2026-10-12,F
VG260040,EIA,2026-II,10,2026-10-19,P
VG260040,EIA,2026-II,11,2026-10-26,T
VG260040,EIA,2026-II,12,2026-11-02,P
VG260040,EIA,2026-II,13,2026-11-09,P
VG260040,EIA,2026-II,14,2026-11-16,P
VG260040,EIA,2026-II,15,2026-11-23,P
VG260040,EIA,2026-II,16,2026-11-30,P
VG260040,CII,2026-II,1,2026-08-18,P
VG260040,CII,2026-II,2,2026-08-25,F
VG260040,CII,2026-II,3,2026-09-01,P
VG260040,CII,2026-II,4,2026-09-08,P
VG260040,CII,2026-II,5,2026-09-15,T
VG260040,CII,2026-II,6,2026-09-22,P
VG260040,CII,2026-II,7,2026-09-29,F
VG260040,CII,2026-II,8,2026-10-06,P
VG260040,CII,2026-II,9,2026-10-13,J
VG260040,CII,2026-II,10,2026-10-20,T
VG260040,CII,2026-II,11,2026-10-27,P
VG260040,CII,2026-II,12,2026-11-03,P
VG260040,CII,2026-II,13,2026-11-10,P
VG260040,CII,2026-II,14,2026-11-17,P
VG260040,CII,2026-II,15,2026-11-24,P
VG260040,CII,2026-II,16,2026-12-01,P
VG260040,EIT,2026-II,1,2026-08-19,P
VG260040,EIT,2026-II,2,2026-08-26,P
VG260040,EIT,2026-II,3,2026-09-02,P
VG260040,EIT,2026-II,4,2026-09-09,J
VG260040,EIT,2026-II,5,2026-09-16,P
VG260040,EIT,2026-II,6,2026-09-23,F
VG260040,EIT,2026-II,7,2026-09-30,P
VG260040,EIT,2026-II,8,2026-10-07,P
VG260040,EIT,2026-II,9,2026-10-14,P
VG260040,EIT,2026-II,10,2026-10-21,P
VG260040,EIT,2026-II,11,2026-10-28,P
VG260040,EIT,2026-II,12,2026-11-04,F
VG260040,EIT,2026-II,13,2026-11-11,F
VG260040,EIT,2026-II,14,2026-11-18,P
VG260040,EIT,2026-II,15,2026-11-25,P
VG260040,EIT,2026-II,16,2026-12-02,F
VG260040,EFSRT5,2026-II,1,2026-08-20,P
VG260040,EFSRT5,2026-II,2,2026-08-27,F
VG260040,EFSRT5,2026-II,3,2026-09-03,P
VG260040,EFSRT5,2026-II,4,2026-09-10,P
VG260040,EFSRT5,2026-II,5,2026-09-17,P
VG260040,EFSRT5,2026-II,6,2026-09-24,P
VG260040,EFSRT5,2026-II,7,2026-10-01,F
VG260040,EFSRT5,2026-II,8,2026-10-08,P
VG260040,EFSRT5,2026-II,9,2026-10-15,P
VG260040,EFSRT5,2026-II,10,2026-10-22,F
VG260040,EFSRT5,2026-II,11,2026-10-29,P
VG260040,EFSRT5,2026-II,12,2026-11-05,F
VG260040,EFSRT5,2026-II,13,2026-11-12,P
VG260040,EFSRT5,2026-II,14,2026-11-19,F
VG260040,EFSRT5,2026-II,15,2026-11-26,P
VG260040,EFSRT5,2026-II,16,2026-12-03,P
VG260041,APS,2026-II,1,2026-08-17,P
VG260041,APS,2026-II,2,2026-08-24,P
VG260041,APS,2026-II,3,2026-08-31,P
VG260041,APS,2026-II,4,2026-09-07,P
VG260041,APS,2026-II,5,2026-09-14,P
VG260041,APS,2026-II,6,2026-09-21,P
VG260041,APS,2026-II,7,2026-09-28,P
VG260041,APS,2026-II,8,2026-10-05,P
VG260041,APS,2026-II,9,2026-10-12,P
VG260041,APS,2026-II,10,2026-10-19,P
VG260041,APS,2026-II,11,2026-10-26,P
VG260041,APS,2026-II,12,2026-11-02,P
VG260041,APS,2026-II,13,2026-11-09,P
VG260041,APS,2026-II,14,2026-11-16,P
VG260041,APS,2026-II,15,2026-11-23,P
VG260041,APS,2026-II,16,2026-11-30,T
VG260041,TBD,2026-II,1,2026-08-18,T
VG260041,TBD,2026-II,2,2026-08-25,P
VG260041,TBD,2026-II,3,2026-09-01,P
VG260041,TBD,2026-II,4,2026-09-08,P
VG260041,TBD,2026-II,5,2026-09-15,T
VG260041,TBD,2026-II,6,2026-09-22,P
VG260041,TBD,2026-II,7,2026-09-29,P
VG260041,TBD,2026-II,8,2026-10-06,P
VG260041,TBD,2026-II,9,2026-10-13,P
VG260041,TBD,2026-II,10,2026-10-20,P
VG260041,TBD,2026-II,11,2026-10-27,P
VG260041,TBD,2026-II,12,2026-11-03,P
VG260041,TBD,2026-II,13,2026-11-10,P
VG260041,TBD,2026-II,14,2026-11-17,P
VG260041,TBD,2026-II,15,2026-11-24,P
VG260041,TBD,2026-II,16,2026-12-01,P
VG260041,FIA,2026-II,1,2026-08-19,P
VG260041,FIA,2026-II,2,2026-08-26,P
VG260041,FIA,2026-II,3,2026-09-02,P
VG260041,FIA,2026-II,4,2026-09-09,P
VG260041,FIA,2026-II,5,2026-09-16,P
VG260041,FIA,2026-II,6,2026-09-23,P
VG260041,FIA,2026-II,7,2026-09-30,P
VG260041,FIA,2026-II,8,2026-10-07,P
VG260041,FIA,2026-II,9,2026-10-14,P
VG260041,FIA,2026-II,10,2026-10-21,P
VG260041,FIA,2026-II,11,2026-10-28,P
VG260041,FIA,2026-II,12,2026-11-04,T
VG260041,FIA,2026-II,13,2026-11-11,P
VG260041,FIA,2026-II,14,2026-11-18,P
VG260041,FIA,2026-II,15,2026-11-25,P
VG260041,FIA,2026-II,16,2026-12-02,P
VG260041,SDE,2026-II,1,2026-08-20,P
VG260041,SDE,2026-II,2,2026-08-27,P
VG260041,SDE,2026-II,3,2026-09-03,P
VG260041,SDE,2026-II,4,2026-09-10,P
VG260041,SDE,2026-II,5,2026-09-17,P
VG260041,SDE,2026-II,6,2026-09-24,P
VG260041,SDE,2026-II,7,2026-10-01,P
VG260041,SDE,2026-II,8,2026-10-08,P
VG260041,SDE,2026-II,9,2026-10-15,P
VG260041,SDE,2026-II,10,2026-10-22,J
VG260041,SDE,2026-II,11,2026-10-29,P
VG260041,SDE,2026-II,12,2026-11-05,P
VG260041,SDE,2026-II,13,2026-11-12,P
VG260041,SDE,2026-II,14,2026-11-19,P
VG260041,SDE,2026-II,15,2026-11-26,P
VG260041,SDE,2026-II,16,2026-12-03,P
VG260041,FCS,2026-II,1,2026-08-21,P
VG260041,FCS,2026-II,2,2026-08-28,P
VG260041,FCS,2026-II,3,2026-09-04,P
VG260041,FCS,2026-II,4,2026-09-11,T
VG260041,FCS,2026-II,5,2026-09-18,T
VG260041,FCS,2026-II,6,2026-09-25,T
VG260041,FCS,2026-II,7,2026-10-02,P
VG260041,FCS,2026-II,8,2026-10-09,P
VG260041,FCS,2026-II,9,2026-10-16,P
VG260041,FCS,2026-II,10,2026-10-23,P
VG260041,FCS,2026-II,11,2026-10-30,P
VG260041,FCS,2026-II,12,2026-11-06,P
VG260041,FCS,2026-II,13,2026-11-13,T
VG260041,FCS,2026-II,14,2026-11-20,P
VG260041,FCS,2026-II,15,2026-11-27,P
VG260041,FCS,2026-II,16,2026-12-04,P
VG260041,EIA,2026-II,1,2026-08-17,P
VG260041,EIA,2026-II,2,2026-08-24,P
VG260041,EIA,2026-II,3,2026-08-31,F
VG260041,EIA,2026-II,4,2026-09-07,P
VG260041,EIA,2026-II,5,2026-09-14,T
VG260041,EIA,2026-II,6,2026-09-21,P
VG260041,EIA,2026-II,7,2026-09-28,F
VG260041,EIA,2026-II,8,2026-10-05,F
VG260041,EIA,2026-II,9,2026-10-12,P
VG260041,EIA,2026-II,10,2026-10-19,P
VG260041,EIA,2026-II,11,2026-10-26,P
VG260041,EIA,2026-II,12,2026-11-02,P
VG260041,EIA,2026-II,13,2026-11-09,T
VG260041,EIA,2026-II,14,2026-11-16,P
VG260041,EIA,2026-II,15,2026-11-23,P
VG260041,EIA,2026-II,16,2026-11-30,P
VG260041,CII,2026-II,1,2026-08-18,P
VG260041,CII,2026-II,2,2026-08-25,P
VG260041,CII,2026-II,3,2026-09-01,P
VG260041,CII,2026-II,4,2026-09-08,P
VG260041,CII,2026-II,5,2026-09-15,P
VG260041,CII,2026-II,6,2026-09-22,P
VG260041,CII,2026-II,7,2026-09-29,P
VG260041,CII,2026-II,8,2026-10-06,T
VG260041,CII,2026-II,9,2026-10-13,P
VG260041,CII,2026-II,10,2026-10-20,P
VG260041,CII,2026-II,11,2026-10-27,P
VG260041,CII,2026-II,12,2026-11-03,P
VG260041,CII,2026-II,13,2026-11-10,P
VG260041,CII,2026-II,14,2026-11-17,P
VG260041,CII,2026-II,15,2026-11-24,P
VG260041,CII,2026-II,16,2026-12-01,P
VG260041,EIT,2026-II,1,2026-08-19,P
VG260041,EIT,2026-II,2,2026-08-26,P
VG260041,EIT,2026-II,3,2026-09-02,P
VG260041,EIT,2026-II,4,2026-09-09,P
VG260041,EIT,2026-II,5,2026-09-16,P
VG260041,EIT,2026-II,6,2026-09-23,P
VG260041,EIT,2026-II,7,2026-09-30,P
VG260041,EIT,2026-II,8,2026-10-07,T
VG260041,EIT,2026-II,9,2026-10-14,P
VG260041,EIT,2026-II,10,2026-10-21,P
VG260041,EIT,2026-II,11,2026-10-28,P
VG260041,EIT,2026-II,12,2026-11-04,P
VG260041,EIT,2026-II,13,2026-11-11,P
VG260041,EIT,2026-II,14,2026-11-18,T
VG260041,EIT,2026-II,15,2026-11-25,P
VG260041,EIT,2026-II,16,2026-12-02,P
VG260041,EFSRT5,2026-II,1,2026-08-20,P
VG260041,EFSRT5,2026-II,2,2026-08-27,P
VG260041,EFSRT5,2026-II,3,2026-09-03,P
VG260041,EFSRT5,2026-II,4,2026-09-10,P
VG260041,EFSRT5,2026-II,5,2026-09-17,P
VG260041,EFSRT5,2026-II,6,2026-09-24,F
VG260041,EFSRT5,2026-II,7,2026-10-01,P
VG260041,EFSRT5,2026-II,8,2026-10-08,P
VG260041,EFSRT5,2026-II,9,2026-10-15,T
VG260041,EFSRT5,2026-II,10,2026-10-22,P
VG260041,EFSRT5,2026-II,11,2026-10-29,P
VG260041,EFSRT5,2026-II,12,2026-11-05,P
VG260041,EFSRT5,2026-II,13,2026-11-12,P
VG260041,EFSRT5,2026-II,14,2026-11-19,P
VG260041,EFSRT5,2026-II,15,2026-11-26,P
VG260041,EFSRT5,2026-II,16,2026-12-03,P
VG260042,APS,2026-II,1,2026-08-17,P
VG260042,APS,2026-II,2,2026-08-24,P
VG260042,APS,2026-II,3,2026-08-31,P
VG260042,APS,2026-II,4,2026-09-07,T
VG260042,APS,2026-II,5,2026-09-14,P
VG260042,APS,2026-II,6,2026-09-21,P
VG260042,APS,2026-II,7,2026-09-28,T
VG260042,APS,2026-II,8,2026-10-05,P
VG260042,APS,2026-II,9,2026-10-12,P
VG260042,APS,2026-II,10,2026-10-19,P
VG260042,APS,2026-II,11,2026-10-26,P
VG260042,APS,2026-II,12,2026-11-02,P
VG260042,APS,2026-II,13,2026-11-09,P
VG260042,APS,2026-II,14,2026-11-16,P
VG260042,APS,2026-II,15,2026-11-23,P
VG260042,APS,2026-II,16,2026-11-30,P
VG260042,TBD,2026-II,1,2026-08-18,P
VG260042,TBD,2026-II,2,2026-08-25,P
VG260042,TBD,2026-II,3,2026-09-01,F
VG260042,TBD,2026-II,4,2026-09-08,P
VG260042,TBD,2026-II,5,2026-09-15,P
VG260042,TBD,2026-II,6,2026-09-22,T
VG260042,TBD,2026-II,7,2026-09-29,P
VG260042,TBD,2026-II,8,2026-10-06,P
VG260042,TBD,2026-II,9,2026-10-13,P
VG260042,TBD,2026-II,10,2026-10-20,P
VG260042,TBD,2026-II,11,2026-10-27,P
VG260042,TBD,2026-II,12,2026-11-03,P
VG260042,TBD,2026-II,13,2026-11-10,P
VG260042,TBD,2026-II,14,2026-11-17,T
VG260042,TBD,2026-II,15,2026-11-24,P
VG260042,TBD,2026-II,16,2026-12-01,P
VG260042,FIA,2026-II,1,2026-08-19,P
VG260042,FIA,2026-II,2,2026-08-26,F
VG260042,FIA,2026-II,3,2026-09-02,P
VG260042,FIA,2026-II,4,2026-09-09,P
VG260042,FIA,2026-II,5,2026-09-16,P
VG260042,FIA,2026-II,6,2026-09-23,T
VG260042,FIA,2026-II,7,2026-09-30,P
VG260042,FIA,2026-II,8,2026-10-07,P
VG260042,FIA,2026-II,9,2026-10-14,P
VG260042,FIA,2026-II,10,2026-10-21,P
VG260042,FIA,2026-II,11,2026-10-28,P
VG260042,FIA,2026-II,12,2026-11-04,T
VG260042,FIA,2026-II,13,2026-11-11,P
VG260042,FIA,2026-II,14,2026-11-18,P
VG260042,FIA,2026-II,15,2026-11-25,P
VG260042,FIA,2026-II,16,2026-12-02,P
VG260042,SDE,2026-II,1,2026-08-20,P
VG260042,SDE,2026-II,2,2026-08-27,P
VG260042,SDE,2026-II,3,2026-09-03,P
VG260042,SDE,2026-II,4,2026-09-10,P
VG260042,SDE,2026-II,5,2026-09-17,F
VG260042,SDE,2026-II,6,2026-09-24,P
VG260042,SDE,2026-II,7,2026-10-01,P
VG260042,SDE,2026-II,8,2026-10-08,P
VG260042,SDE,2026-II,9,2026-10-15,P
VG260042,SDE,2026-II,10,2026-10-22,P
VG260042,SDE,2026-II,11,2026-10-29,F
VG260042,SDE,2026-II,12,2026-11-05,J
VG260042,SDE,2026-II,13,2026-11-12,P
VG260042,SDE,2026-II,14,2026-11-19,F
VG260042,SDE,2026-II,15,2026-11-26,P
VG260042,SDE,2026-II,16,2026-12-03,P
VG260042,FCS,2026-II,1,2026-08-21,P
VG260042,FCS,2026-II,2,2026-08-28,P
VG260042,FCS,2026-II,3,2026-09-04,P
VG260042,FCS,2026-II,4,2026-09-11,P
VG260042,FCS,2026-II,5,2026-09-18,P
VG260042,FCS,2026-II,6,2026-09-25,P
VG260042,FCS,2026-II,7,2026-10-02,F
VG260042,FCS,2026-II,8,2026-10-09,P
VG260042,FCS,2026-II,9,2026-10-16,P
VG260042,FCS,2026-II,10,2026-10-23,P
VG260042,FCS,2026-II,11,2026-10-30,T
VG260042,FCS,2026-II,12,2026-11-06,P
VG260042,FCS,2026-II,13,2026-11-13,P
VG260042,FCS,2026-II,14,2026-11-20,P
VG260042,FCS,2026-II,15,2026-11-27,T
VG260042,FCS,2026-II,16,2026-12-04,P
VG260042,EIA,2026-II,1,2026-08-17,P
VG260042,EIA,2026-II,2,2026-08-24,P
VG260042,EIA,2026-II,3,2026-08-31,P
VG260042,EIA,2026-II,4,2026-09-07,P
VG260042,EIA,2026-II,5,2026-09-14,F
VG260042,EIA,2026-II,6,2026-09-21,P
VG260042,EIA,2026-II,7,2026-09-28,P
VG260042,EIA,2026-II,8,2026-10-05,P
VG260042,EIA,2026-II,9,2026-10-12,P
VG260042,EIA,2026-II,10,2026-10-19,P
VG260042,EIA,2026-II,11,2026-10-26,P
VG260042,EIA,2026-II,12,2026-11-02,P
VG260042,EIA,2026-II,13,2026-11-09,P
VG260042,EIA,2026-II,14,2026-11-16,P
VG260042,EIA,2026-II,15,2026-11-23,P
VG260042,EIA,2026-II,16,2026-11-30,P
VG260042,CII,2026-II,1,2026-08-18,P
VG260042,CII,2026-II,2,2026-08-25,P
VG260042,CII,2026-II,3,2026-09-01,P
VG260042,CII,2026-II,4,2026-09-08,P
VG260042,CII,2026-II,5,2026-09-15,P
VG260042,CII,2026-II,6,2026-09-22,F
VG260042,CII,2026-II,7,2026-09-29,P
VG260042,CII,2026-II,8,2026-10-06,P
VG260042,CII,2026-II,9,2026-10-13,P
VG260042,CII,2026-II,10,2026-10-20,P
VG260042,CII,2026-II,11,2026-10-27,P
VG260042,CII,2026-II,12,2026-11-03,P
VG260042,CII,2026-II,13,2026-11-10,P
VG260042,CII,2026-II,14,2026-11-17,P
VG260042,CII,2026-II,15,2026-11-24,P
VG260042,CII,2026-II,16,2026-12-01,F
VG260042,EIT,2026-II,1,2026-08-19,T
VG260042,EIT,2026-II,2,2026-08-26,P
VG260042,EIT,2026-II,3,2026-09-02,P
VG260042,EIT,2026-II,4,2026-09-09,P
VG260042,EIT,2026-II,5,2026-09-16,P
VG260042,EIT,2026-II,6,2026-09-23,P
VG260042,EIT,2026-II,7,2026-09-30,F
VG260042,EIT,2026-II,8,2026-10-07,T
VG260042,EIT,2026-II,9,2026-10-14,P
VG260042,EIT,2026-II,10,2026-10-21,P
VG260042,EIT,2026-II,11,2026-10-28,P
VG260042,EIT,2026-II,12,2026-11-04,P
VG260042,EIT,2026-II,13,2026-11-11,P
VG260042,EIT,2026-II,14,2026-11-18,P
VG260042,EIT,2026-II,15,2026-11-25,T
VG260042,EIT,2026-II,16,2026-12-02,P
VG260042,EFSRT5,2026-II,1,2026-08-20,P
VG260042,EFSRT5,2026-II,2,2026-08-27,P
VG260042,EFSRT5,2026-II,3,2026-09-03,P
VG260042,EFSRT5,2026-II,4,2026-09-10,P
VG260042,EFSRT5,2026-II,5,2026-09-17,F
VG260042,EFSRT5,2026-II,6,2026-09-24,P
VG260042,EFSRT5,2026-II,7,2026-10-01,P
VG260042,EFSRT5,2026-II,8,2026-10-08,P
VG260042,EFSRT5,2026-II,9,2026-10-15,P
VG260042,EFSRT5,2026-II,10,2026-10-22,P
VG260042,EFSRT5,2026-II,11,2026-10-29,P
VG260042,EFSRT5,2026-II,12,2026-11-05,P
VG260042,EFSRT5,2026-II,13,2026-11-12,J
VG260042,EFSRT5,2026-II,14,2026-11-19,P
VG260042,EFSRT5,2026-II,15,2026-11-26,P
VG260042,EFSRT5,2026-II,16,2026-12-03,P
VG260043,APS,2026-II,1,2026-08-17,P
VG260043,APS,2026-II,2,2026-08-24,P
VG260043,APS,2026-II,3,2026-08-31,P
VG260043,APS,2026-II,4,2026-09-07,P
VG260043,APS,2026-II,5,2026-09-14,P
VG260043,APS,2026-II,6,2026-09-21,P
VG260043,APS,2026-II,7,2026-09-28,P
VG260043,APS,2026-II,8,2026-10-05,P
VG260043,APS,2026-II,9,2026-10-12,P
VG260043,APS,2026-II,10,2026-10-19,P
VG260043,APS,2026-II,11,2026-10-26,P
VG260043,APS,2026-II,12,2026-11-02,P
VG260043,APS,2026-II,13,2026-11-09,P
VG260043,APS,2026-II,14,2026-11-16,P
VG260043,APS,2026-II,15,2026-11-23,P
VG260043,APS,2026-II,16,2026-11-30,P
VG260043,TBD,2026-II,1,2026-08-18,P
VG260043,TBD,2026-II,2,2026-08-25,P
VG260043,TBD,2026-II,3,2026-09-01,P
VG260043,TBD,2026-II,4,2026-09-08,P
VG260043,TBD,2026-II,5,2026-09-15,P
VG260043,TBD,2026-II,6,2026-09-22,P
VG260043,TBD,2026-II,7,2026-09-29,P
VG260043,TBD,2026-II,8,2026-10-06,P
VG260043,TBD,2026-II,9,2026-10-13,P
VG260043,TBD,2026-II,10,2026-10-20,P
VG260043,TBD,2026-II,11,2026-10-27,P
VG260043,TBD,2026-II,12,2026-11-03,P
VG260043,TBD,2026-II,13,2026-11-10,P
VG260043,TBD,2026-II,14,2026-11-17,P
VG260043,TBD,2026-II,15,2026-11-24,P
VG260043,TBD,2026-II,16,2026-12-01,P
VG260043,FIA,2026-II,1,2026-08-19,P
VG260043,FIA,2026-II,2,2026-08-26,P
VG260043,FIA,2026-II,3,2026-09-02,F
VG260043,FIA,2026-II,4,2026-09-09,P
VG260043,FIA,2026-II,5,2026-09-16,P
VG260043,FIA,2026-II,6,2026-09-23,T
VG260043,FIA,2026-II,7,2026-09-30,P
VG260043,FIA,2026-II,8,2026-10-07,P
VG260043,FIA,2026-II,9,2026-10-14,P
VG260043,FIA,2026-II,10,2026-10-21,T
VG260043,FIA,2026-II,11,2026-10-28,P
VG260043,FIA,2026-II,12,2026-11-04,P
VG260043,FIA,2026-II,13,2026-11-11,P
VG260043,FIA,2026-II,14,2026-11-18,P
VG260043,FIA,2026-II,15,2026-11-25,P
VG260043,FIA,2026-II,16,2026-12-02,P
VG260043,SDE,2026-II,1,2026-08-20,P
VG260043,SDE,2026-II,2,2026-08-27,T
VG260043,SDE,2026-II,3,2026-09-03,P
VG260043,SDE,2026-II,4,2026-09-10,T
VG260043,SDE,2026-II,5,2026-09-17,P
VG260043,SDE,2026-II,6,2026-09-24,P
VG260043,SDE,2026-II,7,2026-10-01,P
VG260043,SDE,2026-II,8,2026-10-08,P
VG260043,SDE,2026-II,9,2026-10-15,P
VG260043,SDE,2026-II,10,2026-10-22,P
VG260043,SDE,2026-II,11,2026-10-29,P
VG260043,SDE,2026-II,12,2026-11-05,P
VG260043,SDE,2026-II,13,2026-11-12,P
VG260043,SDE,2026-II,14,2026-11-19,P
VG260043,SDE,2026-II,15,2026-11-26,P
VG260043,SDE,2026-II,16,2026-12-03,P
VG260043,FCS,2026-II,1,2026-08-21,P
VG260043,FCS,2026-II,2,2026-08-28,P
VG260043,FCS,2026-II,3,2026-09-04,P
VG260043,FCS,2026-II,4,2026-09-11,P
VG260043,FCS,2026-II,5,2026-09-18,T
VG260043,FCS,2026-II,6,2026-09-25,P
VG260043,FCS,2026-II,7,2026-10-02,P
VG260043,FCS,2026-II,8,2026-10-09,P
VG260043,FCS,2026-II,9,2026-10-16,P
VG260043,FCS,2026-II,10,2026-10-23,P
VG260043,FCS,2026-II,11,2026-10-30,P
VG260043,FCS,2026-II,12,2026-11-06,P
VG260043,FCS,2026-II,13,2026-11-13,P
VG260043,FCS,2026-II,14,2026-11-20,P
VG260043,FCS,2026-II,15,2026-11-27,T
VG260043,FCS,2026-II,16,2026-12-04,P
VG260043,EIA,2026-II,1,2026-08-17,P
VG260043,EIA,2026-II,2,2026-08-24,P
VG260043,EIA,2026-II,3,2026-08-31,P
VG260043,EIA,2026-II,4,2026-09-07,P
VG260043,EIA,2026-II,5,2026-09-14,P
VG260043,EIA,2026-II,6,2026-09-21,P
VG260043,EIA,2026-II,7,2026-09-28,P
VG260043,EIA,2026-II,8,2026-10-05,P
VG260043,EIA,2026-II,9,2026-10-12,P
VG260043,EIA,2026-II,10,2026-10-19,P
VG260043,EIA,2026-II,11,2026-10-26,P
VG260043,EIA,2026-II,12,2026-11-02,P
VG260043,EIA,2026-II,13,2026-11-09,P
VG260043,EIA,2026-II,14,2026-11-16,P
VG260043,EIA,2026-II,15,2026-11-23,P
VG260043,EIA,2026-II,16,2026-11-30,P
VG260043,CII,2026-II,1,2026-08-18,P
VG260043,CII,2026-II,2,2026-08-25,P
VG260043,CII,2026-II,3,2026-09-01,T
VG260043,CII,2026-II,4,2026-09-08,P
VG260043,CII,2026-II,5,2026-09-15,T
VG260043,CII,2026-II,6,2026-09-22,P
VG260043,CII,2026-II,7,2026-09-29,P
VG260043,CII,2026-II,8,2026-10-06,P
VG260043,CII,2026-II,9,2026-10-13,P
VG260043,CII,2026-II,10,2026-10-20,P
VG260043,CII,2026-II,11,2026-10-27,P
VG260043,CII,2026-II,12,2026-11-03,T
VG260043,CII,2026-II,13,2026-11-10,P
VG260043,CII,2026-II,14,2026-11-17,P
VG260043,CII,2026-II,15,2026-11-24,P
VG260043,CII,2026-II,16,2026-12-01,T
VG260043,EIT,2026-II,1,2026-08-19,P
VG260043,EIT,2026-II,2,2026-08-26,T
VG260043,EIT,2026-II,3,2026-09-02,P
VG260043,EIT,2026-II,4,2026-09-09,P
VG260043,EIT,2026-II,5,2026-09-16,P
VG260043,EIT,2026-II,6,2026-09-23,T
VG260043,EIT,2026-II,7,2026-09-30,P
VG260043,EIT,2026-II,8,2026-10-07,P
VG260043,EIT,2026-II,9,2026-10-14,P
VG260043,EIT,2026-II,10,2026-10-21,P
VG260043,EIT,2026-II,11,2026-10-28,P
VG260043,EIT,2026-II,12,2026-11-04,P
VG260043,EIT,2026-II,13,2026-11-11,T
VG260043,EIT,2026-II,14,2026-11-18,P
VG260043,EIT,2026-II,15,2026-11-25,P
VG260043,EIT,2026-II,16,2026-12-02,T
VG260043,EFSRT5,2026-II,1,2026-08-20,P
VG260043,EFSRT5,2026-II,2,2026-08-27,P
VG260043,EFSRT5,2026-II,3,2026-09-03,T
VG260043,EFSRT5,2026-II,4,2026-09-10,P
VG260043,EFSRT5,2026-II,5,2026-09-17,P
VG260043,EFSRT5,2026-II,6,2026-09-24,P
VG260043,EFSRT5,2026-II,7,2026-10-01,P
VG260043,EFSRT5,2026-II,8,2026-10-08,P
VG260043,EFSRT5,2026-II,9,2026-10-15,P
VG260043,EFSRT5,2026-II,10,2026-10-22,P
VG260043,EFSRT5,2026-II,11,2026-10-29,P
VG260043,EFSRT5,2026-II,12,2026-11-05,P
VG260043,EFSRT5,2026-II,13,2026-11-12,P
VG260043,EFSRT5,2026-II,14,2026-11-19,P
VG260043,EFSRT5,2026-II,15,2026-11-26,P
VG260043,EFSRT5,2026-II,16,2026-12-03,P
VG260044,APS,2026-II,1,2026-08-17,J
VG260044,APS,2026-II,2,2026-08-24,P
VG260044,APS,2026-II,3,2026-08-31,P
VG260044,APS,2026-II,4,2026-09-07,F
VG260044,APS,2026-II,5,2026-09-14,P
VG260044,APS,2026-II,6,2026-09-21,J
VG260044,APS,2026-II,7,2026-09-28,P
VG260044,APS,2026-II,8,2026-10-05,T
VG260044,APS,2026-II,9,2026-10-12,P
VG260044,APS,2026-II,10,2026-10-19,T
VG260044,APS,2026-II,11,2026-10-26,P
VG260044,APS,2026-II,12,2026-11-02,T
VG260044,APS,2026-II,13,2026-11-09,P
VG260044,APS,2026-II,14,2026-11-16,P
VG260044,APS,2026-II,15,2026-11-23,P
VG260044,APS,2026-II,16,2026-11-30,P
VG260044,TBD,2026-II,1,2026-08-18,P
VG260044,TBD,2026-II,2,2026-08-25,J
VG260044,TBD,2026-II,3,2026-09-01,P
VG260044,TBD,2026-II,4,2026-09-08,P
VG260044,TBD,2026-II,5,2026-09-15,P
VG260044,TBD,2026-II,6,2026-09-22,F
VG260044,TBD,2026-II,7,2026-09-29,P
VG260044,TBD,2026-II,8,2026-10-06,T
VG260044,TBD,2026-II,9,2026-10-13,J
VG260044,TBD,2026-II,10,2026-10-20,P
VG260044,TBD,2026-II,11,2026-10-27,T
VG260044,TBD,2026-II,12,2026-11-03,P
VG260044,TBD,2026-II,13,2026-11-10,P
VG260044,TBD,2026-II,14,2026-11-17,P
VG260044,TBD,2026-II,15,2026-11-24,P
VG260044,TBD,2026-II,16,2026-12-01,P
VG260044,FIA,2026-II,1,2026-08-19,P
VG260044,FIA,2026-II,2,2026-08-26,T
VG260044,FIA,2026-II,3,2026-09-02,P
VG260044,FIA,2026-II,4,2026-09-09,P
VG260044,FIA,2026-II,5,2026-09-16,P
VG260044,FIA,2026-II,6,2026-09-23,P
VG260044,FIA,2026-II,7,2026-09-30,F
VG260044,FIA,2026-II,8,2026-10-07,F
VG260044,FIA,2026-II,9,2026-10-14,P
VG260044,FIA,2026-II,10,2026-10-21,P
VG260044,FIA,2026-II,11,2026-10-28,P
VG260044,FIA,2026-II,12,2026-11-04,P
VG260044,FIA,2026-II,13,2026-11-11,P
VG260044,FIA,2026-II,14,2026-11-18,P
VG260044,FIA,2026-II,15,2026-11-25,P
VG260044,FIA,2026-II,16,2026-12-02,F
VG260044,SDE,2026-II,1,2026-08-20,J
VG260044,SDE,2026-II,2,2026-08-27,P
VG260044,SDE,2026-II,3,2026-09-03,P
VG260044,SDE,2026-II,4,2026-09-10,P
VG260044,SDE,2026-II,5,2026-09-17,P
VG260044,SDE,2026-II,6,2026-09-24,F
VG260044,SDE,2026-II,7,2026-10-01,P
VG260044,SDE,2026-II,8,2026-10-08,F
VG260044,SDE,2026-II,9,2026-10-15,P
VG260044,SDE,2026-II,10,2026-10-22,T
VG260044,SDE,2026-II,11,2026-10-29,P
VG260044,SDE,2026-II,12,2026-11-05,P
VG260044,SDE,2026-II,13,2026-11-12,P
VG260044,SDE,2026-II,14,2026-11-19,F
VG260044,SDE,2026-II,15,2026-11-26,P
VG260044,SDE,2026-II,16,2026-12-03,P
VG260044,FCS,2026-II,1,2026-08-21,P
VG260044,FCS,2026-II,2,2026-08-28,P
VG260044,FCS,2026-II,3,2026-09-04,P
VG260044,FCS,2026-II,4,2026-09-11,P
VG260044,FCS,2026-II,5,2026-09-18,P
VG260044,FCS,2026-II,6,2026-09-25,P
VG260044,FCS,2026-II,7,2026-10-02,P
VG260044,FCS,2026-II,8,2026-10-09,P
VG260044,FCS,2026-II,9,2026-10-16,P
VG260044,FCS,2026-II,10,2026-10-23,P
VG260044,FCS,2026-II,11,2026-10-30,P
VG260044,FCS,2026-II,12,2026-11-06,F
VG260044,FCS,2026-II,13,2026-11-13,T
VG260044,FCS,2026-II,14,2026-11-20,P
VG260044,FCS,2026-II,15,2026-11-27,P
VG260044,FCS,2026-II,16,2026-12-04,T
VG260044,EIA,2026-II,1,2026-08-17,P
VG260044,EIA,2026-II,2,2026-08-24,P
VG260044,EIA,2026-II,3,2026-08-31,P
VG260044,EIA,2026-II,4,2026-09-07,T
VG260044,EIA,2026-II,5,2026-09-14,P
VG260044,EIA,2026-II,6,2026-09-21,P
VG260044,EIA,2026-II,7,2026-09-28,P
VG260044,EIA,2026-II,8,2026-10-05,P
VG260044,EIA,2026-II,9,2026-10-12,F
VG260044,EIA,2026-II,10,2026-10-19,F
VG260044,EIA,2026-II,11,2026-10-26,P
VG260044,EIA,2026-II,12,2026-11-02,P
VG260044,EIA,2026-II,13,2026-11-09,P
VG260044,EIA,2026-II,14,2026-11-16,P
VG260044,EIA,2026-II,15,2026-11-23,P
VG260044,EIA,2026-II,16,2026-11-30,P
VG260044,CII,2026-II,1,2026-08-18,P
VG260044,CII,2026-II,2,2026-08-25,T
VG260044,CII,2026-II,3,2026-09-01,P
VG260044,CII,2026-II,4,2026-09-08,J
VG260044,CII,2026-II,5,2026-09-15,P
VG260044,CII,2026-II,6,2026-09-22,P
VG260044,CII,2026-II,7,2026-09-29,P
VG260044,CII,2026-II,8,2026-10-06,P
VG260044,CII,2026-II,9,2026-10-13,P
VG260044,CII,2026-II,10,2026-10-20,P
VG260044,CII,2026-II,11,2026-10-27,P
VG260044,CII,2026-II,12,2026-11-03,F
VG260044,CII,2026-II,13,2026-11-10,P
VG260044,CII,2026-II,14,2026-11-17,P
VG260044,CII,2026-II,15,2026-11-24,P
VG260044,CII,2026-II,16,2026-12-01,P
VG260044,EIT,2026-II,1,2026-08-19,P
VG260044,EIT,2026-II,2,2026-08-26,P
VG260044,EIT,2026-II,3,2026-09-02,P
VG260044,EIT,2026-II,4,2026-09-09,P
VG260044,EIT,2026-II,5,2026-09-16,P
VG260044,EIT,2026-II,6,2026-09-23,P
VG260044,EIT,2026-II,7,2026-09-30,P
VG260044,EIT,2026-II,8,2026-10-07,T
VG260044,EIT,2026-II,9,2026-10-14,P
VG260044,EIT,2026-II,10,2026-10-21,P
VG260044,EIT,2026-II,11,2026-10-28,P
VG260044,EIT,2026-II,12,2026-11-04,P
VG260044,EIT,2026-II,13,2026-11-11,P
VG260044,EIT,2026-II,14,2026-11-18,P
VG260044,EIT,2026-II,15,2026-11-25,P
VG260044,EIT,2026-II,16,2026-12-02,P
VG260044,EFSRT5,2026-II,1,2026-08-20,P
VG260044,EFSRT5,2026-II,2,2026-08-27,P
VG260044,EFSRT5,2026-II,3,2026-09-03,P
VG260044,EFSRT5,2026-II,4,2026-09-10,P
VG260044,EFSRT5,2026-II,5,2026-09-17,P
VG260044,EFSRT5,2026-II,6,2026-09-24,P
VG260044,EFSRT5,2026-II,7,2026-10-01,J
VG260044,EFSRT5,2026-II,8,2026-10-08,P
VG260044,EFSRT5,2026-II,9,2026-10-15,P
VG260044,EFSRT5,2026-II,10,2026-10-22,P
VG260044,EFSRT5,2026-II,11,2026-10-29,P
VG260044,EFSRT5,2026-II,12,2026-11-05,P
VG260044,EFSRT5,2026-II,13,2026-11-12,P
VG260044,EFSRT5,2026-II,14,2026-11-19,T
VG260044,EFSRT5,2026-II,15,2026-11-26,F
VG260044,EFSRT5,2026-II,16,2026-12-03,P
VG260045,APS,2026-II,1,2026-08-17,F
VG260045,APS,2026-II,2,2026-08-24,P
VG260045,APS,2026-II,3,2026-08-31,P
VG260045,APS,2026-II,4,2026-09-07,P
VG260045,APS,2026-II,5,2026-09-14,P
VG260045,APS,2026-II,6,2026-09-21,P
VG260045,APS,2026-II,7,2026-09-28,P
VG260045,APS,2026-II,8,2026-10-05,P
VG260045,APS,2026-II,9,2026-10-12,P
VG260045,APS,2026-II,10,2026-10-19,P
VG260045,APS,2026-II,11,2026-10-26,P
VG260045,APS,2026-II,12,2026-11-02,T
VG260045,APS,2026-II,13,2026-11-09,F
VG260045,APS,2026-II,14,2026-11-16,P
VG260045,APS,2026-II,15,2026-11-23,P
VG260045,APS,2026-II,16,2026-11-30,P
VG260045,TBD,2026-II,1,2026-08-18,P
VG260045,TBD,2026-II,2,2026-08-25,P
VG260045,TBD,2026-II,3,2026-09-01,P
VG260045,TBD,2026-II,4,2026-09-08,P
VG260045,TBD,2026-II,5,2026-09-15,P
VG260045,TBD,2026-II,6,2026-09-22,P
VG260045,TBD,2026-II,7,2026-09-29,P
VG260045,TBD,2026-II,8,2026-10-06,P
VG260045,TBD,2026-II,9,2026-10-13,J
VG260045,TBD,2026-II,10,2026-10-20,P
VG260045,TBD,2026-II,11,2026-10-27,P
VG260045,TBD,2026-II,12,2026-11-03,P
VG260045,TBD,2026-II,13,2026-11-10,P
VG260045,TBD,2026-II,14,2026-11-17,P
VG260045,TBD,2026-II,15,2026-11-24,P
VG260045,TBD,2026-II,16,2026-12-01,P
VG260045,FIA,2026-II,1,2026-08-19,T
VG260045,FIA,2026-II,2,2026-08-26,P
VG260045,FIA,2026-II,3,2026-09-02,F
VG260045,FIA,2026-II,4,2026-09-09,P
VG260045,FIA,2026-II,5,2026-09-16,P
VG260045,FIA,2026-II,6,2026-09-23,T
VG260045,FIA,2026-II,7,2026-09-30,P
VG260045,FIA,2026-II,8,2026-10-07,P
VG260045,FIA,2026-II,9,2026-10-14,P
VG260045,FIA,2026-II,10,2026-10-21,P
VG260045,FIA,2026-II,11,2026-10-28,P
VG260045,FIA,2026-II,12,2026-11-04,P
VG260045,FIA,2026-II,13,2026-11-11,P
VG260045,FIA,2026-II,14,2026-11-18,F
VG260045,FIA,2026-II,15,2026-11-25,P
VG260045,FIA,2026-II,16,2026-12-02,P
VG260045,SDE,2026-II,1,2026-08-20,P
VG260045,SDE,2026-II,2,2026-08-27,P
VG260045,SDE,2026-II,3,2026-09-03,P
VG260045,SDE,2026-II,4,2026-09-10,P
VG260045,SDE,2026-II,5,2026-09-17,P
VG260045,SDE,2026-II,6,2026-09-24,F
VG260045,SDE,2026-II,7,2026-10-01,P
VG260045,SDE,2026-II,8,2026-10-08,P
VG260045,SDE,2026-II,9,2026-10-15,P
VG260045,SDE,2026-II,10,2026-10-22,T
VG260045,SDE,2026-II,11,2026-10-29,P
VG260045,SDE,2026-II,12,2026-11-05,P
VG260045,SDE,2026-II,13,2026-11-12,P
VG260045,SDE,2026-II,14,2026-11-19,P
VG260045,SDE,2026-II,15,2026-11-26,P
VG260045,SDE,2026-II,16,2026-12-03,P
VG260045,FCS,2026-II,1,2026-08-21,T
VG260045,FCS,2026-II,2,2026-08-28,P
VG260045,FCS,2026-II,3,2026-09-04,P
VG260045,FCS,2026-II,4,2026-09-11,T
VG260045,FCS,2026-II,5,2026-09-18,P
VG260045,FCS,2026-II,6,2026-09-25,P
VG260045,FCS,2026-II,7,2026-10-02,P
VG260045,FCS,2026-II,8,2026-10-09,F
VG260045,FCS,2026-II,9,2026-10-16,P
VG260045,FCS,2026-II,10,2026-10-23,P
VG260045,FCS,2026-II,11,2026-10-30,F
VG260045,FCS,2026-II,12,2026-11-06,P
VG260045,FCS,2026-II,13,2026-11-13,P
VG260045,FCS,2026-II,14,2026-11-20,P
VG260045,FCS,2026-II,15,2026-11-27,P
VG260045,FCS,2026-II,16,2026-12-04,P
VG260045,EIA,2026-II,1,2026-08-17,P
VG260045,EIA,2026-II,2,2026-08-24,F
VG260045,EIA,2026-II,3,2026-08-31,P
VG260045,EIA,2026-II,4,2026-09-07,F
VG260045,EIA,2026-II,5,2026-09-14,P
VG260045,EIA,2026-II,6,2026-09-21,P
VG260045,EIA,2026-II,7,2026-09-28,P
VG260045,EIA,2026-II,8,2026-10-05,P
VG260045,EIA,2026-II,9,2026-10-12,P
VG260045,EIA,2026-II,10,2026-10-19,P
VG260045,EIA,2026-II,11,2026-10-26,P
VG260045,EIA,2026-II,12,2026-11-02,P
VG260045,EIA,2026-II,13,2026-11-09,P
VG260045,EIA,2026-II,14,2026-11-16,P
VG260045,EIA,2026-II,15,2026-11-23,P
VG260045,EIA,2026-II,16,2026-11-30,P
VG260045,CII,2026-II,1,2026-08-18,J
VG260045,CII,2026-II,2,2026-08-25,P
VG260045,CII,2026-II,3,2026-09-01,P
VG260045,CII,2026-II,4,2026-09-08,P
VG260045,CII,2026-II,5,2026-09-15,P
VG260045,CII,2026-II,6,2026-09-22,P
VG260045,CII,2026-II,7,2026-09-29,P
VG260045,CII,2026-II,8,2026-10-06,P
VG260045,CII,2026-II,9,2026-10-13,P
VG260045,CII,2026-II,10,2026-10-20,P
VG260045,CII,2026-II,11,2026-10-27,P
VG260045,CII,2026-II,12,2026-11-03,P
VG260045,CII,2026-II,13,2026-11-10,P
VG260045,CII,2026-II,14,2026-11-17,P
VG260045,CII,2026-II,15,2026-11-24,P
VG260045,CII,2026-II,16,2026-12-01,P
VG260045,EIT,2026-II,1,2026-08-19,T
VG260045,EIT,2026-II,2,2026-08-26,P
VG260045,EIT,2026-II,3,2026-09-02,P
VG260045,EIT,2026-II,4,2026-09-09,P
VG260045,EIT,2026-II,5,2026-09-16,P
VG260045,EIT,2026-II,6,2026-09-23,P
VG260045,EIT,2026-II,7,2026-09-30,P
VG260045,EIT,2026-II,8,2026-10-07,P
VG260045,EIT,2026-II,9,2026-10-14,P
VG260045,EIT,2026-II,10,2026-10-21,F
VG260045,EIT,2026-II,11,2026-10-28,P
VG260045,EIT,2026-II,12,2026-11-04,P
VG260045,EIT,2026-II,13,2026-11-11,F
VG260045,EIT,2026-II,14,2026-11-18,P
VG260045,EIT,2026-II,15,2026-11-25,P
VG260045,EIT,2026-II,16,2026-12-02,P
VG260045,EFSRT5,2026-II,1,2026-08-20,P
VG260045,EFSRT5,2026-II,2,2026-08-27,F
VG260045,EFSRT5,2026-II,3,2026-09-03,P
VG260045,EFSRT5,2026-II,4,2026-09-10,P
VG260045,EFSRT5,2026-II,5,2026-09-17,P
VG260045,EFSRT5,2026-II,6,2026-09-24,F
VG260045,EFSRT5,2026-II,7,2026-10-01,P
VG260045,EFSRT5,2026-II,8,2026-10-08,P
VG260045,EFSRT5,2026-II,9,2026-10-15,P
VG260045,EFSRT5,2026-II,10,2026-10-22,P
VG260045,EFSRT5,2026-II,11,2026-10-29,P
VG260045,EFSRT5,2026-II,12,2026-11-05,P
VG260045,EFSRT5,2026-II,13,2026-11-12,T
VG260045,EFSRT5,2026-II,14,2026-11-19,P
VG260045,EFSRT5,2026-II,15,2026-11-26,F
VG260045,EFSRT5,2026-II,16,2026-12-03,P
VG260046,APS,2026-II,1,2026-08-17,F
VG260046,APS,2026-II,2,2026-08-24,P
VG260046,APS,2026-II,3,2026-08-31,P
VG260046,APS,2026-II,4,2026-09-07,P
VG260046,APS,2026-II,5,2026-09-14,P
VG260046,APS,2026-II,6,2026-09-21,F
VG260046,APS,2026-II,7,2026-09-28,P
VG260046,APS,2026-II,8,2026-10-05,P
VG260046,APS,2026-II,9,2026-10-12,P
VG260046,APS,2026-II,10,2026-10-19,F
VG260046,APS,2026-II,11,2026-10-26,P
VG260046,APS,2026-II,12,2026-11-02,F
VG260046,APS,2026-II,13,2026-11-09,P
VG260046,APS,2026-II,14,2026-11-16,P
VG260046,APS,2026-II,15,2026-11-23,P
VG260046,APS,2026-II,16,2026-11-30,T
VG260046,TBD,2026-II,1,2026-08-18,J
VG260046,TBD,2026-II,2,2026-08-25,F
VG260046,TBD,2026-II,3,2026-09-01,T
VG260046,TBD,2026-II,4,2026-09-08,F
VG260046,TBD,2026-II,5,2026-09-15,P
VG260046,TBD,2026-II,6,2026-09-22,F
VG260046,TBD,2026-II,7,2026-09-29,F
VG260046,TBD,2026-II,8,2026-10-06,P
VG260046,TBD,2026-II,9,2026-10-13,P
VG260046,TBD,2026-II,10,2026-10-20,P
VG260046,TBD,2026-II,11,2026-10-27,T
VG260046,TBD,2026-II,12,2026-11-03,F
VG260046,TBD,2026-II,13,2026-11-10,P
VG260046,TBD,2026-II,14,2026-11-17,J
VG260046,TBD,2026-II,15,2026-11-24,P
VG260046,TBD,2026-II,16,2026-12-01,P
VG260046,FIA,2026-II,1,2026-08-19,P
VG260046,FIA,2026-II,2,2026-08-26,T
VG260046,FIA,2026-II,3,2026-09-02,P
VG260046,FIA,2026-II,4,2026-09-09,P
VG260046,FIA,2026-II,5,2026-09-16,P
VG260046,FIA,2026-II,6,2026-09-23,P
VG260046,FIA,2026-II,7,2026-09-30,P
VG260046,FIA,2026-II,8,2026-10-07,P
VG260046,FIA,2026-II,9,2026-10-14,P
VG260046,FIA,2026-II,10,2026-10-21,P
VG260046,FIA,2026-II,11,2026-10-28,F
VG260046,FIA,2026-II,12,2026-11-04,P
VG260046,FIA,2026-II,13,2026-11-11,P
VG260046,FIA,2026-II,14,2026-11-18,P
VG260046,FIA,2026-II,15,2026-11-25,P
VG260046,FIA,2026-II,16,2026-12-02,P
VG260046,SDE,2026-II,1,2026-08-20,P
VG260046,SDE,2026-II,2,2026-08-27,P
VG260046,SDE,2026-II,3,2026-09-03,P
VG260046,SDE,2026-II,4,2026-09-10,P
VG260046,SDE,2026-II,5,2026-09-17,P
VG260046,SDE,2026-II,6,2026-09-24,T
VG260046,SDE,2026-II,7,2026-10-01,F
VG260046,SDE,2026-II,8,2026-10-08,P
VG260046,SDE,2026-II,9,2026-10-15,P
VG260046,SDE,2026-II,10,2026-10-22,T
VG260046,SDE,2026-II,11,2026-10-29,P
VG260046,SDE,2026-II,12,2026-11-05,F
VG260046,SDE,2026-II,13,2026-11-12,P
VG260046,SDE,2026-II,14,2026-11-19,P
VG260046,SDE,2026-II,15,2026-11-26,F
VG260046,SDE,2026-II,16,2026-12-03,F
VG260046,FCS,2026-II,1,2026-08-21,P
VG260046,FCS,2026-II,2,2026-08-28,J
VG260046,FCS,2026-II,3,2026-09-04,P
VG260046,FCS,2026-II,4,2026-09-11,P
VG260046,FCS,2026-II,5,2026-09-18,F
VG260046,FCS,2026-II,6,2026-09-25,P
VG260046,FCS,2026-II,7,2026-10-02,P
VG260046,FCS,2026-II,8,2026-10-09,P
VG260046,FCS,2026-II,9,2026-10-16,P
VG260046,FCS,2026-II,10,2026-10-23,P
VG260046,FCS,2026-II,11,2026-10-30,P
VG260046,FCS,2026-II,12,2026-11-06,F
VG260046,FCS,2026-II,13,2026-11-13,P
VG260046,FCS,2026-II,14,2026-11-20,P
VG260046,FCS,2026-II,15,2026-11-27,F
VG260046,FCS,2026-II,16,2026-12-04,F
VG260046,EIA,2026-II,1,2026-08-17,P
VG260046,EIA,2026-II,2,2026-08-24,P
VG260046,EIA,2026-II,3,2026-08-31,P
VG260046,EIA,2026-II,4,2026-09-07,F
VG260046,EIA,2026-II,5,2026-09-14,P
VG260046,EIA,2026-II,6,2026-09-21,F
VG260046,EIA,2026-II,7,2026-09-28,P
VG260046,EIA,2026-II,8,2026-10-05,P
VG260046,EIA,2026-II,9,2026-10-12,P
VG260046,EIA,2026-II,10,2026-10-19,P
VG260046,EIA,2026-II,11,2026-10-26,P
VG260046,EIA,2026-II,12,2026-11-02,P
VG260046,EIA,2026-II,13,2026-11-09,F
VG260046,EIA,2026-II,14,2026-11-16,F
VG260046,EIA,2026-II,15,2026-11-23,F
VG260046,EIA,2026-II,16,2026-11-30,P
VG260046,CII,2026-II,1,2026-08-18,T
VG260046,CII,2026-II,2,2026-08-25,P
VG260046,CII,2026-II,3,2026-09-01,P
VG260046,CII,2026-II,4,2026-09-08,F
VG260046,CII,2026-II,5,2026-09-15,P
VG260046,CII,2026-II,6,2026-09-22,P
VG260046,CII,2026-II,7,2026-09-29,F
VG260046,CII,2026-II,8,2026-10-06,J
VG260046,CII,2026-II,9,2026-10-13,F
VG260046,CII,2026-II,10,2026-10-20,P
VG260046,CII,2026-II,11,2026-10-27,P
VG260046,CII,2026-II,12,2026-11-03,P
VG260046,CII,2026-II,13,2026-11-10,P
VG260046,CII,2026-II,14,2026-11-17,P
VG260046,CII,2026-II,15,2026-11-24,P
VG260046,CII,2026-II,16,2026-12-01,F
VG260046,EIT,2026-II,1,2026-08-19,F
VG260046,EIT,2026-II,2,2026-08-26,T
VG260046,EIT,2026-II,3,2026-09-02,P
VG260046,EIT,2026-II,4,2026-09-09,P
VG260046,EIT,2026-II,5,2026-09-16,P
VG260046,EIT,2026-II,6,2026-09-23,P
VG260046,EIT,2026-II,7,2026-09-30,F
VG260046,EIT,2026-II,8,2026-10-07,P
VG260046,EIT,2026-II,9,2026-10-14,P
VG260046,EIT,2026-II,10,2026-10-21,F
VG260046,EIT,2026-II,11,2026-10-28,P
VG260046,EIT,2026-II,12,2026-11-04,P
VG260046,EIT,2026-II,13,2026-11-11,P
VG260046,EIT,2026-II,14,2026-11-18,F
VG260046,EIT,2026-II,15,2026-11-25,P
VG260046,EIT,2026-II,16,2026-12-02,P
VG260046,EFSRT5,2026-II,1,2026-08-20,P
VG260046,EFSRT5,2026-II,2,2026-08-27,P
VG260046,EFSRT5,2026-II,3,2026-09-03,P
VG260046,EFSRT5,2026-II,4,2026-09-10,P
VG260046,EFSRT5,2026-II,5,2026-09-17,P
VG260046,EFSRT5,2026-II,6,2026-09-24,T
VG260046,EFSRT5,2026-II,7,2026-10-01,P
VG260046,EFSRT5,2026-II,8,2026-10-08,F
VG260046,EFSRT5,2026-II,9,2026-10-15,P
VG260046,EFSRT5,2026-II,10,2026-10-22,P
VG260046,EFSRT5,2026-II,11,2026-10-29,P
VG260046,EFSRT5,2026-II,12,2026-11-05,P
VG260046,EFSRT5,2026-II,13,2026-11-12,P
VG260046,EFSRT5,2026-II,14,2026-11-19,P
VG260046,EFSRT5,2026-II,15,2026-11-26,F
VG260046,EFSRT5,2026-II,16,2026-12-03,P
VG260047,APS,2026-II,1,2026-08-17,P
VG260047,APS,2026-II,2,2026-08-24,P
VG260047,APS,2026-II,3,2026-08-31,F
VG260047,APS,2026-II,4,2026-09-07,P
VG260047,APS,2026-II,5,2026-09-14,P
VG260047,APS,2026-II,6,2026-09-21,P
VG260047,APS,2026-II,7,2026-09-28,P
VG260047,APS,2026-II,8,2026-10-05,P
VG260047,APS,2026-II,9,2026-10-12,P
VG260047,APS,2026-II,10,2026-10-19,P
VG260047,APS,2026-II,11,2026-10-26,P
VG260047,APS,2026-II,12,2026-11-02,P
VG260047,APS,2026-II,13,2026-11-09,P
VG260047,APS,2026-II,14,2026-11-16,P
VG260047,APS,2026-II,15,2026-11-23,P
VG260047,APS,2026-II,16,2026-11-30,P
VG260047,TBD,2026-II,1,2026-08-18,P
VG260047,TBD,2026-II,2,2026-08-25,P
VG260047,TBD,2026-II,3,2026-09-01,P
VG260047,TBD,2026-II,4,2026-09-08,P
VG260047,TBD,2026-II,5,2026-09-15,P
VG260047,TBD,2026-II,6,2026-09-22,P
VG260047,TBD,2026-II,7,2026-09-29,J
VG260047,TBD,2026-II,8,2026-10-06,P
VG260047,TBD,2026-II,9,2026-10-13,F
VG260047,TBD,2026-II,10,2026-10-20,T
VG260047,TBD,2026-II,11,2026-10-27,P
VG260047,TBD,2026-II,12,2026-11-03,P
VG260047,TBD,2026-II,13,2026-11-10,T
VG260047,TBD,2026-II,14,2026-11-17,P
VG260047,TBD,2026-II,15,2026-11-24,P
VG260047,TBD,2026-II,16,2026-12-01,P
VG260047,FIA,2026-II,1,2026-08-19,P
VG260047,FIA,2026-II,2,2026-08-26,P
VG260047,FIA,2026-II,3,2026-09-02,P
VG260047,FIA,2026-II,4,2026-09-09,T
VG260047,FIA,2026-II,5,2026-09-16,P
VG260047,FIA,2026-II,6,2026-09-23,P
VG260047,FIA,2026-II,7,2026-09-30,P
VG260047,FIA,2026-II,8,2026-10-07,P
VG260047,FIA,2026-II,9,2026-10-14,P
VG260047,FIA,2026-II,10,2026-10-21,P
VG260047,FIA,2026-II,11,2026-10-28,T
VG260047,FIA,2026-II,12,2026-11-04,P
VG260047,FIA,2026-II,13,2026-11-11,P
VG260047,FIA,2026-II,14,2026-11-18,P
VG260047,FIA,2026-II,15,2026-11-25,P
VG260047,FIA,2026-II,16,2026-12-02,P
VG260047,SDE,2026-II,1,2026-08-20,P
VG260047,SDE,2026-II,2,2026-08-27,P
VG260047,SDE,2026-II,3,2026-09-03,P
VG260047,SDE,2026-II,4,2026-09-10,P
VG260047,SDE,2026-II,5,2026-09-17,P
VG260047,SDE,2026-II,6,2026-09-24,P
VG260047,SDE,2026-II,7,2026-10-01,T
VG260047,SDE,2026-II,8,2026-10-08,T
VG260047,SDE,2026-II,9,2026-10-15,P
VG260047,SDE,2026-II,10,2026-10-22,P
VG260047,SDE,2026-II,11,2026-10-29,P
VG260047,SDE,2026-II,12,2026-11-05,P
VG260047,SDE,2026-II,13,2026-11-12,P
VG260047,SDE,2026-II,14,2026-11-19,P
VG260047,SDE,2026-II,15,2026-11-26,P
VG260047,SDE,2026-II,16,2026-12-03,P
VG260047,FCS,2026-II,1,2026-08-21,P
VG260047,FCS,2026-II,2,2026-08-28,P
VG260047,FCS,2026-II,3,2026-09-04,P
VG260047,FCS,2026-II,4,2026-09-11,P
VG260047,FCS,2026-II,5,2026-09-18,P
VG260047,FCS,2026-II,6,2026-09-25,P
VG260047,FCS,2026-II,7,2026-10-02,F
VG260047,FCS,2026-II,8,2026-10-09,P
VG260047,FCS,2026-II,9,2026-10-16,T
VG260047,FCS,2026-II,10,2026-10-23,P
VG260047,FCS,2026-II,11,2026-10-30,P
VG260047,FCS,2026-II,12,2026-11-06,P
VG260047,FCS,2026-II,13,2026-11-13,P
VG260047,FCS,2026-II,14,2026-11-20,P
VG260047,FCS,2026-II,15,2026-11-27,P
VG260047,FCS,2026-II,16,2026-12-04,P
VG260047,EIA,2026-II,1,2026-08-17,P
VG260047,EIA,2026-II,2,2026-08-24,P
VG260047,EIA,2026-II,3,2026-08-31,P
VG260047,EIA,2026-II,4,2026-09-07,P
VG260047,EIA,2026-II,5,2026-09-14,T
VG260047,EIA,2026-II,6,2026-09-21,P
VG260047,EIA,2026-II,7,2026-09-28,P
VG260047,EIA,2026-II,8,2026-10-05,P
VG260047,EIA,2026-II,9,2026-10-12,P
VG260047,EIA,2026-II,10,2026-10-19,P
VG260047,EIA,2026-II,11,2026-10-26,P
VG260047,EIA,2026-II,12,2026-11-02,P
VG260047,EIA,2026-II,13,2026-11-09,P
VG260047,EIA,2026-II,14,2026-11-16,P
VG260047,EIA,2026-II,15,2026-11-23,P
VG260047,EIA,2026-II,16,2026-11-30,P
VG260047,CII,2026-II,1,2026-08-18,P
VG260047,CII,2026-II,2,2026-08-25,P
VG260047,CII,2026-II,3,2026-09-01,F
VG260047,CII,2026-II,4,2026-09-08,P
VG260047,CII,2026-II,5,2026-09-15,P
VG260047,CII,2026-II,6,2026-09-22,P
VG260047,CII,2026-II,7,2026-09-29,P
VG260047,CII,2026-II,8,2026-10-06,P
VG260047,CII,2026-II,9,2026-10-13,T
VG260047,CII,2026-II,10,2026-10-20,P
VG260047,CII,2026-II,11,2026-10-27,P
VG260047,CII,2026-II,12,2026-11-03,P
VG260047,CII,2026-II,13,2026-11-10,P
VG260047,CII,2026-II,14,2026-11-17,P
VG260047,CII,2026-II,15,2026-11-24,P
VG260047,CII,2026-II,16,2026-12-01,P
VG260047,EIT,2026-II,1,2026-08-19,P
VG260047,EIT,2026-II,2,2026-08-26,P
VG260047,EIT,2026-II,3,2026-09-02,T
VG260047,EIT,2026-II,4,2026-09-09,P
VG260047,EIT,2026-II,5,2026-09-16,P
VG260047,EIT,2026-II,6,2026-09-23,P
VG260047,EIT,2026-II,7,2026-09-30,P
VG260047,EIT,2026-II,8,2026-10-07,P
VG260047,EIT,2026-II,9,2026-10-14,P
VG260047,EIT,2026-II,10,2026-10-21,P
VG260047,EIT,2026-II,11,2026-10-28,P
VG260047,EIT,2026-II,12,2026-11-04,P
VG260047,EIT,2026-II,13,2026-11-11,P
VG260047,EIT,2026-II,14,2026-11-18,P
VG260047,EIT,2026-II,15,2026-11-25,P
VG260047,EIT,2026-II,16,2026-12-02,P
VG260047,EFSRT5,2026-II,1,2026-08-20,F
VG260047,EFSRT5,2026-II,2,2026-08-27,P
VG260047,EFSRT5,2026-II,3,2026-09-03,P
VG260047,EFSRT5,2026-II,4,2026-09-10,P
VG260047,EFSRT5,2026-II,5,2026-09-17,P
VG260047,EFSRT5,2026-II,6,2026-09-24,P
VG260047,EFSRT5,2026-II,7,2026-10-01,P
VG260047,EFSRT5,2026-II,8,2026-10-08,T
VG260047,EFSRT5,2026-II,9,2026-10-15,P
VG260047,EFSRT5,2026-II,10,2026-10-22,T
VG260047,EFSRT5,2026-II,11,2026-10-29,P
VG260047,EFSRT5,2026-II,12,2026-11-05,P
VG260047,EFSRT5,2026-II,13,2026-11-12,P
VG260047,EFSRT5,2026-II,14,2026-11-19,P
VG260047,EFSRT5,2026-II,15,2026-11-26,P
VG260047,EFSRT5,2026-II,16,2026-12-03,P
VG260048,APS,2026-II,1,2026-08-17,P
VG260048,APS,2026-II,2,2026-08-24,P
VG260048,APS,2026-II,3,2026-08-31,P
VG260048,APS,2026-II,4,2026-09-07,P
VG260048,APS,2026-II,5,2026-09-14,P
VG260048,APS,2026-II,6,2026-09-21,F
VG260048,APS,2026-II,7,2026-09-28,P
VG260048,APS,2026-II,8,2026-10-05,P
VG260048,APS,2026-II,9,2026-10-12,P
VG260048,APS,2026-II,10,2026-10-19,P
VG260048,APS,2026-II,11,2026-10-26,P
VG260048,APS,2026-II,12,2026-11-02,P
VG260048,APS,2026-II,13,2026-11-09,T
VG260048,APS,2026-II,14,2026-11-16,T
VG260048,APS,2026-II,15,2026-11-23,P
VG260048,APS,2026-II,16,2026-11-30,P
VG260048,TBD,2026-II,1,2026-08-18,P
VG260048,TBD,2026-II,2,2026-08-25,P
VG260048,TBD,2026-II,3,2026-09-01,P
VG260048,TBD,2026-II,4,2026-09-08,P
VG260048,TBD,2026-II,5,2026-09-15,P
VG260048,TBD,2026-II,6,2026-09-22,P
VG260048,TBD,2026-II,7,2026-09-29,P
VG260048,TBD,2026-II,8,2026-10-06,P
VG260048,TBD,2026-II,9,2026-10-13,P
VG260048,TBD,2026-II,10,2026-10-20,P
VG260048,TBD,2026-II,11,2026-10-27,P
VG260048,TBD,2026-II,12,2026-11-03,P
VG260048,TBD,2026-II,13,2026-11-10,P
VG260048,TBD,2026-II,14,2026-11-17,P
VG260048,TBD,2026-II,15,2026-11-24,P
VG260048,TBD,2026-II,16,2026-12-01,P
VG260048,FIA,2026-II,1,2026-08-19,P
VG260048,FIA,2026-II,2,2026-08-26,P
VG260048,FIA,2026-II,3,2026-09-02,P
VG260048,FIA,2026-II,4,2026-09-09,P
VG260048,FIA,2026-II,5,2026-09-16,P
VG260048,FIA,2026-II,6,2026-09-23,T
VG260048,FIA,2026-II,7,2026-09-30,T
VG260048,FIA,2026-II,8,2026-10-07,P
VG260048,FIA,2026-II,9,2026-10-14,P
VG260048,FIA,2026-II,10,2026-10-21,P
VG260048,FIA,2026-II,11,2026-10-28,P
VG260048,FIA,2026-II,12,2026-11-04,P
VG260048,FIA,2026-II,13,2026-11-11,T
VG260048,FIA,2026-II,14,2026-11-18,P
VG260048,FIA,2026-II,15,2026-11-25,P
VG260048,FIA,2026-II,16,2026-12-02,P
VG260048,SDE,2026-II,1,2026-08-20,P
VG260048,SDE,2026-II,2,2026-08-27,P
VG260048,SDE,2026-II,3,2026-09-03,T
VG260048,SDE,2026-II,4,2026-09-10,P
VG260048,SDE,2026-II,5,2026-09-17,P
VG260048,SDE,2026-II,6,2026-09-24,P
VG260048,SDE,2026-II,7,2026-10-01,P
VG260048,SDE,2026-II,8,2026-10-08,P
VG260048,SDE,2026-II,9,2026-10-15,P
VG260048,SDE,2026-II,10,2026-10-22,P
VG260048,SDE,2026-II,11,2026-10-29,P
VG260048,SDE,2026-II,12,2026-11-05,P
VG260048,SDE,2026-II,13,2026-11-12,P
VG260048,SDE,2026-II,14,2026-11-19,P
VG260048,SDE,2026-II,15,2026-11-26,T
VG260048,SDE,2026-II,16,2026-12-03,P
VG260048,FCS,2026-II,1,2026-08-21,P
VG260048,FCS,2026-II,2,2026-08-28,T
VG260048,FCS,2026-II,3,2026-09-04,P
VG260048,FCS,2026-II,4,2026-09-11,P
VG260048,FCS,2026-II,5,2026-09-18,P
VG260048,FCS,2026-II,6,2026-09-25,P
VG260048,FCS,2026-II,7,2026-10-02,J
VG260048,FCS,2026-II,8,2026-10-09,P
VG260048,FCS,2026-II,9,2026-10-16,P
VG260048,FCS,2026-II,10,2026-10-23,P
VG260048,FCS,2026-II,11,2026-10-30,P
VG260048,FCS,2026-II,12,2026-11-06,F
VG260048,FCS,2026-II,13,2026-11-13,P
VG260048,FCS,2026-II,14,2026-11-20,P
VG260048,FCS,2026-II,15,2026-11-27,P
VG260048,FCS,2026-II,16,2026-12-04,P
VG260048,EIA,2026-II,1,2026-08-17,P
VG260048,EIA,2026-II,2,2026-08-24,P
VG260048,EIA,2026-II,3,2026-08-31,P
VG260048,EIA,2026-II,4,2026-09-07,P
VG260048,EIA,2026-II,5,2026-09-14,P
VG260048,EIA,2026-II,6,2026-09-21,P
VG260048,EIA,2026-II,7,2026-09-28,P
VG260048,EIA,2026-II,8,2026-10-05,P
VG260048,EIA,2026-II,9,2026-10-12,P
VG260048,EIA,2026-II,10,2026-10-19,F
VG260048,EIA,2026-II,11,2026-10-26,P
VG260048,EIA,2026-II,12,2026-11-02,T
VG260048,EIA,2026-II,13,2026-11-09,P
VG260048,EIA,2026-II,14,2026-11-16,J
VG260048,EIA,2026-II,15,2026-11-23,F
VG260048,EIA,2026-II,16,2026-11-30,F
VG260048,CII,2026-II,1,2026-08-18,P
VG260048,CII,2026-II,2,2026-08-25,P
VG260048,CII,2026-II,3,2026-09-01,P
VG260048,CII,2026-II,4,2026-09-08,F
VG260048,CII,2026-II,5,2026-09-15,P
VG260048,CII,2026-II,6,2026-09-22,P
VG260048,CII,2026-II,7,2026-09-29,P
VG260048,CII,2026-II,8,2026-10-06,P
VG260048,CII,2026-II,9,2026-10-13,P
VG260048,CII,2026-II,10,2026-10-20,P
VG260048,CII,2026-II,11,2026-10-27,P
VG260048,CII,2026-II,12,2026-11-03,P
VG260048,CII,2026-II,13,2026-11-10,P
VG260048,CII,2026-II,14,2026-11-17,F
VG260048,CII,2026-II,15,2026-11-24,P
VG260048,CII,2026-II,16,2026-12-01,P
VG260048,EIT,2026-II,1,2026-08-19,P
VG260048,EIT,2026-II,2,2026-08-26,P
VG260048,EIT,2026-II,3,2026-09-02,P
VG260048,EIT,2026-II,4,2026-09-09,P
VG260048,EIT,2026-II,5,2026-09-16,T
VG260048,EIT,2026-II,6,2026-09-23,P
VG260048,EIT,2026-II,7,2026-09-30,P
VG260048,EIT,2026-II,8,2026-10-07,P
VG260048,EIT,2026-II,9,2026-10-14,P
VG260048,EIT,2026-II,10,2026-10-21,P
VG260048,EIT,2026-II,11,2026-10-28,P
VG260048,EIT,2026-II,12,2026-11-04,F
VG260048,EIT,2026-II,13,2026-11-11,P
VG260048,EIT,2026-II,14,2026-11-18,P
VG260048,EIT,2026-II,15,2026-11-25,T
VG260048,EIT,2026-II,16,2026-12-02,T
VG260048,EFSRT5,2026-II,1,2026-08-20,P
VG260048,EFSRT5,2026-II,2,2026-08-27,P
VG260048,EFSRT5,2026-II,3,2026-09-03,P
VG260048,EFSRT5,2026-II,4,2026-09-10,P
VG260048,EFSRT5,2026-II,5,2026-09-17,P
VG260048,EFSRT5,2026-II,6,2026-09-24,T
VG260048,EFSRT5,2026-II,7,2026-10-01,P
VG260048,EFSRT5,2026-II,8,2026-10-08,P
VG260048,EFSRT5,2026-II,9,2026-10-15,P
VG260048,EFSRT5,2026-II,10,2026-10-22,P
VG260048,EFSRT5,2026-II,11,2026-10-29,P
VG260048,EFSRT5,2026-II,12,2026-11-05,P
VG260048,EFSRT5,2026-II,13,2026-11-12,P
VG260048,EFSRT5,2026-II,14,2026-11-19,P
VG260048,EFSRT5,2026-II,15,2026-11-26,P
VG260048,EFSRT5,2026-II,16,2026-12-03,F
VG260049,APS,2026-II,1,2026-08-17,P
VG260049,APS,2026-II,2,2026-08-24,P
VG260049,APS,2026-II,3,2026-08-31,F
VG260049,APS,2026-II,4,2026-09-07,T
VG260049,APS,2026-II,5,2026-09-14,P
VG260049,APS,2026-II,6,2026-09-21,P
VG260049,APS,2026-II,7,2026-09-28,P
VG260049,APS,2026-II,8,2026-10-05,J
VG260049,APS,2026-II,9,2026-10-12,J
VG260049,APS,2026-II,10,2026-10-19,P
VG260049,APS,2026-II,11,2026-10-26,P
VG260049,APS,2026-II,12,2026-11-02,P
VG260049,APS,2026-II,13,2026-11-09,F
VG260049,APS,2026-II,14,2026-11-16,F
VG260049,APS,2026-II,15,2026-11-23,P
VG260049,APS,2026-II,16,2026-11-30,P
VG260049,TBD,2026-II,1,2026-08-18,T
VG260049,TBD,2026-II,2,2026-08-25,P
VG260049,TBD,2026-II,3,2026-09-01,P
VG260049,TBD,2026-II,4,2026-09-08,T
VG260049,TBD,2026-II,5,2026-09-15,P
VG260049,TBD,2026-II,6,2026-09-22,P
VG260049,TBD,2026-II,7,2026-09-29,F
VG260049,TBD,2026-II,8,2026-10-06,F
VG260049,TBD,2026-II,9,2026-10-13,F
VG260049,TBD,2026-II,10,2026-10-20,P
VG260049,TBD,2026-II,11,2026-10-27,P
VG260049,TBD,2026-II,12,2026-11-03,P
VG260049,TBD,2026-II,13,2026-11-10,P
VG260049,TBD,2026-II,14,2026-11-17,F
VG260049,TBD,2026-II,15,2026-11-24,P
VG260049,TBD,2026-II,16,2026-12-01,P
VG260049,FIA,2026-II,1,2026-08-19,F
VG260049,FIA,2026-II,2,2026-08-26,P
VG260049,FIA,2026-II,3,2026-09-02,P
VG260049,FIA,2026-II,4,2026-09-09,P
VG260049,FIA,2026-II,5,2026-09-16,T
VG260049,FIA,2026-II,6,2026-09-23,P
VG260049,FIA,2026-II,7,2026-09-30,P
VG260049,FIA,2026-II,8,2026-10-07,P
VG260049,FIA,2026-II,9,2026-10-14,P
VG260049,FIA,2026-II,10,2026-10-21,P
VG260049,FIA,2026-II,11,2026-10-28,P
VG260049,FIA,2026-II,12,2026-11-04,P
VG260049,FIA,2026-II,13,2026-11-11,J
VG260049,FIA,2026-II,14,2026-11-18,F
VG260049,FIA,2026-II,15,2026-11-25,P
VG260049,FIA,2026-II,16,2026-12-02,P
VG260049,SDE,2026-II,1,2026-08-20,P
VG260049,SDE,2026-II,2,2026-08-27,P
VG260049,SDE,2026-II,3,2026-09-03,P
VG260049,SDE,2026-II,4,2026-09-10,F
VG260049,SDE,2026-II,5,2026-09-17,P
VG260049,SDE,2026-II,6,2026-09-24,P
VG260049,SDE,2026-II,7,2026-10-01,J
VG260049,SDE,2026-II,8,2026-10-08,P
VG260049,SDE,2026-II,9,2026-10-15,P
VG260049,SDE,2026-II,10,2026-10-22,P
VG260049,SDE,2026-II,11,2026-10-29,P
VG260049,SDE,2026-II,12,2026-11-05,P
VG260049,SDE,2026-II,13,2026-11-12,P
VG260049,SDE,2026-II,14,2026-11-19,T
VG260049,SDE,2026-II,15,2026-11-26,P
VG260049,SDE,2026-II,16,2026-12-03,P
VG260049,FCS,2026-II,1,2026-08-21,P
VG260049,FCS,2026-II,2,2026-08-28,P
VG260049,FCS,2026-II,3,2026-09-04,P
VG260049,FCS,2026-II,4,2026-09-11,P
VG260049,FCS,2026-II,5,2026-09-18,P
VG260049,FCS,2026-II,6,2026-09-25,P
VG260049,FCS,2026-II,7,2026-10-02,P
VG260049,FCS,2026-II,8,2026-10-09,P
VG260049,FCS,2026-II,9,2026-10-16,T
VG260049,FCS,2026-II,10,2026-10-23,P
VG260049,FCS,2026-II,11,2026-10-30,P
VG260049,FCS,2026-II,12,2026-11-06,P
VG260049,FCS,2026-II,13,2026-11-13,P
VG260049,FCS,2026-II,14,2026-11-20,F
VG260049,FCS,2026-II,15,2026-11-27,P
VG260049,FCS,2026-II,16,2026-12-04,P
VG260049,EIA,2026-II,1,2026-08-17,P
VG260049,EIA,2026-II,2,2026-08-24,P
VG260049,EIA,2026-II,3,2026-08-31,P
VG260049,EIA,2026-II,4,2026-09-07,P
VG260049,EIA,2026-II,5,2026-09-14,P
VG260049,EIA,2026-II,6,2026-09-21,J
VG260049,EIA,2026-II,7,2026-09-28,P
VG260049,EIA,2026-II,8,2026-10-05,F
VG260049,EIA,2026-II,9,2026-10-12,P
VG260049,EIA,2026-II,10,2026-10-19,P
VG260049,EIA,2026-II,11,2026-10-26,F
VG260049,EIA,2026-II,12,2026-11-02,P
VG260049,EIA,2026-II,13,2026-11-09,P
VG260049,EIA,2026-II,14,2026-11-16,P
VG260049,EIA,2026-II,15,2026-11-23,P
VG260049,EIA,2026-II,16,2026-11-30,P
VG260049,CII,2026-II,1,2026-08-18,P
VG260049,CII,2026-II,2,2026-08-25,P
VG260049,CII,2026-II,3,2026-09-01,P
VG260049,CII,2026-II,4,2026-09-08,P
VG260049,CII,2026-II,5,2026-09-15,P
VG260049,CII,2026-II,6,2026-09-22,P
VG260049,CII,2026-II,7,2026-09-29,P
VG260049,CII,2026-II,8,2026-10-06,P
VG260049,CII,2026-II,9,2026-10-13,P
VG260049,CII,2026-II,10,2026-10-20,P
VG260049,CII,2026-II,11,2026-10-27,P
VG260049,CII,2026-II,12,2026-11-03,P
VG260049,CII,2026-II,13,2026-11-10,P
VG260049,CII,2026-II,14,2026-11-17,P
VG260049,CII,2026-II,15,2026-11-24,P
VG260049,CII,2026-II,16,2026-12-01,J
VG260049,EIT,2026-II,1,2026-08-19,P
VG260049,EIT,2026-II,2,2026-08-26,P
VG260049,EIT,2026-II,3,2026-09-02,T
VG260049,EIT,2026-II,4,2026-09-09,P
VG260049,EIT,2026-II,5,2026-09-16,P
VG260049,EIT,2026-II,6,2026-09-23,P
VG260049,EIT,2026-II,7,2026-09-30,P
VG260049,EIT,2026-II,8,2026-10-07,J
VG260049,EIT,2026-II,9,2026-10-14,P
VG260049,EIT,2026-II,10,2026-10-21,P
VG260049,EIT,2026-II,11,2026-10-28,J
VG260049,EIT,2026-II,12,2026-11-04,P
VG260049,EIT,2026-II,13,2026-11-11,P
VG260049,EIT,2026-II,14,2026-11-18,F
VG260049,EIT,2026-II,15,2026-11-25,F
VG260049,EIT,2026-II,16,2026-12-02,P
VG260049,EFSRT5,2026-II,1,2026-08-20,P
VG260049,EFSRT5,2026-II,2,2026-08-27,P
VG260049,EFSRT5,2026-II,3,2026-09-03,P
VG260049,EFSRT5,2026-II,4,2026-09-10,J
VG260049,EFSRT5,2026-II,5,2026-09-17,P
VG260049,EFSRT5,2026-II,6,2026-09-24,P
VG260049,EFSRT5,2026-II,7,2026-10-01,F
VG260049,EFSRT5,2026-II,8,2026-10-08,J
VG260049,EFSRT5,2026-II,9,2026-10-15,F
VG260049,EFSRT5,2026-II,10,2026-10-22,P
VG260049,EFSRT5,2026-II,11,2026-10-29,P
VG260049,EFSRT5,2026-II,12,2026-11-05,P
VG260049,EFSRT5,2026-II,13,2026-11-12,F
VG260049,EFSRT5,2026-II,14,2026-11-19,F
VG260049,EFSRT5,2026-II,15,2026-11-26,F
VG260049,EFSRT5,2026-II,16,2026-12-03,P
VG260050,APS,2026-II,1,2026-08-17,P
VG260050,APS,2026-II,2,2026-08-24,P
VG260050,APS,2026-II,3,2026-08-31,P
VG260050,APS,2026-II,4,2026-09-07,T
VG260050,APS,2026-II,5,2026-09-14,P
VG260050,APS,2026-II,6,2026-09-21,P
VG260050,APS,2026-II,7,2026-09-28,P
VG260050,APS,2026-II,8,2026-10-05,P
VG260050,APS,2026-II,9,2026-10-12,P
VG260050,APS,2026-II,10,2026-10-19,P
VG260050,APS,2026-II,11,2026-10-26,P
VG260050,APS,2026-II,12,2026-11-02,P
VG260050,APS,2026-II,13,2026-11-09,T
VG260050,APS,2026-II,14,2026-11-16,P
VG260050,APS,2026-II,15,2026-11-23,P
VG260050,APS,2026-II,16,2026-11-30,P
VG260050,TBD,2026-II,1,2026-08-18,P
VG260050,TBD,2026-II,2,2026-08-25,P
VG260050,TBD,2026-II,3,2026-09-01,T
VG260050,TBD,2026-II,4,2026-09-08,T
VG260050,TBD,2026-II,5,2026-09-15,P
VG260050,TBD,2026-II,6,2026-09-22,P
VG260050,TBD,2026-II,7,2026-09-29,P
VG260050,TBD,2026-II,8,2026-10-06,P
VG260050,TBD,2026-II,9,2026-10-13,P
VG260050,TBD,2026-II,10,2026-10-20,P
VG260050,TBD,2026-II,11,2026-10-27,P
VG260050,TBD,2026-II,12,2026-11-03,T
VG260050,TBD,2026-II,13,2026-11-10,P
VG260050,TBD,2026-II,14,2026-11-17,P
VG260050,TBD,2026-II,15,2026-11-24,P
VG260050,TBD,2026-II,16,2026-12-01,P
VG260050,FIA,2026-II,1,2026-08-19,P
VG260050,FIA,2026-II,2,2026-08-26,P
VG260050,FIA,2026-II,3,2026-09-02,P
VG260050,FIA,2026-II,4,2026-09-09,P
VG260050,FIA,2026-II,5,2026-09-16,P
VG260050,FIA,2026-II,6,2026-09-23,T
VG260050,FIA,2026-II,7,2026-09-30,P
VG260050,FIA,2026-II,8,2026-10-07,P
VG260050,FIA,2026-II,9,2026-10-14,P
VG260050,FIA,2026-II,10,2026-10-21,P
VG260050,FIA,2026-II,11,2026-10-28,P
VG260050,FIA,2026-II,12,2026-11-04,P
VG260050,FIA,2026-II,13,2026-11-11,P
VG260050,FIA,2026-II,14,2026-11-18,P
VG260050,FIA,2026-II,15,2026-11-25,P
VG260050,FIA,2026-II,16,2026-12-02,P
VG260050,SDE,2026-II,1,2026-08-20,P
VG260050,SDE,2026-II,2,2026-08-27,T
VG260050,SDE,2026-II,3,2026-09-03,P
VG260050,SDE,2026-II,4,2026-09-10,P
VG260050,SDE,2026-II,5,2026-09-17,P
VG260050,SDE,2026-II,6,2026-09-24,P
VG260050,SDE,2026-II,7,2026-10-01,P
VG260050,SDE,2026-II,8,2026-10-08,P
VG260050,SDE,2026-II,9,2026-10-15,P
VG260050,SDE,2026-II,10,2026-10-22,P
VG260050,SDE,2026-II,11,2026-10-29,P
VG260050,SDE,2026-II,12,2026-11-05,P
VG260050,SDE,2026-II,13,2026-11-12,P
VG260050,SDE,2026-II,14,2026-11-19,P
VG260050,SDE,2026-II,15,2026-11-26,T
VG260050,SDE,2026-II,16,2026-12-03,T
VG260050,FCS,2026-II,1,2026-08-21,P
VG260050,FCS,2026-II,2,2026-08-28,T
VG260050,FCS,2026-II,3,2026-09-04,P
VG260050,FCS,2026-II,4,2026-09-11,P
VG260050,FCS,2026-II,5,2026-09-18,P
VG260050,FCS,2026-II,6,2026-09-25,P
VG260050,FCS,2026-II,7,2026-10-02,P
VG260050,FCS,2026-II,8,2026-10-09,P
VG260050,FCS,2026-II,9,2026-10-16,P
VG260050,FCS,2026-II,10,2026-10-23,P
VG260050,FCS,2026-II,11,2026-10-30,T
VG260050,FCS,2026-II,12,2026-11-06,P
VG260050,FCS,2026-II,13,2026-11-13,P
VG260050,FCS,2026-II,14,2026-11-20,P
VG260050,FCS,2026-II,15,2026-11-27,P
VG260050,FCS,2026-II,16,2026-12-04,P
VG260050,EIA,2026-II,1,2026-08-17,P
VG260050,EIA,2026-II,2,2026-08-24,T
VG260050,EIA,2026-II,3,2026-08-31,P
VG260050,EIA,2026-II,4,2026-09-07,P
VG260050,EIA,2026-II,5,2026-09-14,P
VG260050,EIA,2026-II,6,2026-09-21,P
VG260050,EIA,2026-II,7,2026-09-28,P
VG260050,EIA,2026-II,8,2026-10-05,P
VG260050,EIA,2026-II,9,2026-10-12,P
VG260050,EIA,2026-II,10,2026-10-19,P
VG260050,EIA,2026-II,11,2026-10-26,P
VG260050,EIA,2026-II,12,2026-11-02,P
VG260050,EIA,2026-II,13,2026-11-09,P
VG260050,EIA,2026-II,14,2026-11-16,P
VG260050,EIA,2026-II,15,2026-11-23,P
VG260050,EIA,2026-II,16,2026-11-30,P
VG260050,CII,2026-II,1,2026-08-18,P
VG260050,CII,2026-II,2,2026-08-25,P
VG260050,CII,2026-II,3,2026-09-01,P
VG260050,CII,2026-II,4,2026-09-08,P
VG260050,CII,2026-II,5,2026-09-15,P
VG260050,CII,2026-II,6,2026-09-22,P
VG260050,CII,2026-II,7,2026-09-29,P
VG260050,CII,2026-II,8,2026-10-06,P
VG260050,CII,2026-II,9,2026-10-13,P
VG260050,CII,2026-II,10,2026-10-20,P
VG260050,CII,2026-II,11,2026-10-27,P
VG260050,CII,2026-II,12,2026-11-03,P
VG260050,CII,2026-II,13,2026-11-10,P
VG260050,CII,2026-II,14,2026-11-17,P
VG260050,CII,2026-II,15,2026-11-24,P
VG260050,CII,2026-II,16,2026-12-01,P
VG260050,EIT,2026-II,1,2026-08-19,P
VG260050,EIT,2026-II,2,2026-08-26,P
VG260050,EIT,2026-II,3,2026-09-02,P
VG260050,EIT,2026-II,4,2026-09-09,T
VG260050,EIT,2026-II,5,2026-09-16,P
VG260050,EIT,2026-II,6,2026-09-23,P
VG260050,EIT,2026-II,7,2026-09-30,P
VG260050,EIT,2026-II,8,2026-10-07,P
VG260050,EIT,2026-II,9,2026-10-14,P
VG260050,EIT,2026-II,10,2026-10-21,P
VG260050,EIT,2026-II,11,2026-10-28,P
VG260050,EIT,2026-II,12,2026-11-04,P
VG260050,EIT,2026-II,13,2026-11-11,P
VG260050,EIT,2026-II,14,2026-11-18,P
VG260050,EIT,2026-II,15,2026-11-25,P
VG260050,EIT,2026-II,16,2026-12-02,P
VG260050,EFSRT5,2026-II,1,2026-08-20,P
VG260050,EFSRT5,2026-II,2,2026-08-27,T
VG260050,EFSRT5,2026-II,3,2026-09-03,P
VG260050,EFSRT5,2026-II,4,2026-09-10,P
VG260050,EFSRT5,2026-II,5,2026-09-17,P
VG260050,EFSRT5,2026-II,6,2026-09-24,P
VG260050,EFSRT5,2026-II,7,2026-10-01,P
VG260050,EFSRT5,2026-II,8,2026-10-08,P
VG260050,EFSRT5,2026-II,9,2026-10-15,P
VG260050,EFSRT5,2026-II,10,2026-10-22,P
VG260050,EFSRT5,2026-II,11,2026-10-29,P
VG260050,EFSRT5,2026-II,12,2026-11-05,P
VG260050,EFSRT5,2026-II,13,2026-11-12,P
VG260050,EFSRT5,2026-II,14,2026-11-19,P
VG260050,EFSRT5,2026-II,15,2026-11-26,P
VG260050,EFSRT5,2026-II,16,2026-12-03,P
VG260051,APS,2026-II,1,2026-08-17,P
VG260051,APS,2026-II,2,2026-08-24,T
VG260051,APS,2026-II,3,2026-08-31,P
VG260051,APS,2026-II,4,2026-09-07,P
VG260051,APS,2026-II,5,2026-09-14,F
VG260051,APS,2026-II,6,2026-09-21,P
VG260051,APS,2026-II,7,2026-09-28,F
VG260051,APS,2026-II,8,2026-10-05,P
VG260051,APS,2026-II,9,2026-10-12,P
VG260051,APS,2026-II,10,2026-10-19,P
VG260051,APS,2026-II,11,2026-10-26,P
VG260051,APS,2026-II,12,2026-11-02,P
VG260051,APS,2026-II,13,2026-11-09,P
VG260051,APS,2026-II,14,2026-11-16,P
VG260051,APS,2026-II,15,2026-11-23,P
VG260051,APS,2026-II,16,2026-11-30,P
VG260051,TBD,2026-II,1,2026-08-18,P
VG260051,TBD,2026-II,2,2026-08-25,P
VG260051,TBD,2026-II,3,2026-09-01,J
VG260051,TBD,2026-II,4,2026-09-08,F
VG260051,TBD,2026-II,5,2026-09-15,P
VG260051,TBD,2026-II,6,2026-09-22,P
VG260051,TBD,2026-II,7,2026-09-29,P
VG260051,TBD,2026-II,8,2026-10-06,J
VG260051,TBD,2026-II,9,2026-10-13,P
VG260051,TBD,2026-II,10,2026-10-20,P
VG260051,TBD,2026-II,11,2026-10-27,F
VG260051,TBD,2026-II,12,2026-11-03,P
VG260051,TBD,2026-II,13,2026-11-10,J
VG260051,TBD,2026-II,14,2026-11-17,P
VG260051,TBD,2026-II,15,2026-11-24,P
VG260051,TBD,2026-II,16,2026-12-01,P
VG260051,FIA,2026-II,1,2026-08-19,P
VG260051,FIA,2026-II,2,2026-08-26,J
VG260051,FIA,2026-II,3,2026-09-02,F
VG260051,FIA,2026-II,4,2026-09-09,F
VG260051,FIA,2026-II,5,2026-09-16,J
VG260051,FIA,2026-II,6,2026-09-23,F
VG260051,FIA,2026-II,7,2026-09-30,P
VG260051,FIA,2026-II,8,2026-10-07,P
VG260051,FIA,2026-II,9,2026-10-14,P
VG260051,FIA,2026-II,10,2026-10-21,P
VG260051,FIA,2026-II,11,2026-10-28,F
VG260051,FIA,2026-II,12,2026-11-04,P
VG260051,FIA,2026-II,13,2026-11-11,P
VG260051,FIA,2026-II,14,2026-11-18,P
VG260051,FIA,2026-II,15,2026-11-25,F
VG260051,FIA,2026-II,16,2026-12-02,J
VG260051,SDE,2026-II,1,2026-08-20,J
VG260051,SDE,2026-II,2,2026-08-27,P
VG260051,SDE,2026-II,3,2026-09-03,P
VG260051,SDE,2026-II,4,2026-09-10,P
VG260051,SDE,2026-II,5,2026-09-17,F
VG260051,SDE,2026-II,6,2026-09-24,P
VG260051,SDE,2026-II,7,2026-10-01,J
VG260051,SDE,2026-II,8,2026-10-08,P
VG260051,SDE,2026-II,9,2026-10-15,P
VG260051,SDE,2026-II,10,2026-10-22,P
VG260051,SDE,2026-II,11,2026-10-29,F
VG260051,SDE,2026-II,12,2026-11-05,J
VG260051,SDE,2026-II,13,2026-11-12,P
VG260051,SDE,2026-II,14,2026-11-19,P
VG260051,SDE,2026-II,15,2026-11-26,F
VG260051,SDE,2026-II,16,2026-12-03,P
VG260051,FCS,2026-II,1,2026-08-21,F
VG260051,FCS,2026-II,2,2026-08-28,P
VG260051,FCS,2026-II,3,2026-09-04,P
VG260051,FCS,2026-II,4,2026-09-11,P
VG260051,FCS,2026-II,5,2026-09-18,P
VG260051,FCS,2026-II,6,2026-09-25,T
VG260051,FCS,2026-II,7,2026-10-02,F
VG260051,FCS,2026-II,8,2026-10-09,P
VG260051,FCS,2026-II,9,2026-10-16,P
VG260051,FCS,2026-II,10,2026-10-23,P
VG260051,FCS,2026-II,11,2026-10-30,P
VG260051,FCS,2026-II,12,2026-11-06,P
VG260051,FCS,2026-II,13,2026-11-13,J
VG260051,FCS,2026-II,14,2026-11-20,P
VG260051,FCS,2026-II,15,2026-11-27,P
VG260051,FCS,2026-II,16,2026-12-04,F
VG260051,EIA,2026-II,1,2026-08-17,P
VG260051,EIA,2026-II,2,2026-08-24,P
VG260051,EIA,2026-II,3,2026-08-31,P
VG260051,EIA,2026-II,4,2026-09-07,P
VG260051,EIA,2026-II,5,2026-09-14,P
VG260051,EIA,2026-II,6,2026-09-21,P
VG260051,EIA,2026-II,7,2026-09-28,P
VG260051,EIA,2026-II,8,2026-10-05,P
VG260051,EIA,2026-II,9,2026-10-12,F
VG260051,EIA,2026-II,10,2026-10-19,P
VG260051,EIA,2026-II,11,2026-10-26,P
VG260051,EIA,2026-II,12,2026-11-02,P
VG260051,EIA,2026-II,13,2026-11-09,P
VG260051,EIA,2026-II,14,2026-11-16,P
VG260051,EIA,2026-II,15,2026-11-23,P
VG260051,EIA,2026-II,16,2026-11-30,P
VG260051,CII,2026-II,1,2026-08-18,T
VG260051,CII,2026-II,2,2026-08-25,F
VG260051,CII,2026-II,3,2026-09-01,J
VG260051,CII,2026-II,4,2026-09-08,P
VG260051,CII,2026-II,5,2026-09-15,P
VG260051,CII,2026-II,6,2026-09-22,P
VG260051,CII,2026-II,7,2026-09-29,P
VG260051,CII,2026-II,8,2026-10-06,P
VG260051,CII,2026-II,9,2026-10-13,P
VG260051,CII,2026-II,10,2026-10-20,P
VG260051,CII,2026-II,11,2026-10-27,F
VG260051,CII,2026-II,12,2026-11-03,J
VG260051,CII,2026-II,13,2026-11-10,P
VG260051,CII,2026-II,14,2026-11-17,F
VG260051,CII,2026-II,15,2026-11-24,P
VG260051,CII,2026-II,16,2026-12-01,F
VG260051,EIT,2026-II,1,2026-08-19,P
VG260051,EIT,2026-II,2,2026-08-26,P
VG260051,EIT,2026-II,3,2026-09-02,P
VG260051,EIT,2026-II,4,2026-09-09,P
VG260051,EIT,2026-II,5,2026-09-16,P
VG260051,EIT,2026-II,6,2026-09-23,P
VG260051,EIT,2026-II,7,2026-09-30,F
VG260051,EIT,2026-II,8,2026-10-07,T
VG260051,EIT,2026-II,9,2026-10-14,P
VG260051,EIT,2026-II,10,2026-10-21,P
VG260051,EIT,2026-II,11,2026-10-28,P
VG260051,EIT,2026-II,12,2026-11-04,P
VG260051,EIT,2026-II,13,2026-11-11,P
VG260051,EIT,2026-II,14,2026-11-18,P
VG260051,EIT,2026-II,15,2026-11-25,F
VG260051,EIT,2026-II,16,2026-12-02,F
VG260051,EFSRT5,2026-II,1,2026-08-20,P
VG260051,EFSRT5,2026-II,2,2026-08-27,P
VG260051,EFSRT5,2026-II,3,2026-09-03,P
VG260051,EFSRT5,2026-II,4,2026-09-10,P
VG260051,EFSRT5,2026-II,5,2026-09-17,P
VG260051,EFSRT5,2026-II,6,2026-09-24,P
VG260051,EFSRT5,2026-II,7,2026-10-01,P
VG260051,EFSRT5,2026-II,8,2026-10-08,P
VG260051,EFSRT5,2026-II,9,2026-10-15,P
VG260051,EFSRT5,2026-II,10,2026-10-22,P
VG260051,EFSRT5,2026-II,11,2026-10-29,P
VG260051,EFSRT5,2026-II,12,2026-11-05,P
VG260051,EFSRT5,2026-II,13,2026-11-12,T
VG260051,EFSRT5,2026-II,14,2026-11-19,F
VG260051,EFSRT5,2026-II,15,2026-11-26,J
VG260051,EFSRT5,2026-II,16,2026-12-03,P
VG260052,APS,2026-II,1,2026-08-17,P
VG260052,APS,2026-II,2,2026-08-24,T
VG260052,APS,2026-II,3,2026-08-31,P
VG260052,APS,2026-II,4,2026-09-07,F
VG260052,APS,2026-II,5,2026-09-14,P
VG260052,APS,2026-II,6,2026-09-21,P
VG260052,APS,2026-II,7,2026-09-28,P
VG260052,APS,2026-II,8,2026-10-05,P
VG260052,APS,2026-II,9,2026-10-12,T
VG260052,APS,2026-II,10,2026-10-19,P
VG260052,APS,2026-II,11,2026-10-26,P
VG260052,APS,2026-II,12,2026-11-02,P
VG260052,APS,2026-II,13,2026-11-09,P
VG260052,APS,2026-II,14,2026-11-16,P
VG260052,APS,2026-II,15,2026-11-23,P
VG260052,APS,2026-II,16,2026-11-30,P
VG260052,TBD,2026-II,1,2026-08-18,P
VG260052,TBD,2026-II,2,2026-08-25,F
VG260052,TBD,2026-II,3,2026-09-01,P
VG260052,TBD,2026-II,4,2026-09-08,P
VG260052,TBD,2026-II,5,2026-09-15,P
VG260052,TBD,2026-II,6,2026-09-22,P
VG260052,TBD,2026-II,7,2026-09-29,P
VG260052,TBD,2026-II,8,2026-10-06,P
VG260052,TBD,2026-II,9,2026-10-13,P
VG260052,TBD,2026-II,10,2026-10-20,P
VG260052,TBD,2026-II,11,2026-10-27,P
VG260052,TBD,2026-II,12,2026-11-03,T
VG260052,TBD,2026-II,13,2026-11-10,P
VG260052,TBD,2026-II,14,2026-11-17,P
VG260052,TBD,2026-II,15,2026-11-24,P
VG260052,TBD,2026-II,16,2026-12-01,P
VG260052,FIA,2026-II,1,2026-08-19,P
VG260052,FIA,2026-II,2,2026-08-26,P
VG260052,FIA,2026-II,3,2026-09-02,P
VG260052,FIA,2026-II,4,2026-09-09,P
VG260052,FIA,2026-II,5,2026-09-16,P
VG260052,FIA,2026-II,6,2026-09-23,P
VG260052,FIA,2026-II,7,2026-09-30,J
VG260052,FIA,2026-II,8,2026-10-07,P
VG260052,FIA,2026-II,9,2026-10-14,P
VG260052,FIA,2026-II,10,2026-10-21,P
VG260052,FIA,2026-II,11,2026-10-28,T
VG260052,FIA,2026-II,12,2026-11-04,T
VG260052,FIA,2026-II,13,2026-11-11,P
VG260052,FIA,2026-II,14,2026-11-18,P
VG260052,FIA,2026-II,15,2026-11-25,F
VG260052,FIA,2026-II,16,2026-12-02,P
VG260052,SDE,2026-II,1,2026-08-20,P
VG260052,SDE,2026-II,2,2026-08-27,P
VG260052,SDE,2026-II,3,2026-09-03,P
VG260052,SDE,2026-II,4,2026-09-10,P
VG260052,SDE,2026-II,5,2026-09-17,P
VG260052,SDE,2026-II,6,2026-09-24,P
VG260052,SDE,2026-II,7,2026-10-01,P
VG260052,SDE,2026-II,8,2026-10-08,P
VG260052,SDE,2026-II,9,2026-10-15,P
VG260052,SDE,2026-II,10,2026-10-22,P
VG260052,SDE,2026-II,11,2026-10-29,P
VG260052,SDE,2026-II,12,2026-11-05,P
VG260052,SDE,2026-II,13,2026-11-12,T
VG260052,SDE,2026-II,14,2026-11-19,P
VG260052,SDE,2026-II,15,2026-11-26,P
VG260052,SDE,2026-II,16,2026-12-03,J
VG260052,FCS,2026-II,1,2026-08-21,T
VG260052,FCS,2026-II,2,2026-08-28,P
VG260052,FCS,2026-II,3,2026-09-04,P
VG260052,FCS,2026-II,4,2026-09-11,P
VG260052,FCS,2026-II,5,2026-09-18,P
VG260052,FCS,2026-II,6,2026-09-25,F
VG260052,FCS,2026-II,7,2026-10-02,P
VG260052,FCS,2026-II,8,2026-10-09,F
VG260052,FCS,2026-II,9,2026-10-16,P
VG260052,FCS,2026-II,10,2026-10-23,P
VG260052,FCS,2026-II,11,2026-10-30,P
VG260052,FCS,2026-II,12,2026-11-06,P
VG260052,FCS,2026-II,13,2026-11-13,P
VG260052,FCS,2026-II,14,2026-11-20,P
VG260052,FCS,2026-II,15,2026-11-27,P
VG260052,FCS,2026-II,16,2026-12-04,P
VG260052,EIA,2026-II,1,2026-08-17,P
VG260052,EIA,2026-II,2,2026-08-24,P
VG260052,EIA,2026-II,3,2026-08-31,P
VG260052,EIA,2026-II,4,2026-09-07,P
VG260052,EIA,2026-II,5,2026-09-14,P
VG260052,EIA,2026-II,6,2026-09-21,P
VG260052,EIA,2026-II,7,2026-09-28,J
VG260052,EIA,2026-II,8,2026-10-05,P
VG260052,EIA,2026-II,9,2026-10-12,P
VG260052,EIA,2026-II,10,2026-10-19,P
VG260052,EIA,2026-II,11,2026-10-26,P
VG260052,EIA,2026-II,12,2026-11-02,P
VG260052,EIA,2026-II,13,2026-11-09,P
VG260052,EIA,2026-II,14,2026-11-16,P
VG260052,EIA,2026-II,15,2026-11-23,P
VG260052,EIA,2026-II,16,2026-11-30,P
VG260052,CII,2026-II,1,2026-08-18,P
VG260052,CII,2026-II,2,2026-08-25,P
VG260052,CII,2026-II,3,2026-09-01,P
VG260052,CII,2026-II,4,2026-09-08,P
VG260052,CII,2026-II,5,2026-09-15,P
VG260052,CII,2026-II,6,2026-09-22,P
VG260052,CII,2026-II,7,2026-09-29,P
VG260052,CII,2026-II,8,2026-10-06,F
VG260052,CII,2026-II,9,2026-10-13,P
VG260052,CII,2026-II,10,2026-10-20,T
VG260052,CII,2026-II,11,2026-10-27,T
VG260052,CII,2026-II,12,2026-11-03,P
VG260052,CII,2026-II,13,2026-11-10,P
VG260052,CII,2026-II,14,2026-11-17,P
VG260052,CII,2026-II,15,2026-11-24,T
VG260052,CII,2026-II,16,2026-12-01,P
VG260052,EIT,2026-II,1,2026-08-19,P
VG260052,EIT,2026-II,2,2026-08-26,P
VG260052,EIT,2026-II,3,2026-09-02,P
VG260052,EIT,2026-II,4,2026-09-09,P
VG260052,EIT,2026-II,5,2026-09-16,P
VG260052,EIT,2026-II,6,2026-09-23,P
VG260052,EIT,2026-II,7,2026-09-30,P
VG260052,EIT,2026-II,8,2026-10-07,P
VG260052,EIT,2026-II,9,2026-10-14,P
VG260052,EIT,2026-II,10,2026-10-21,P
VG260052,EIT,2026-II,11,2026-10-28,P
VG260052,EIT,2026-II,12,2026-11-04,P
VG260052,EIT,2026-II,13,2026-11-11,P
VG260052,EIT,2026-II,14,2026-11-18,P
VG260052,EIT,2026-II,15,2026-11-25,P
VG260052,EIT,2026-II,16,2026-12-02,P
VG260052,EFSRT5,2026-II,1,2026-08-20,P
VG260052,EFSRT5,2026-II,2,2026-08-27,P
VG260052,EFSRT5,2026-II,3,2026-09-03,P
VG260052,EFSRT5,2026-II,4,2026-09-10,P
VG260052,EFSRT5,2026-II,5,2026-09-17,T
VG260052,EFSRT5,2026-II,6,2026-09-24,P
VG260052,EFSRT5,2026-II,7,2026-10-01,P
VG260052,EFSRT5,2026-II,8,2026-10-08,T
VG260052,EFSRT5,2026-II,9,2026-10-15,P
VG260052,EFSRT5,2026-II,10,2026-10-22,P
VG260052,EFSRT5,2026-II,11,2026-10-29,P
VG260052,EFSRT5,2026-II,12,2026-11-05,P
VG260052,EFSRT5,2026-II,13,2026-11-12,P
VG260052,EFSRT5,2026-II,14,2026-11-19,P
VG260052,EFSRT5,2026-II,15,2026-11-26,P
VG260052,EFSRT5,2026-II,16,2026-12-03,P
VG260053,APS,2026-II,1,2026-08-17,P
VG260053,APS,2026-II,2,2026-08-24,P
VG260053,APS,2026-II,3,2026-08-31,T
VG260053,APS,2026-II,4,2026-09-07,J
VG260053,APS,2026-II,5,2026-09-14,F
VG260053,APS,2026-II,6,2026-09-21,T
VG260053,APS,2026-II,7,2026-09-28,P
VG260053,APS,2026-II,8,2026-10-05,J
VG260053,APS,2026-II,9,2026-10-12,P
VG260053,APS,2026-II,10,2026-10-19,P
VG260053,APS,2026-II,11,2026-10-26,P
VG260053,APS,2026-II,12,2026-11-02,T
VG260053,APS,2026-II,13,2026-11-09,P
VG260053,APS,2026-II,14,2026-11-16,P
VG260053,APS,2026-II,15,2026-11-23,F
VG260053,APS,2026-II,16,2026-11-30,P
VG260053,TBD,2026-II,1,2026-08-18,P
VG260053,TBD,2026-II,2,2026-08-25,P
VG260053,TBD,2026-II,3,2026-09-01,F
VG260053,TBD,2026-II,4,2026-09-08,P
VG260053,TBD,2026-II,5,2026-09-15,P
VG260053,TBD,2026-II,6,2026-09-22,F
VG260053,TBD,2026-II,7,2026-09-29,P
VG260053,TBD,2026-II,8,2026-10-06,P
VG260053,TBD,2026-II,9,2026-10-13,F
VG260053,TBD,2026-II,10,2026-10-20,J
VG260053,TBD,2026-II,11,2026-10-27,P
VG260053,TBD,2026-II,12,2026-11-03,P
VG260053,TBD,2026-II,13,2026-11-10,P
VG260053,TBD,2026-II,14,2026-11-17,P
VG260053,TBD,2026-II,15,2026-11-24,J
VG260053,TBD,2026-II,16,2026-12-01,P
VG260053,FIA,2026-II,1,2026-08-19,J
VG260053,FIA,2026-II,2,2026-08-26,P
VG260053,FIA,2026-II,3,2026-09-02,P
VG260053,FIA,2026-II,4,2026-09-09,P
VG260053,FIA,2026-II,5,2026-09-16,P
VG260053,FIA,2026-II,6,2026-09-23,F
VG260053,FIA,2026-II,7,2026-09-30,P
VG260053,FIA,2026-II,8,2026-10-07,P
VG260053,FIA,2026-II,9,2026-10-14,P
VG260053,FIA,2026-II,10,2026-10-21,F
VG260053,FIA,2026-II,11,2026-10-28,P
VG260053,FIA,2026-II,12,2026-11-04,P
VG260053,FIA,2026-II,13,2026-11-11,P
VG260053,FIA,2026-II,14,2026-11-18,P
VG260053,FIA,2026-II,15,2026-11-25,F
VG260053,FIA,2026-II,16,2026-12-02,P
VG260053,SDE,2026-II,1,2026-08-20,P
VG260053,SDE,2026-II,2,2026-08-27,P
VG260053,SDE,2026-II,3,2026-09-03,P
VG260053,SDE,2026-II,4,2026-09-10,F
VG260053,SDE,2026-II,5,2026-09-17,P
VG260053,SDE,2026-II,6,2026-09-24,J
VG260053,SDE,2026-II,7,2026-10-01,P
VG260053,SDE,2026-II,8,2026-10-08,P
VG260053,SDE,2026-II,9,2026-10-15,J
VG260053,SDE,2026-II,10,2026-10-22,F
VG260053,SDE,2026-II,11,2026-10-29,P
VG260053,SDE,2026-II,12,2026-11-05,F
VG260053,SDE,2026-II,13,2026-11-12,F
VG260053,SDE,2026-II,14,2026-11-19,P
VG260053,SDE,2026-II,15,2026-11-26,P
VG260053,SDE,2026-II,16,2026-12-03,F
VG260053,FCS,2026-II,1,2026-08-21,T
VG260053,FCS,2026-II,2,2026-08-28,P
VG260053,FCS,2026-II,3,2026-09-04,F
VG260053,FCS,2026-II,4,2026-09-11,J
VG260053,FCS,2026-II,5,2026-09-18,P
VG260053,FCS,2026-II,6,2026-09-25,P
VG260053,FCS,2026-II,7,2026-10-02,P
VG260053,FCS,2026-II,8,2026-10-09,F
VG260053,FCS,2026-II,9,2026-10-16,F
VG260053,FCS,2026-II,10,2026-10-23,P
VG260053,FCS,2026-II,11,2026-10-30,P
VG260053,FCS,2026-II,12,2026-11-06,F
VG260053,FCS,2026-II,13,2026-11-13,F
VG260053,FCS,2026-II,14,2026-11-20,P
VG260053,FCS,2026-II,15,2026-11-27,P
VG260053,FCS,2026-II,16,2026-12-04,T
VG260053,EIA,2026-II,1,2026-08-17,P
VG260053,EIA,2026-II,2,2026-08-24,P
VG260053,EIA,2026-II,3,2026-08-31,P
VG260053,EIA,2026-II,4,2026-09-07,P
VG260053,EIA,2026-II,5,2026-09-14,T
VG260053,EIA,2026-II,6,2026-09-21,P
VG260053,EIA,2026-II,7,2026-09-28,P
VG260053,EIA,2026-II,8,2026-10-05,J
VG260053,EIA,2026-II,9,2026-10-12,P
VG260053,EIA,2026-II,10,2026-10-19,P
VG260053,EIA,2026-II,11,2026-10-26,F
VG260053,EIA,2026-II,12,2026-11-02,F
VG260053,EIA,2026-II,13,2026-11-09,J
VG260053,EIA,2026-II,14,2026-11-16,P
VG260053,EIA,2026-II,15,2026-11-23,P
VG260053,EIA,2026-II,16,2026-11-30,F
VG260053,CII,2026-II,1,2026-08-18,P
VG260053,CII,2026-II,2,2026-08-25,P
VG260053,CII,2026-II,3,2026-09-01,P
VG260053,CII,2026-II,4,2026-09-08,P
VG260053,CII,2026-II,5,2026-09-15,P
VG260053,CII,2026-II,6,2026-09-22,P
VG260053,CII,2026-II,7,2026-09-29,J
VG260053,CII,2026-II,8,2026-10-06,F
VG260053,CII,2026-II,9,2026-10-13,F
VG260053,CII,2026-II,10,2026-10-20,F
VG260053,CII,2026-II,11,2026-10-27,P
VG260053,CII,2026-II,12,2026-11-03,P
VG260053,CII,2026-II,13,2026-11-10,P
VG260053,CII,2026-II,14,2026-11-17,P
VG260053,CII,2026-II,15,2026-11-24,J
VG260053,CII,2026-II,16,2026-12-01,F
VG260053,EIT,2026-II,1,2026-08-19,P
VG260053,EIT,2026-II,2,2026-08-26,P
VG260053,EIT,2026-II,3,2026-09-02,F
VG260053,EIT,2026-II,4,2026-09-09,P
VG260053,EIT,2026-II,5,2026-09-16,F
VG260053,EIT,2026-II,6,2026-09-23,P
VG260053,EIT,2026-II,7,2026-09-30,T
VG260053,EIT,2026-II,8,2026-10-07,P
VG260053,EIT,2026-II,9,2026-10-14,P
VG260053,EIT,2026-II,10,2026-10-21,F
VG260053,EIT,2026-II,11,2026-10-28,P
VG260053,EIT,2026-II,12,2026-11-04,P
VG260053,EIT,2026-II,13,2026-11-11,P
VG260053,EIT,2026-II,14,2026-11-18,J
VG260053,EIT,2026-II,15,2026-11-25,P
VG260053,EIT,2026-II,16,2026-12-02,F
VG260053,EFSRT5,2026-II,1,2026-08-20,P
VG260053,EFSRT5,2026-II,2,2026-08-27,P
VG260053,EFSRT5,2026-II,3,2026-09-03,P
VG260053,EFSRT5,2026-II,4,2026-09-10,F
VG260053,EFSRT5,2026-II,5,2026-09-17,P
VG260053,EFSRT5,2026-II,6,2026-09-24,T
VG260053,EFSRT5,2026-II,7,2026-10-01,P
VG260053,EFSRT5,2026-II,8,2026-10-08,F
VG260053,EFSRT5,2026-II,9,2026-10-15,F
VG260053,EFSRT5,2026-II,10,2026-10-22,P
VG260053,EFSRT5,2026-II,11,2026-10-29,P
VG260053,EFSRT5,2026-II,12,2026-11-05,J
VG260053,EFSRT5,2026-II,13,2026-11-12,P
VG260053,EFSRT5,2026-II,14,2026-11-19,F
VG260053,EFSRT5,2026-II,15,2026-11-26,P
VG260053,EFSRT5,2026-II,16,2026-12-03,J
VG260054,APS,2026-II,1,2026-08-17,P
VG260054,APS,2026-II,2,2026-08-24,P
VG260054,APS,2026-II,3,2026-08-31,T
VG260054,APS,2026-II,4,2026-09-07,P
VG260054,APS,2026-II,5,2026-09-14,P
VG260054,APS,2026-II,6,2026-09-21,T
VG260054,APS,2026-II,7,2026-09-28,P
VG260054,APS,2026-II,8,2026-10-05,P
VG260054,APS,2026-II,9,2026-10-12,P
VG260054,APS,2026-II,10,2026-10-19,P
VG260054,APS,2026-II,11,2026-10-26,P
VG260054,APS,2026-II,12,2026-11-02,P
VG260054,APS,2026-II,13,2026-11-09,T
VG260054,APS,2026-II,14,2026-11-16,P
VG260054,APS,2026-II,15,2026-11-23,P
VG260054,APS,2026-II,16,2026-11-30,P
VG260054,TBD,2026-II,1,2026-08-18,T
VG260054,TBD,2026-II,2,2026-08-25,P
VG260054,TBD,2026-II,3,2026-09-01,P
VG260054,TBD,2026-II,4,2026-09-08,P
VG260054,TBD,2026-II,5,2026-09-15,P
VG260054,TBD,2026-II,6,2026-09-22,P
VG260054,TBD,2026-II,7,2026-09-29,P
VG260054,TBD,2026-II,8,2026-10-06,P
VG260054,TBD,2026-II,9,2026-10-13,P
VG260054,TBD,2026-II,10,2026-10-20,P
VG260054,TBD,2026-II,11,2026-10-27,P
VG260054,TBD,2026-II,12,2026-11-03,J
VG260054,TBD,2026-II,13,2026-11-10,J
VG260054,TBD,2026-II,14,2026-11-17,P
VG260054,TBD,2026-II,15,2026-11-24,P
VG260054,TBD,2026-II,16,2026-12-01,P
VG260054,FIA,2026-II,1,2026-08-19,P
VG260054,FIA,2026-II,2,2026-08-26,P
VG260054,FIA,2026-II,3,2026-09-02,P
VG260054,FIA,2026-II,4,2026-09-09,J
VG260054,FIA,2026-II,5,2026-09-16,P
VG260054,FIA,2026-II,6,2026-09-23,P
VG260054,FIA,2026-II,7,2026-09-30,P
VG260054,FIA,2026-II,8,2026-10-07,P
VG260054,FIA,2026-II,9,2026-10-14,P
VG260054,FIA,2026-II,10,2026-10-21,P
VG260054,FIA,2026-II,11,2026-10-28,T
VG260054,FIA,2026-II,12,2026-11-04,P
VG260054,FIA,2026-II,13,2026-11-11,P
VG260054,FIA,2026-II,14,2026-11-18,P
VG260054,FIA,2026-II,15,2026-11-25,P
VG260054,FIA,2026-II,16,2026-12-02,P
VG260054,SDE,2026-II,1,2026-08-20,P
VG260054,SDE,2026-II,2,2026-08-27,P
VG260054,SDE,2026-II,3,2026-09-03,P
VG260054,SDE,2026-II,4,2026-09-10,P
VG260054,SDE,2026-II,5,2026-09-17,P
VG260054,SDE,2026-II,6,2026-09-24,P
VG260054,SDE,2026-II,7,2026-10-01,P
VG260054,SDE,2026-II,8,2026-10-08,P
VG260054,SDE,2026-II,9,2026-10-15,P
VG260054,SDE,2026-II,10,2026-10-22,P
VG260054,SDE,2026-II,11,2026-10-29,P
VG260054,SDE,2026-II,12,2026-11-05,T
VG260054,SDE,2026-II,13,2026-11-12,P
VG260054,SDE,2026-II,14,2026-11-19,T
VG260054,SDE,2026-II,15,2026-11-26,P
VG260054,SDE,2026-II,16,2026-12-03,P
VG260054,FCS,2026-II,1,2026-08-21,P
VG260054,FCS,2026-II,2,2026-08-28,P
VG260054,FCS,2026-II,3,2026-09-04,P
VG260054,FCS,2026-II,4,2026-09-11,P
VG260054,FCS,2026-II,5,2026-09-18,P
VG260054,FCS,2026-II,6,2026-09-25,P
VG260054,FCS,2026-II,7,2026-10-02,T
VG260054,FCS,2026-II,8,2026-10-09,P
VG260054,FCS,2026-II,9,2026-10-16,T
VG260054,FCS,2026-II,10,2026-10-23,P
VG260054,FCS,2026-II,11,2026-10-30,P
VG260054,FCS,2026-II,12,2026-11-06,P
VG260054,FCS,2026-II,13,2026-11-13,P
VG260054,FCS,2026-II,14,2026-11-20,T
VG260054,FCS,2026-II,15,2026-11-27,P
VG260054,FCS,2026-II,16,2026-12-04,P
VG260054,EIA,2026-II,1,2026-08-17,P
VG260054,EIA,2026-II,2,2026-08-24,P
VG260054,EIA,2026-II,3,2026-08-31,P
VG260054,EIA,2026-II,4,2026-09-07,P
VG260054,EIA,2026-II,5,2026-09-14,P
VG260054,EIA,2026-II,6,2026-09-21,P
VG260054,EIA,2026-II,7,2026-09-28,P
VG260054,EIA,2026-II,8,2026-10-05,P
VG260054,EIA,2026-II,9,2026-10-12,P
VG260054,EIA,2026-II,10,2026-10-19,P
VG260054,EIA,2026-II,11,2026-10-26,P
VG260054,EIA,2026-II,12,2026-11-02,P
VG260054,EIA,2026-II,13,2026-11-09,P
VG260054,EIA,2026-II,14,2026-11-16,P
VG260054,EIA,2026-II,15,2026-11-23,P
VG260054,EIA,2026-II,16,2026-11-30,P
VG260054,CII,2026-II,1,2026-08-18,P
VG260054,CII,2026-II,2,2026-08-25,P
VG260054,CII,2026-II,3,2026-09-01,P
VG260054,CII,2026-II,4,2026-09-08,P
VG260054,CII,2026-II,5,2026-09-15,P
VG260054,CII,2026-II,6,2026-09-22,F
VG260054,CII,2026-II,7,2026-09-29,P
VG260054,CII,2026-II,8,2026-10-06,P
VG260054,CII,2026-II,9,2026-10-13,P
VG260054,CII,2026-II,10,2026-10-20,F
VG260054,CII,2026-II,11,2026-10-27,P
VG260054,CII,2026-II,12,2026-11-03,P
VG260054,CII,2026-II,13,2026-11-10,P
VG260054,CII,2026-II,14,2026-11-17,T
VG260054,CII,2026-II,15,2026-11-24,P
VG260054,CII,2026-II,16,2026-12-01,P
VG260054,EIT,2026-II,1,2026-08-19,P
VG260054,EIT,2026-II,2,2026-08-26,P
VG260054,EIT,2026-II,3,2026-09-02,P
VG260054,EIT,2026-II,4,2026-09-09,P
VG260054,EIT,2026-II,5,2026-09-16,P
VG260054,EIT,2026-II,6,2026-09-23,P
VG260054,EIT,2026-II,7,2026-09-30,P
VG260054,EIT,2026-II,8,2026-10-07,P
VG260054,EIT,2026-II,9,2026-10-14,F
VG260054,EIT,2026-II,10,2026-10-21,F
VG260054,EIT,2026-II,11,2026-10-28,P
VG260054,EIT,2026-II,12,2026-11-04,P
VG260054,EIT,2026-II,13,2026-11-11,P
VG260054,EIT,2026-II,14,2026-11-18,P
VG260054,EIT,2026-II,15,2026-11-25,P
VG260054,EIT,2026-II,16,2026-12-02,P
VG260054,EFSRT5,2026-II,1,2026-08-20,F
VG260054,EFSRT5,2026-II,2,2026-08-27,P
VG260054,EFSRT5,2026-II,3,2026-09-03,P
VG260054,EFSRT5,2026-II,4,2026-09-10,P
VG260054,EFSRT5,2026-II,5,2026-09-17,P
VG260054,EFSRT5,2026-II,6,2026-09-24,P
VG260054,EFSRT5,2026-II,7,2026-10-01,P
VG260054,EFSRT5,2026-II,8,2026-10-08,P
VG260054,EFSRT5,2026-II,9,2026-10-15,F
VG260054,EFSRT5,2026-II,10,2026-10-22,P
VG260054,EFSRT5,2026-II,11,2026-10-29,F
VG260054,EFSRT5,2026-II,12,2026-11-05,T
VG260054,EFSRT5,2026-II,13,2026-11-12,P
VG260054,EFSRT5,2026-II,14,2026-11-19,P
VG260054,EFSRT5,2026-II,15,2026-11-26,P
VG260054,EFSRT5,2026-II,16,2026-12-03,P
VG260055,APS,2026-II,1,2026-08-17,P
VG260055,APS,2026-II,2,2026-08-24,P
VG260055,APS,2026-II,3,2026-08-31,P
VG260055,APS,2026-II,4,2026-09-07,P
VG260055,APS,2026-II,5,2026-09-14,P
VG260055,APS,2026-II,6,2026-09-21,P
VG260055,APS,2026-II,7,2026-09-28,P
VG260055,APS,2026-II,8,2026-10-05,F
VG260055,APS,2026-II,9,2026-10-12,P
VG260055,APS,2026-II,10,2026-10-19,P
VG260055,APS,2026-II,11,2026-10-26,P
VG260055,APS,2026-II,12,2026-11-02,P
VG260055,APS,2026-II,13,2026-11-09,F
VG260055,APS,2026-II,14,2026-11-16,P
VG260055,APS,2026-II,15,2026-11-23,P
VG260055,APS,2026-II,16,2026-11-30,P
VG260055,TBD,2026-II,1,2026-08-18,P
VG260055,TBD,2026-II,2,2026-08-25,P
VG260055,TBD,2026-II,3,2026-09-01,P
VG260055,TBD,2026-II,4,2026-09-08,F
VG260055,TBD,2026-II,5,2026-09-15,P
VG260055,TBD,2026-II,6,2026-09-22,P
VG260055,TBD,2026-II,7,2026-09-29,P
VG260055,TBD,2026-II,8,2026-10-06,P
VG260055,TBD,2026-II,9,2026-10-13,P
VG260055,TBD,2026-II,10,2026-10-20,P
VG260055,TBD,2026-II,11,2026-10-27,P
VG260055,TBD,2026-II,12,2026-11-03,P
VG260055,TBD,2026-II,13,2026-11-10,P
VG260055,TBD,2026-II,14,2026-11-17,P
VG260055,TBD,2026-II,15,2026-11-24,P
VG260055,TBD,2026-II,16,2026-12-01,P
VG260055,FIA,2026-II,1,2026-08-19,P
VG260055,FIA,2026-II,2,2026-08-26,P
VG260055,FIA,2026-II,3,2026-09-02,P
VG260055,FIA,2026-II,4,2026-09-09,P
VG260055,FIA,2026-II,5,2026-09-16,P
VG260055,FIA,2026-II,6,2026-09-23,P
VG260055,FIA,2026-II,7,2026-09-30,P
VG260055,FIA,2026-II,8,2026-10-07,P
VG260055,FIA,2026-II,9,2026-10-14,P
VG260055,FIA,2026-II,10,2026-10-21,P
VG260055,FIA,2026-II,11,2026-10-28,P
VG260055,FIA,2026-II,12,2026-11-04,P
VG260055,FIA,2026-II,13,2026-11-11,P
VG260055,FIA,2026-II,14,2026-11-18,P
VG260055,FIA,2026-II,15,2026-11-25,P
VG260055,FIA,2026-II,16,2026-12-02,F
VG260055,SDE,2026-II,1,2026-08-20,P
VG260055,SDE,2026-II,2,2026-08-27,P
VG260055,SDE,2026-II,3,2026-09-03,F
VG260055,SDE,2026-II,4,2026-09-10,P
VG260055,SDE,2026-II,5,2026-09-17,P
VG260055,SDE,2026-II,6,2026-09-24,P
VG260055,SDE,2026-II,7,2026-10-01,P
VG260055,SDE,2026-II,8,2026-10-08,F
VG260055,SDE,2026-II,9,2026-10-15,P
VG260055,SDE,2026-II,10,2026-10-22,P
VG260055,SDE,2026-II,11,2026-10-29,P
VG260055,SDE,2026-II,12,2026-11-05,F
VG260055,SDE,2026-II,13,2026-11-12,P
VG260055,SDE,2026-II,14,2026-11-19,T
VG260055,SDE,2026-II,15,2026-11-26,P
VG260055,SDE,2026-II,16,2026-12-03,P
VG260055,FCS,2026-II,1,2026-08-21,P
VG260055,FCS,2026-II,2,2026-08-28,P
VG260055,FCS,2026-II,3,2026-09-04,P
VG260055,FCS,2026-II,4,2026-09-11,P
VG260055,FCS,2026-II,5,2026-09-18,P
VG260055,FCS,2026-II,6,2026-09-25,P
VG260055,FCS,2026-II,7,2026-10-02,P
VG260055,FCS,2026-II,8,2026-10-09,F
VG260055,FCS,2026-II,9,2026-10-16,P
VG260055,FCS,2026-II,10,2026-10-23,T
VG260055,FCS,2026-II,11,2026-10-30,P
VG260055,FCS,2026-II,12,2026-11-06,J
VG260055,FCS,2026-II,13,2026-11-13,P
VG260055,FCS,2026-II,14,2026-11-20,P
VG260055,FCS,2026-II,15,2026-11-27,P
VG260055,FCS,2026-II,16,2026-12-04,P
VG260055,EIA,2026-II,1,2026-08-17,F
VG260055,EIA,2026-II,2,2026-08-24,P
VG260055,EIA,2026-II,3,2026-08-31,P
VG260055,EIA,2026-II,4,2026-09-07,P
VG260055,EIA,2026-II,5,2026-09-14,P
VG260055,EIA,2026-II,6,2026-09-21,P
VG260055,EIA,2026-II,7,2026-09-28,P
VG260055,EIA,2026-II,8,2026-10-05,P
VG260055,EIA,2026-II,9,2026-10-12,P
VG260055,EIA,2026-II,10,2026-10-19,T
VG260055,EIA,2026-II,11,2026-10-26,P
VG260055,EIA,2026-II,12,2026-11-02,P
VG260055,EIA,2026-II,13,2026-11-09,P
VG260055,EIA,2026-II,14,2026-11-16,P
VG260055,EIA,2026-II,15,2026-11-23,P
VG260055,EIA,2026-II,16,2026-11-30,P
VG260055,CII,2026-II,1,2026-08-18,F
VG260055,CII,2026-II,2,2026-08-25,P
VG260055,CII,2026-II,3,2026-09-01,T
VG260055,CII,2026-II,4,2026-09-08,P
VG260055,CII,2026-II,5,2026-09-15,P
VG260055,CII,2026-II,6,2026-09-22,P
VG260055,CII,2026-II,7,2026-09-29,P
VG260055,CII,2026-II,8,2026-10-06,P
VG260055,CII,2026-II,9,2026-10-13,P
VG260055,CII,2026-II,10,2026-10-20,P
VG260055,CII,2026-II,11,2026-10-27,P
VG260055,CII,2026-II,12,2026-11-03,P
VG260055,CII,2026-II,13,2026-11-10,P
VG260055,CII,2026-II,14,2026-11-17,P
VG260055,CII,2026-II,15,2026-11-24,P
VG260055,CII,2026-II,16,2026-12-01,P
VG260055,EIT,2026-II,1,2026-08-19,P
VG260055,EIT,2026-II,2,2026-08-26,P
VG260055,EIT,2026-II,3,2026-09-02,P
VG260055,EIT,2026-II,4,2026-09-09,T
VG260055,EIT,2026-II,5,2026-09-16,F
VG260055,EIT,2026-II,6,2026-09-23,P
VG260055,EIT,2026-II,7,2026-09-30,P
VG260055,EIT,2026-II,8,2026-10-07,P
VG260055,EIT,2026-II,9,2026-10-14,P
VG260055,EIT,2026-II,10,2026-10-21,P
VG260055,EIT,2026-II,11,2026-10-28,P
VG260055,EIT,2026-II,12,2026-11-04,P
VG260055,EIT,2026-II,13,2026-11-11,P
VG260055,EIT,2026-II,14,2026-11-18,P
VG260055,EIT,2026-II,15,2026-11-25,P
VG260055,EIT,2026-II,16,2026-12-02,P
VG260055,EFSRT5,2026-II,1,2026-08-20,F
VG260055,EFSRT5,2026-II,2,2026-08-27,P
VG260055,EFSRT5,2026-II,3,2026-09-03,P
VG260055,EFSRT5,2026-II,4,2026-09-10,T
VG260055,EFSRT5,2026-II,5,2026-09-17,P
VG260055,EFSRT5,2026-II,6,2026-09-24,P
VG260055,EFSRT5,2026-II,7,2026-10-01,P
VG260055,EFSRT5,2026-II,8,2026-10-08,F
VG260055,EFSRT5,2026-II,9,2026-10-15,P
VG260055,EFSRT5,2026-II,10,2026-10-22,P
VG260055,EFSRT5,2026-II,11,2026-10-29,P
VG260055,EFSRT5,2026-II,12,2026-11-05,P
VG260055,EFSRT5,2026-II,13,2026-11-12,F
VG260055,EFSRT5,2026-II,14,2026-11-19,P
VG260055,EFSRT5,2026-II,15,2026-11-26,P
VG260055,EFSRT5,2026-II,16,2026-12-03,P
VG260056,APS,2026-II,1,2026-08-17,P
VG260056,APS,2026-II,2,2026-08-24,P
VG260056,APS,2026-II,3,2026-08-31,P
VG260056,APS,2026-II,4,2026-09-07,P
VG260056,APS,2026-II,5,2026-09-14,P
VG260056,APS,2026-II,6,2026-09-21,T
VG260056,APS,2026-II,7,2026-09-28,T
VG260056,APS,2026-II,8,2026-10-05,P
VG260056,APS,2026-II,9,2026-10-12,P
VG260056,APS,2026-II,10,2026-10-19,P
VG260056,APS,2026-II,11,2026-10-26,P
VG260056,APS,2026-II,12,2026-11-02,P
VG260056,APS,2026-II,13,2026-11-09,P
VG260056,APS,2026-II,14,2026-11-16,P
VG260056,APS,2026-II,15,2026-11-23,P
VG260056,APS,2026-II,16,2026-11-30,P
VG260056,TBD,2026-II,1,2026-08-18,P
VG260056,TBD,2026-II,2,2026-08-25,P
VG260056,TBD,2026-II,3,2026-09-01,T
VG260056,TBD,2026-II,4,2026-09-08,T
VG260056,TBD,2026-II,5,2026-09-15,P
VG260056,TBD,2026-II,6,2026-09-22,P
VG260056,TBD,2026-II,7,2026-09-29,P
VG260056,TBD,2026-II,8,2026-10-06,P
VG260056,TBD,2026-II,9,2026-10-13,P
VG260056,TBD,2026-II,10,2026-10-20,P
VG260056,TBD,2026-II,11,2026-10-27,P
VG260056,TBD,2026-II,12,2026-11-03,P
VG260056,TBD,2026-II,13,2026-11-10,P
VG260056,TBD,2026-II,14,2026-11-17,P
VG260056,TBD,2026-II,15,2026-11-24,P
VG260056,TBD,2026-II,16,2026-12-01,P
VG260056,FIA,2026-II,1,2026-08-19,P
VG260056,FIA,2026-II,2,2026-08-26,P
VG260056,FIA,2026-II,3,2026-09-02,P
VG260056,FIA,2026-II,4,2026-09-09,P
VG260056,FIA,2026-II,5,2026-09-16,P
VG260056,FIA,2026-II,6,2026-09-23,P
VG260056,FIA,2026-II,7,2026-09-30,P
VG260056,FIA,2026-II,8,2026-10-07,P
VG260056,FIA,2026-II,9,2026-10-14,T
VG260056,FIA,2026-II,10,2026-10-21,P
VG260056,FIA,2026-II,11,2026-10-28,P
VG260056,FIA,2026-II,12,2026-11-04,P
VG260056,FIA,2026-II,13,2026-11-11,P
VG260056,FIA,2026-II,14,2026-11-18,P
VG260056,FIA,2026-II,15,2026-11-25,P
VG260056,FIA,2026-II,16,2026-12-02,P
VG260056,SDE,2026-II,1,2026-08-20,P
VG260056,SDE,2026-II,2,2026-08-27,P
VG260056,SDE,2026-II,3,2026-09-03,P
VG260056,SDE,2026-II,4,2026-09-10,P
VG260056,SDE,2026-II,5,2026-09-17,P
VG260056,SDE,2026-II,6,2026-09-24,P
VG260056,SDE,2026-II,7,2026-10-01,P
VG260056,SDE,2026-II,8,2026-10-08,P
VG260056,SDE,2026-II,9,2026-10-15,P
VG260056,SDE,2026-II,10,2026-10-22,P
VG260056,SDE,2026-II,11,2026-10-29,T
VG260056,SDE,2026-II,12,2026-11-05,P
VG260056,SDE,2026-II,13,2026-11-12,P
VG260056,SDE,2026-II,14,2026-11-19,P
VG260056,SDE,2026-II,15,2026-11-26,P
VG260056,SDE,2026-II,16,2026-12-03,P
VG260056,FCS,2026-II,1,2026-08-21,P
VG260056,FCS,2026-II,2,2026-08-28,P
VG260056,FCS,2026-II,3,2026-09-04,P
VG260056,FCS,2026-II,4,2026-09-11,P
VG260056,FCS,2026-II,5,2026-09-18,P
VG260056,FCS,2026-II,6,2026-09-25,P
VG260056,FCS,2026-II,7,2026-10-02,P
VG260056,FCS,2026-II,8,2026-10-09,P
VG260056,FCS,2026-II,9,2026-10-16,P
VG260056,FCS,2026-II,10,2026-10-23,T
VG260056,FCS,2026-II,11,2026-10-30,T
VG260056,FCS,2026-II,12,2026-11-06,P
VG260056,FCS,2026-II,13,2026-11-13,P
VG260056,FCS,2026-II,14,2026-11-20,P
VG260056,FCS,2026-II,15,2026-11-27,P
VG260056,FCS,2026-II,16,2026-12-04,P
VG260056,EIA,2026-II,1,2026-08-17,P
VG260056,EIA,2026-II,2,2026-08-24,P
VG260056,EIA,2026-II,3,2026-08-31,P
VG260056,EIA,2026-II,4,2026-09-07,P
VG260056,EIA,2026-II,5,2026-09-14,P
VG260056,EIA,2026-II,6,2026-09-21,P
VG260056,EIA,2026-II,7,2026-09-28,P
VG260056,EIA,2026-II,8,2026-10-05,P
VG260056,EIA,2026-II,9,2026-10-12,P
VG260056,EIA,2026-II,10,2026-10-19,P
VG260056,EIA,2026-II,11,2026-10-26,P
VG260056,EIA,2026-II,12,2026-11-02,P
VG260056,EIA,2026-II,13,2026-11-09,P
VG260056,EIA,2026-II,14,2026-11-16,P
VG260056,EIA,2026-II,15,2026-11-23,P
VG260056,EIA,2026-II,16,2026-11-30,P
VG260056,CII,2026-II,1,2026-08-18,P
VG260056,CII,2026-II,2,2026-08-25,P
VG260056,CII,2026-II,3,2026-09-01,P
VG260056,CII,2026-II,4,2026-09-08,P
VG260056,CII,2026-II,5,2026-09-15,P
VG260056,CII,2026-II,6,2026-09-22,P
VG260056,CII,2026-II,7,2026-09-29,P
VG260056,CII,2026-II,8,2026-10-06,T
VG260056,CII,2026-II,9,2026-10-13,P
VG260056,CII,2026-II,10,2026-10-20,P
VG260056,CII,2026-II,11,2026-10-27,P
VG260056,CII,2026-II,12,2026-11-03,P
VG260056,CII,2026-II,13,2026-11-10,P
VG260056,CII,2026-II,14,2026-11-17,P
VG260056,CII,2026-II,15,2026-11-24,T
VG260056,CII,2026-II,16,2026-12-01,P
VG260056,EIT,2026-II,1,2026-08-19,T
VG260056,EIT,2026-II,2,2026-08-26,P
VG260056,EIT,2026-II,3,2026-09-02,P
VG260056,EIT,2026-II,4,2026-09-09,P
VG260056,EIT,2026-II,5,2026-09-16,P
VG260056,EIT,2026-II,6,2026-09-23,P
VG260056,EIT,2026-II,7,2026-09-30,P
VG260056,EIT,2026-II,8,2026-10-07,P
VG260056,EIT,2026-II,9,2026-10-14,P
VG260056,EIT,2026-II,10,2026-10-21,P
VG260056,EIT,2026-II,11,2026-10-28,P
VG260056,EIT,2026-II,12,2026-11-04,P
VG260056,EIT,2026-II,13,2026-11-11,P
VG260056,EIT,2026-II,14,2026-11-18,P
VG260056,EIT,2026-II,15,2026-11-25,P
VG260056,EIT,2026-II,16,2026-12-02,P
VG260056,EFSRT5,2026-II,1,2026-08-20,P
VG260056,EFSRT5,2026-II,2,2026-08-27,P
VG260056,EFSRT5,2026-II,3,2026-09-03,P
VG260056,EFSRT5,2026-II,4,2026-09-10,P
VG260056,EFSRT5,2026-II,5,2026-09-17,P
VG260056,EFSRT5,2026-II,6,2026-09-24,P
VG260056,EFSRT5,2026-II,7,2026-10-01,P
VG260056,EFSRT5,2026-II,8,2026-10-08,P
VG260056,EFSRT5,2026-II,9,2026-10-15,P
VG260056,EFSRT5,2026-II,10,2026-10-22,P
VG260056,EFSRT5,2026-II,11,2026-10-29,P
VG260056,EFSRT5,2026-II,12,2026-11-05,P
VG260056,EFSRT5,2026-II,13,2026-11-12,P
VG260056,EFSRT5,2026-II,14,2026-11-19,P
VG260056,EFSRT5,2026-II,15,2026-11-26,P
VG260056,EFSRT5,2026-II,16,2026-12-03,P
VG260057,APS,2026-II,1,2026-08-17,P
VG260057,APS,2026-II,2,2026-08-24,P
VG260057,APS,2026-II,3,2026-08-31,P
VG260057,APS,2026-II,4,2026-09-07,F
VG260057,APS,2026-II,5,2026-09-14,P
VG260057,APS,2026-II,6,2026-09-21,P
VG260057,APS,2026-II,7,2026-09-28,F
VG260057,APS,2026-II,8,2026-10-05,P
VG260057,APS,2026-II,9,2026-10-12,J
VG260057,APS,2026-II,10,2026-10-19,P
VG260057,APS,2026-II,11,2026-10-26,P
VG260057,APS,2026-II,12,2026-11-02,T
VG260057,APS,2026-II,13,2026-11-09,F
VG260057,APS,2026-II,14,2026-11-16,P
VG260057,APS,2026-II,15,2026-11-23,P
VG260057,APS,2026-II,16,2026-11-30,P
VG260057,TBD,2026-II,1,2026-08-18,P
VG260057,TBD,2026-II,2,2026-08-25,P
VG260057,TBD,2026-II,3,2026-09-01,P
VG260057,TBD,2026-II,4,2026-09-08,P
VG260057,TBD,2026-II,5,2026-09-15,P
VG260057,TBD,2026-II,6,2026-09-22,P
VG260057,TBD,2026-II,7,2026-09-29,P
VG260057,TBD,2026-II,8,2026-10-06,J
VG260057,TBD,2026-II,9,2026-10-13,P
VG260057,TBD,2026-II,10,2026-10-20,P
VG260057,TBD,2026-II,11,2026-10-27,P
VG260057,TBD,2026-II,12,2026-11-03,T
VG260057,TBD,2026-II,13,2026-11-10,T
VG260057,TBD,2026-II,14,2026-11-17,P
VG260057,TBD,2026-II,15,2026-11-24,P
VG260057,TBD,2026-II,16,2026-12-01,P
VG260057,FIA,2026-II,1,2026-08-19,F
VG260057,FIA,2026-II,2,2026-08-26,P
VG260057,FIA,2026-II,3,2026-09-02,P
VG260057,FIA,2026-II,4,2026-09-09,P
VG260057,FIA,2026-II,5,2026-09-16,P
VG260057,FIA,2026-II,6,2026-09-23,P
VG260057,FIA,2026-II,7,2026-09-30,P
VG260057,FIA,2026-II,8,2026-10-07,P
VG260057,FIA,2026-II,9,2026-10-14,P
VG260057,FIA,2026-II,10,2026-10-21,P
VG260057,FIA,2026-II,11,2026-10-28,P
VG260057,FIA,2026-II,12,2026-11-04,F
VG260057,FIA,2026-II,13,2026-11-11,T
VG260057,FIA,2026-II,14,2026-11-18,P
VG260057,FIA,2026-II,15,2026-11-25,P
VG260057,FIA,2026-II,16,2026-12-02,P
VG260057,SDE,2026-II,1,2026-08-20,P
VG260057,SDE,2026-II,2,2026-08-27,P
VG260057,SDE,2026-II,3,2026-09-03,P
VG260057,SDE,2026-II,4,2026-09-10,P
VG260057,SDE,2026-II,5,2026-09-17,P
VG260057,SDE,2026-II,6,2026-09-24,P
VG260057,SDE,2026-II,7,2026-10-01,P
VG260057,SDE,2026-II,8,2026-10-08,P
VG260057,SDE,2026-II,9,2026-10-15,P
VG260057,SDE,2026-II,10,2026-10-22,P
VG260057,SDE,2026-II,11,2026-10-29,T
VG260057,SDE,2026-II,12,2026-11-05,P
VG260057,SDE,2026-II,13,2026-11-12,T
VG260057,SDE,2026-II,14,2026-11-19,P
VG260057,SDE,2026-II,15,2026-11-26,P
VG260057,SDE,2026-II,16,2026-12-03,P
VG260057,FCS,2026-II,1,2026-08-21,P
VG260057,FCS,2026-II,2,2026-08-28,P
VG260057,FCS,2026-II,3,2026-09-04,F
VG260057,FCS,2026-II,4,2026-09-11,P
VG260057,FCS,2026-II,5,2026-09-18,P
VG260057,FCS,2026-II,6,2026-09-25,P
VG260057,FCS,2026-II,7,2026-10-02,P
VG260057,FCS,2026-II,8,2026-10-09,P
VG260057,FCS,2026-II,9,2026-10-16,P
VG260057,FCS,2026-II,10,2026-10-23,P
VG260057,FCS,2026-II,11,2026-10-30,P
VG260057,FCS,2026-II,12,2026-11-06,P
VG260057,FCS,2026-II,13,2026-11-13,P
VG260057,FCS,2026-II,14,2026-11-20,P
VG260057,FCS,2026-II,15,2026-11-27,P
VG260057,FCS,2026-II,16,2026-12-04,P
VG260057,EIA,2026-II,1,2026-08-17,P
VG260057,EIA,2026-II,2,2026-08-24,P
VG260057,EIA,2026-II,3,2026-08-31,P
VG260057,EIA,2026-II,4,2026-09-07,P
VG260057,EIA,2026-II,5,2026-09-14,P
VG260057,EIA,2026-II,6,2026-09-21,P
VG260057,EIA,2026-II,7,2026-09-28,F
VG260057,EIA,2026-II,8,2026-10-05,P
VG260057,EIA,2026-II,9,2026-10-12,P
VG260057,EIA,2026-II,10,2026-10-19,P
VG260057,EIA,2026-II,11,2026-10-26,P
VG260057,EIA,2026-II,12,2026-11-02,P
VG260057,EIA,2026-II,13,2026-11-09,P
VG260057,EIA,2026-II,14,2026-11-16,T
VG260057,EIA,2026-II,15,2026-11-23,P
VG260057,EIA,2026-II,16,2026-11-30,P
VG260057,CII,2026-II,1,2026-08-18,P
VG260057,CII,2026-II,2,2026-08-25,P
VG260057,CII,2026-II,3,2026-09-01,P
VG260057,CII,2026-II,4,2026-09-08,F
VG260057,CII,2026-II,5,2026-09-15,P
VG260057,CII,2026-II,6,2026-09-22,P
VG260057,CII,2026-II,7,2026-09-29,P
VG260057,CII,2026-II,8,2026-10-06,P
VG260057,CII,2026-II,9,2026-10-13,F
VG260057,CII,2026-II,10,2026-10-20,P
VG260057,CII,2026-II,11,2026-10-27,P
VG260057,CII,2026-II,12,2026-11-03,P
VG260057,CII,2026-II,13,2026-11-10,P
VG260057,CII,2026-II,14,2026-11-17,P
VG260057,CII,2026-II,15,2026-11-24,P
VG260057,CII,2026-II,16,2026-12-01,P
VG260057,EIT,2026-II,1,2026-08-19,P
VG260057,EIT,2026-II,2,2026-08-26,F
VG260057,EIT,2026-II,3,2026-09-02,P
VG260057,EIT,2026-II,4,2026-09-09,T
VG260057,EIT,2026-II,5,2026-09-16,P
VG260057,EIT,2026-II,6,2026-09-23,P
VG260057,EIT,2026-II,7,2026-09-30,P
VG260057,EIT,2026-II,8,2026-10-07,P
VG260057,EIT,2026-II,9,2026-10-14,P
VG260057,EIT,2026-II,10,2026-10-21,T
VG260057,EIT,2026-II,11,2026-10-28,P
VG260057,EIT,2026-II,12,2026-11-04,P
VG260057,EIT,2026-II,13,2026-11-11,P
VG260057,EIT,2026-II,14,2026-11-18,P
VG260057,EIT,2026-II,15,2026-11-25,P
VG260057,EIT,2026-II,16,2026-12-02,P
VG260057,EFSRT5,2026-II,1,2026-08-20,P
VG260057,EFSRT5,2026-II,2,2026-08-27,P
VG260057,EFSRT5,2026-II,3,2026-09-03,P
VG260057,EFSRT5,2026-II,4,2026-09-10,P
VG260057,EFSRT5,2026-II,5,2026-09-17,P
VG260057,EFSRT5,2026-II,6,2026-09-24,P
VG260057,EFSRT5,2026-II,7,2026-10-01,P
VG260057,EFSRT5,2026-II,8,2026-10-08,P
VG260057,EFSRT5,2026-II,9,2026-10-15,P
VG260057,EFSRT5,2026-II,10,2026-10-22,F
VG260057,EFSRT5,2026-II,11,2026-10-29,J
VG260057,EFSRT5,2026-II,12,2026-11-05,P
VG260057,EFSRT5,2026-II,13,2026-11-12,P
VG260057,EFSRT5,2026-II,14,2026-11-19,P
VG260057,EFSRT5,2026-II,15,2026-11-26,P
VG260057,EFSRT5,2026-II,16,2026-12-03,P
VG260058,APS,2026-II,1,2026-08-17,P
VG260058,APS,2026-II,2,2026-08-24,P
VG260058,APS,2026-II,3,2026-08-31,P
VG260058,APS,2026-II,4,2026-09-07,P
VG260058,APS,2026-II,5,2026-09-14,P
VG260058,APS,2026-II,6,2026-09-21,P
VG260058,APS,2026-II,7,2026-09-28,P
VG260058,APS,2026-II,8,2026-10-05,P
VG260058,APS,2026-II,9,2026-10-12,P
VG260058,APS,2026-II,10,2026-10-19,P
VG260058,APS,2026-II,11,2026-10-26,P
VG260058,APS,2026-II,12,2026-11-02,P
VG260058,APS,2026-II,13,2026-11-09,P
VG260058,APS,2026-II,14,2026-11-16,P
VG260058,APS,2026-II,15,2026-11-23,P
VG260058,APS,2026-II,16,2026-11-30,P
VG260058,TBD,2026-II,1,2026-08-18,P
VG260058,TBD,2026-II,2,2026-08-25,P
VG260058,TBD,2026-II,3,2026-09-01,P
VG260058,TBD,2026-II,4,2026-09-08,P
VG260058,TBD,2026-II,5,2026-09-15,P
VG260058,TBD,2026-II,6,2026-09-22,P
VG260058,TBD,2026-II,7,2026-09-29,P
VG260058,TBD,2026-II,8,2026-10-06,P
VG260058,TBD,2026-II,9,2026-10-13,P
VG260058,TBD,2026-II,10,2026-10-20,P
VG260058,TBD,2026-II,11,2026-10-27,P
VG260058,TBD,2026-II,12,2026-11-03,P
VG260058,TBD,2026-II,13,2026-11-10,F
VG260058,TBD,2026-II,14,2026-11-17,P
VG260058,TBD,2026-II,15,2026-11-24,P
VG260058,TBD,2026-II,16,2026-12-01,P
VG260058,FIA,2026-II,1,2026-08-19,F
VG260058,FIA,2026-II,2,2026-08-26,F
VG260058,FIA,2026-II,3,2026-09-02,P
VG260058,FIA,2026-II,4,2026-09-09,P
VG260058,FIA,2026-II,5,2026-09-16,P
VG260058,FIA,2026-II,6,2026-09-23,P
VG260058,FIA,2026-II,7,2026-09-30,T
VG260058,FIA,2026-II,8,2026-10-07,P
VG260058,FIA,2026-II,9,2026-10-14,P
VG260058,FIA,2026-II,10,2026-10-21,P
VG260058,FIA,2026-II,11,2026-10-28,P
VG260058,FIA,2026-II,12,2026-11-04,P
VG260058,FIA,2026-II,13,2026-11-11,P
VG260058,FIA,2026-II,14,2026-11-18,P
VG260058,FIA,2026-II,15,2026-11-25,P
VG260058,FIA,2026-II,16,2026-12-02,P
VG260058,SDE,2026-II,1,2026-08-20,P
VG260058,SDE,2026-II,2,2026-08-27,P
VG260058,SDE,2026-II,3,2026-09-03,P
VG260058,SDE,2026-II,4,2026-09-10,P
VG260058,SDE,2026-II,5,2026-09-17,F
VG260058,SDE,2026-II,6,2026-09-24,P
VG260058,SDE,2026-II,7,2026-10-01,P
VG260058,SDE,2026-II,8,2026-10-08,P
VG260058,SDE,2026-II,9,2026-10-15,P
VG260058,SDE,2026-II,10,2026-10-22,P
VG260058,SDE,2026-II,11,2026-10-29,P
VG260058,SDE,2026-II,12,2026-11-05,P
VG260058,SDE,2026-II,13,2026-11-12,P
VG260058,SDE,2026-II,14,2026-11-19,P
VG260058,SDE,2026-II,15,2026-11-26,P
VG260058,SDE,2026-II,16,2026-12-03,P
VG260058,FCS,2026-II,1,2026-08-21,P
VG260058,FCS,2026-II,2,2026-08-28,P
VG260058,FCS,2026-II,3,2026-09-04,T
VG260058,FCS,2026-II,4,2026-09-11,P
VG260058,FCS,2026-II,5,2026-09-18,P
VG260058,FCS,2026-II,6,2026-09-25,P
VG260058,FCS,2026-II,7,2026-10-02,P
VG260058,FCS,2026-II,8,2026-10-09,P
VG260058,FCS,2026-II,9,2026-10-16,P
VG260058,FCS,2026-II,10,2026-10-23,P
VG260058,FCS,2026-II,11,2026-10-30,T
VG260058,FCS,2026-II,12,2026-11-06,P
VG260058,FCS,2026-II,13,2026-11-13,P
VG260058,FCS,2026-II,14,2026-11-20,P
VG260058,FCS,2026-II,15,2026-11-27,F
VG260058,FCS,2026-II,16,2026-12-04,P
VG260058,EIA,2026-II,1,2026-08-17,P
VG260058,EIA,2026-II,2,2026-08-24,J
VG260058,EIA,2026-II,3,2026-08-31,P
VG260058,EIA,2026-II,4,2026-09-07,T
VG260058,EIA,2026-II,5,2026-09-14,P
VG260058,EIA,2026-II,6,2026-09-21,T
VG260058,EIA,2026-II,7,2026-09-28,P
VG260058,EIA,2026-II,8,2026-10-05,P
VG260058,EIA,2026-II,9,2026-10-12,P
VG260058,EIA,2026-II,10,2026-10-19,P
VG260058,EIA,2026-II,11,2026-10-26,P
VG260058,EIA,2026-II,12,2026-11-02,P
VG260058,EIA,2026-II,13,2026-11-09,P
VG260058,EIA,2026-II,14,2026-11-16,P
VG260058,EIA,2026-II,15,2026-11-23,P
VG260058,EIA,2026-II,16,2026-11-30,P
VG260058,CII,2026-II,1,2026-08-18,P
VG260058,CII,2026-II,2,2026-08-25,P
VG260058,CII,2026-II,3,2026-09-01,P
VG260058,CII,2026-II,4,2026-09-08,P
VG260058,CII,2026-II,5,2026-09-15,P
VG260058,CII,2026-II,6,2026-09-22,P
VG260058,CII,2026-II,7,2026-09-29,P
VG260058,CII,2026-II,8,2026-10-06,P
VG260058,CII,2026-II,9,2026-10-13,P
VG260058,CII,2026-II,10,2026-10-20,P
VG260058,CII,2026-II,11,2026-10-27,P
VG260058,CII,2026-II,12,2026-11-03,T
VG260058,CII,2026-II,13,2026-11-10,P
VG260058,CII,2026-II,14,2026-11-17,T
VG260058,CII,2026-II,15,2026-11-24,P
VG260058,CII,2026-II,16,2026-12-01,P
VG260058,EIT,2026-II,1,2026-08-19,P
VG260058,EIT,2026-II,2,2026-08-26,P
VG260058,EIT,2026-II,3,2026-09-02,P
VG260058,EIT,2026-II,4,2026-09-09,P
VG260058,EIT,2026-II,5,2026-09-16,P
VG260058,EIT,2026-II,6,2026-09-23,P
VG260058,EIT,2026-II,7,2026-09-30,P
VG260058,EIT,2026-II,8,2026-10-07,P
VG260058,EIT,2026-II,9,2026-10-14,P
VG260058,EIT,2026-II,10,2026-10-21,T
VG260058,EIT,2026-II,11,2026-10-28,P
VG260058,EIT,2026-II,12,2026-11-04,T
VG260058,EIT,2026-II,13,2026-11-11,P
VG260058,EIT,2026-II,14,2026-11-18,P
VG260058,EIT,2026-II,15,2026-11-25,P
VG260058,EIT,2026-II,16,2026-12-02,P
VG260058,EFSRT5,2026-II,1,2026-08-20,P
VG260058,EFSRT5,2026-II,2,2026-08-27,P
VG260058,EFSRT5,2026-II,3,2026-09-03,P
VG260058,EFSRT5,2026-II,4,2026-09-10,P
VG260058,EFSRT5,2026-II,5,2026-09-17,P
VG260058,EFSRT5,2026-II,6,2026-09-24,P
VG260058,EFSRT5,2026-II,7,2026-10-01,F
VG260058,EFSRT5,2026-II,8,2026-10-08,P
VG260058,EFSRT5,2026-II,9,2026-10-15,P
VG260058,EFSRT5,2026-II,10,2026-10-22,P
VG260058,EFSRT5,2026-II,11,2026-10-29,P
VG260058,EFSRT5,2026-II,12,2026-11-05,P
VG260058,EFSRT5,2026-II,13,2026-11-12,P
VG260058,EFSRT5,2026-II,14,2026-11-19,P
VG260058,EFSRT5,2026-II,15,2026-11-26,P
VG260058,EFSRT5,2026-II,16,2026-12-03,T
VG260059,APS,2026-II,1,2026-08-17,P
VG260059,APS,2026-II,2,2026-08-24,F
VG260059,APS,2026-II,3,2026-08-31,F
VG260059,APS,2026-II,4,2026-09-07,J
VG260059,APS,2026-II,5,2026-09-14,P
VG260059,APS,2026-II,6,2026-09-21,P
VG260059,APS,2026-II,7,2026-09-28,P
VG260059,APS,2026-II,8,2026-10-05,P
VG260059,APS,2026-II,9,2026-10-12,P
VG260059,APS,2026-II,10,2026-10-19,P
VG260059,APS,2026-II,11,2026-10-26,P
VG260059,APS,2026-II,12,2026-11-02,F
VG260059,APS,2026-II,13,2026-11-09,P
VG260059,APS,2026-II,14,2026-11-16,P
VG260059,APS,2026-II,15,2026-11-23,J
VG260059,APS,2026-II,16,2026-11-30,P
VG260059,TBD,2026-II,1,2026-08-18,P
VG260059,TBD,2026-II,2,2026-08-25,P
VG260059,TBD,2026-II,3,2026-09-01,P
VG260059,TBD,2026-II,4,2026-09-08,P
VG260059,TBD,2026-II,5,2026-09-15,T
VG260059,TBD,2026-II,6,2026-09-22,P
VG260059,TBD,2026-II,7,2026-09-29,J
VG260059,TBD,2026-II,8,2026-10-06,P
VG260059,TBD,2026-II,9,2026-10-13,J
VG260059,TBD,2026-II,10,2026-10-20,P
VG260059,TBD,2026-II,11,2026-10-27,P
VG260059,TBD,2026-II,12,2026-11-03,P
VG260059,TBD,2026-II,13,2026-11-10,P
VG260059,TBD,2026-II,14,2026-11-17,P
VG260059,TBD,2026-II,15,2026-11-24,F
VG260059,TBD,2026-II,16,2026-12-01,P
VG260059,FIA,2026-II,1,2026-08-19,P
VG260059,FIA,2026-II,2,2026-08-26,P
VG260059,FIA,2026-II,3,2026-09-02,F
VG260059,FIA,2026-II,4,2026-09-09,P
VG260059,FIA,2026-II,5,2026-09-16,P
VG260059,FIA,2026-II,6,2026-09-23,P
VG260059,FIA,2026-II,7,2026-09-30,F
VG260059,FIA,2026-II,8,2026-10-07,P
VG260059,FIA,2026-II,9,2026-10-14,P
VG260059,FIA,2026-II,10,2026-10-21,P
VG260059,FIA,2026-II,11,2026-10-28,P
VG260059,FIA,2026-II,12,2026-11-04,P
VG260059,FIA,2026-II,13,2026-11-11,J
VG260059,FIA,2026-II,14,2026-11-18,P
VG260059,FIA,2026-II,15,2026-11-25,P
VG260059,FIA,2026-II,16,2026-12-02,P
VG260059,SDE,2026-II,1,2026-08-20,F
VG260059,SDE,2026-II,2,2026-08-27,P
VG260059,SDE,2026-II,3,2026-09-03,P
VG260059,SDE,2026-II,4,2026-09-10,F
VG260059,SDE,2026-II,5,2026-09-17,F
VG260059,SDE,2026-II,6,2026-09-24,P
VG260059,SDE,2026-II,7,2026-10-01,P
VG260059,SDE,2026-II,8,2026-10-08,T
VG260059,SDE,2026-II,9,2026-10-15,P
VG260059,SDE,2026-II,10,2026-10-22,P
VG260059,SDE,2026-II,11,2026-10-29,P
VG260059,SDE,2026-II,12,2026-11-05,P
VG260059,SDE,2026-II,13,2026-11-12,P
VG260059,SDE,2026-II,14,2026-11-19,P
VG260059,SDE,2026-II,15,2026-11-26,P
VG260059,SDE,2026-II,16,2026-12-03,P
VG260059,FCS,2026-II,1,2026-08-21,P
VG260059,FCS,2026-II,2,2026-08-28,T
VG260059,FCS,2026-II,3,2026-09-04,P
VG260059,FCS,2026-II,4,2026-09-11,J
VG260059,FCS,2026-II,5,2026-09-18,F
VG260059,FCS,2026-II,6,2026-09-25,F
VG260059,FCS,2026-II,7,2026-10-02,F
VG260059,FCS,2026-II,8,2026-10-09,P
VG260059,FCS,2026-II,9,2026-10-16,F
VG260059,FCS,2026-II,10,2026-10-23,P
VG260059,FCS,2026-II,11,2026-10-30,P
VG260059,FCS,2026-II,12,2026-11-06,P
VG260059,FCS,2026-II,13,2026-11-13,P
VG260059,FCS,2026-II,14,2026-11-20,F
VG260059,FCS,2026-II,15,2026-11-27,P
VG260059,FCS,2026-II,16,2026-12-04,P
VG260059,EIA,2026-II,1,2026-08-17,J
VG260059,EIA,2026-II,2,2026-08-24,P
VG260059,EIA,2026-II,3,2026-08-31,P
VG260059,EIA,2026-II,4,2026-09-07,P
VG260059,EIA,2026-II,5,2026-09-14,P
VG260059,EIA,2026-II,6,2026-09-21,P
VG260059,EIA,2026-II,7,2026-09-28,F
VG260059,EIA,2026-II,8,2026-10-05,P
VG260059,EIA,2026-II,9,2026-10-12,P
VG260059,EIA,2026-II,10,2026-10-19,F
VG260059,EIA,2026-II,11,2026-10-26,F
VG260059,EIA,2026-II,12,2026-11-02,F
VG260059,EIA,2026-II,13,2026-11-09,P
VG260059,EIA,2026-II,14,2026-11-16,P
VG260059,EIA,2026-II,15,2026-11-23,P
VG260059,EIA,2026-II,16,2026-11-30,P
VG260059,CII,2026-II,1,2026-08-18,P
VG260059,CII,2026-II,2,2026-08-25,P
VG260059,CII,2026-II,3,2026-09-01,P
VG260059,CII,2026-II,4,2026-09-08,P
VG260059,CII,2026-II,5,2026-09-15,P
VG260059,CII,2026-II,6,2026-09-22,F
VG260059,CII,2026-II,7,2026-09-29,P
VG260059,CII,2026-II,8,2026-10-06,P
VG260059,CII,2026-II,9,2026-10-13,P
VG260059,CII,2026-II,10,2026-10-20,P
VG260059,CII,2026-II,11,2026-10-27,P
VG260059,CII,2026-II,12,2026-11-03,P
VG260059,CII,2026-II,13,2026-11-10,P
VG260059,CII,2026-II,14,2026-11-17,T
VG260059,CII,2026-II,15,2026-11-24,F
VG260059,CII,2026-II,16,2026-12-01,P
VG260059,EIT,2026-II,1,2026-08-19,P
VG260059,EIT,2026-II,2,2026-08-26,P
VG260059,EIT,2026-II,3,2026-09-02,P
VG260059,EIT,2026-II,4,2026-09-09,P
VG260059,EIT,2026-II,5,2026-09-16,P
VG260059,EIT,2026-II,6,2026-09-23,F
VG260059,EIT,2026-II,7,2026-09-30,P
VG260059,EIT,2026-II,8,2026-10-07,F
VG260059,EIT,2026-II,9,2026-10-14,F
VG260059,EIT,2026-II,10,2026-10-21,P
VG260059,EIT,2026-II,11,2026-10-28,P
VG260059,EIT,2026-II,12,2026-11-04,F
VG260059,EIT,2026-II,13,2026-11-11,P
VG260059,EIT,2026-II,14,2026-11-18,P
VG260059,EIT,2026-II,15,2026-11-25,J
VG260059,EIT,2026-II,16,2026-12-02,P
VG260059,EFSRT5,2026-II,1,2026-08-20,P
VG260059,EFSRT5,2026-II,2,2026-08-27,P
VG260059,EFSRT5,2026-II,3,2026-09-03,F
VG260059,EFSRT5,2026-II,4,2026-09-10,P
VG260059,EFSRT5,2026-II,5,2026-09-17,P
VG260059,EFSRT5,2026-II,6,2026-09-24,P
VG260059,EFSRT5,2026-II,7,2026-10-01,F
VG260059,EFSRT5,2026-II,8,2026-10-08,P
VG260059,EFSRT5,2026-II,9,2026-10-15,P
VG260059,EFSRT5,2026-II,10,2026-10-22,P
VG260059,EFSRT5,2026-II,11,2026-10-29,P
VG260059,EFSRT5,2026-II,12,2026-11-05,J
VG260059,EFSRT5,2026-II,13,2026-11-12,P
VG260059,EFSRT5,2026-II,14,2026-11-19,P
VG260059,EFSRT5,2026-II,15,2026-11-26,P
VG260059,EFSRT5,2026-II,16,2026-12-03,T
VG260060,APS,2026-II,1,2026-08-17,P
VG260060,APS,2026-II,2,2026-08-24,P
VG260060,APS,2026-II,3,2026-08-31,P
VG260060,APS,2026-II,4,2026-09-07,F
VG260060,APS,2026-II,5,2026-09-14,P
VG260060,APS,2026-II,6,2026-09-21,P
VG260060,APS,2026-II,7,2026-09-28,P
VG260060,APS,2026-II,8,2026-10-05,P
VG260060,APS,2026-II,9,2026-10-12,P
VG260060,APS,2026-II,10,2026-10-19,P
VG260060,APS,2026-II,11,2026-10-26,F
VG260060,APS,2026-II,12,2026-11-02,J
VG260060,APS,2026-II,13,2026-11-09,T
VG260060,APS,2026-II,14,2026-11-16,P
VG260060,APS,2026-II,15,2026-11-23,F
VG260060,APS,2026-II,16,2026-11-30,P
VG260060,TBD,2026-II,1,2026-08-18,P
VG260060,TBD,2026-II,2,2026-08-25,P
VG260060,TBD,2026-II,3,2026-09-01,P
VG260060,TBD,2026-II,4,2026-09-08,T
VG260060,TBD,2026-II,5,2026-09-15,T
VG260060,TBD,2026-II,6,2026-09-22,P
VG260060,TBD,2026-II,7,2026-09-29,P
VG260060,TBD,2026-II,8,2026-10-06,P
VG260060,TBD,2026-II,9,2026-10-13,P
VG260060,TBD,2026-II,10,2026-10-20,P
VG260060,TBD,2026-II,11,2026-10-27,P
VG260060,TBD,2026-II,12,2026-11-03,P
VG260060,TBD,2026-II,13,2026-11-10,P
VG260060,TBD,2026-II,14,2026-11-17,P
VG260060,TBD,2026-II,15,2026-11-24,P
VG260060,TBD,2026-II,16,2026-12-01,P
VG260060,FIA,2026-II,1,2026-08-19,P
VG260060,FIA,2026-II,2,2026-08-26,P
VG260060,FIA,2026-II,3,2026-09-02,P
VG260060,FIA,2026-II,4,2026-09-09,P
VG260060,FIA,2026-II,5,2026-09-16,P
VG260060,FIA,2026-II,6,2026-09-23,P
VG260060,FIA,2026-II,7,2026-09-30,P
VG260060,FIA,2026-II,8,2026-10-07,P
VG260060,FIA,2026-II,9,2026-10-14,P
VG260060,FIA,2026-II,10,2026-10-21,P
VG260060,FIA,2026-II,11,2026-10-28,P
VG260060,FIA,2026-II,12,2026-11-04,P
VG260060,FIA,2026-II,13,2026-11-11,F
VG260060,FIA,2026-II,14,2026-11-18,P
VG260060,FIA,2026-II,15,2026-11-25,P
VG260060,FIA,2026-II,16,2026-12-02,P
VG260060,SDE,2026-II,1,2026-08-20,P
VG260060,SDE,2026-II,2,2026-08-27,P
VG260060,SDE,2026-II,3,2026-09-03,P
VG260060,SDE,2026-II,4,2026-09-10,P
VG260060,SDE,2026-II,5,2026-09-17,P
VG260060,SDE,2026-II,6,2026-09-24,P
VG260060,SDE,2026-II,7,2026-10-01,P
VG260060,SDE,2026-II,8,2026-10-08,P
VG260060,SDE,2026-II,9,2026-10-15,P
VG260060,SDE,2026-II,10,2026-10-22,P
VG260060,SDE,2026-II,11,2026-10-29,P
VG260060,SDE,2026-II,12,2026-11-05,P
VG260060,SDE,2026-II,13,2026-11-12,F
VG260060,SDE,2026-II,14,2026-11-19,F
VG260060,SDE,2026-II,15,2026-11-26,P
VG260060,SDE,2026-II,16,2026-12-03,P
VG260060,FCS,2026-II,1,2026-08-21,P
VG260060,FCS,2026-II,2,2026-08-28,P
VG260060,FCS,2026-II,3,2026-09-04,P
VG260060,FCS,2026-II,4,2026-09-11,P
VG260060,FCS,2026-II,5,2026-09-18,F
VG260060,FCS,2026-II,6,2026-09-25,F
VG260060,FCS,2026-II,7,2026-10-02,P
VG260060,FCS,2026-II,8,2026-10-09,P
VG260060,FCS,2026-II,9,2026-10-16,F
VG260060,FCS,2026-II,10,2026-10-23,P
VG260060,FCS,2026-II,11,2026-10-30,P
VG260060,FCS,2026-II,12,2026-11-06,P
VG260060,FCS,2026-II,13,2026-11-13,F
VG260060,FCS,2026-II,14,2026-11-20,F
VG260060,FCS,2026-II,15,2026-11-27,P
VG260060,FCS,2026-II,16,2026-12-04,T
VG260060,EIA,2026-II,1,2026-08-17,P
VG260060,EIA,2026-II,2,2026-08-24,P
VG260060,EIA,2026-II,3,2026-08-31,P
VG260060,EIA,2026-II,4,2026-09-07,F
VG260060,EIA,2026-II,5,2026-09-14,T
VG260060,EIA,2026-II,6,2026-09-21,P
VG260060,EIA,2026-II,7,2026-09-28,P
VG260060,EIA,2026-II,8,2026-10-05,P
VG260060,EIA,2026-II,9,2026-10-12,P
VG260060,EIA,2026-II,10,2026-10-19,F
VG260060,EIA,2026-II,11,2026-10-26,P
VG260060,EIA,2026-II,12,2026-11-02,P
VG260060,EIA,2026-II,13,2026-11-09,P
VG260060,EIA,2026-II,14,2026-11-16,P
VG260060,EIA,2026-II,15,2026-11-23,F
VG260060,EIA,2026-II,16,2026-11-30,P
VG260060,CII,2026-II,1,2026-08-18,F
VG260060,CII,2026-II,2,2026-08-25,T
VG260060,CII,2026-II,3,2026-09-01,P
VG260060,CII,2026-II,4,2026-09-08,P
VG260060,CII,2026-II,5,2026-09-15,P
VG260060,CII,2026-II,6,2026-09-22,P
VG260060,CII,2026-II,7,2026-09-29,J
VG260060,CII,2026-II,8,2026-10-06,F
VG260060,CII,2026-II,9,2026-10-13,P
VG260060,CII,2026-II,10,2026-10-20,P
VG260060,CII,2026-II,11,2026-10-27,P
VG260060,CII,2026-II,12,2026-11-03,P
VG260060,CII,2026-II,13,2026-11-10,P
VG260060,CII,2026-II,14,2026-11-17,P
VG260060,CII,2026-II,15,2026-11-24,P
VG260060,CII,2026-II,16,2026-12-01,P
VG260060,EIT,2026-II,1,2026-08-19,P
VG260060,EIT,2026-II,2,2026-08-26,P
VG260060,EIT,2026-II,3,2026-09-02,P
VG260060,EIT,2026-II,4,2026-09-09,P
VG260060,EIT,2026-II,5,2026-09-16,P
VG260060,EIT,2026-II,6,2026-09-23,P
VG260060,EIT,2026-II,7,2026-09-30,P
VG260060,EIT,2026-II,8,2026-10-07,T
VG260060,EIT,2026-II,9,2026-10-14,F
VG260060,EIT,2026-II,10,2026-10-21,P
VG260060,EIT,2026-II,11,2026-10-28,F
VG260060,EIT,2026-II,12,2026-11-04,P
VG260060,EIT,2026-II,13,2026-11-11,P
VG260060,EIT,2026-II,14,2026-11-18,P
VG260060,EIT,2026-II,15,2026-11-25,P
VG260060,EIT,2026-II,16,2026-12-02,P
VG260060,EFSRT5,2026-II,1,2026-08-20,T
VG260060,EFSRT5,2026-II,2,2026-08-27,P
VG260060,EFSRT5,2026-II,3,2026-09-03,P
VG260060,EFSRT5,2026-II,4,2026-09-10,P
VG260060,EFSRT5,2026-II,5,2026-09-17,P
VG260060,EFSRT5,2026-II,6,2026-09-24,P
VG260060,EFSRT5,2026-II,7,2026-10-01,P
VG260060,EFSRT5,2026-II,8,2026-10-08,P
VG260060,EFSRT5,2026-II,9,2026-10-15,P
VG260060,EFSRT5,2026-II,10,2026-10-22,F
VG260060,EFSRT5,2026-II,11,2026-10-29,P
VG260060,EFSRT5,2026-II,12,2026-11-05,P
VG260060,EFSRT5,2026-II,13,2026-11-12,P
VG260060,EFSRT5,2026-II,14,2026-11-19,F
VG260060,EFSRT5,2026-II,15,2026-11-26,P
VG260060,EFSRT5,2026-II,16,2026-12-03,P
VG260061,APS,2026-II,1,2026-08-17,P
VG260061,APS,2026-II,2,2026-08-24,P
VG260061,APS,2026-II,3,2026-08-31,P
VG260061,APS,2026-II,4,2026-09-07,P
VG260061,APS,2026-II,5,2026-09-14,F
VG260061,APS,2026-II,6,2026-09-21,P
VG260061,APS,2026-II,7,2026-09-28,P
VG260061,APS,2026-II,8,2026-10-05,P
VG260061,APS,2026-II,9,2026-10-12,P
VG260061,APS,2026-II,10,2026-10-19,P
VG260061,APS,2026-II,11,2026-10-26,P
VG260061,APS,2026-II,12,2026-11-02,P
VG260061,APS,2026-II,13,2026-11-09,P
VG260061,APS,2026-II,14,2026-11-16,P
VG260061,APS,2026-II,15,2026-11-23,P
VG260061,APS,2026-II,16,2026-11-30,P
VG260061,TBD,2026-II,1,2026-08-18,P
VG260061,TBD,2026-II,2,2026-08-25,P
VG260061,TBD,2026-II,3,2026-09-01,T
VG260061,TBD,2026-II,4,2026-09-08,P
VG260061,TBD,2026-II,5,2026-09-15,P
VG260061,TBD,2026-II,6,2026-09-22,P
VG260061,TBD,2026-II,7,2026-09-29,T
VG260061,TBD,2026-II,8,2026-10-06,P
VG260061,TBD,2026-II,9,2026-10-13,T
VG260061,TBD,2026-II,10,2026-10-20,P
VG260061,TBD,2026-II,11,2026-10-27,P
VG260061,TBD,2026-II,12,2026-11-03,P
VG260061,TBD,2026-II,13,2026-11-10,P
VG260061,TBD,2026-II,14,2026-11-17,P
VG260061,TBD,2026-II,15,2026-11-24,P
VG260061,TBD,2026-II,16,2026-12-01,P
VG260061,FIA,2026-II,1,2026-08-19,P
VG260061,FIA,2026-II,2,2026-08-26,P
VG260061,FIA,2026-II,3,2026-09-02,P
VG260061,FIA,2026-II,4,2026-09-09,P
VG260061,FIA,2026-II,5,2026-09-16,T
VG260061,FIA,2026-II,6,2026-09-23,P
VG260061,FIA,2026-II,7,2026-09-30,P
VG260061,FIA,2026-II,8,2026-10-07,F
VG260061,FIA,2026-II,9,2026-10-14,P
VG260061,FIA,2026-II,10,2026-10-21,P
VG260061,FIA,2026-II,11,2026-10-28,P
VG260061,FIA,2026-II,12,2026-11-04,P
VG260061,FIA,2026-II,13,2026-11-11,P
VG260061,FIA,2026-II,14,2026-11-18,P
VG260061,FIA,2026-II,15,2026-11-25,P
VG260061,FIA,2026-II,16,2026-12-02,F
VG260061,SDE,2026-II,1,2026-08-20,P
VG260061,SDE,2026-II,2,2026-08-27,P
VG260061,SDE,2026-II,3,2026-09-03,P
VG260061,SDE,2026-II,4,2026-09-10,P
VG260061,SDE,2026-II,5,2026-09-17,P
VG260061,SDE,2026-II,6,2026-09-24,P
VG260061,SDE,2026-II,7,2026-10-01,P
VG260061,SDE,2026-II,8,2026-10-08,P
VG260061,SDE,2026-II,9,2026-10-15,P
VG260061,SDE,2026-II,10,2026-10-22,P
VG260061,SDE,2026-II,11,2026-10-29,P
VG260061,SDE,2026-II,12,2026-11-05,F
VG260061,SDE,2026-II,13,2026-11-12,T
VG260061,SDE,2026-II,14,2026-11-19,P
VG260061,SDE,2026-II,15,2026-11-26,P
VG260061,SDE,2026-II,16,2026-12-03,P
VG260061,FCS,2026-II,1,2026-08-21,P
VG260061,FCS,2026-II,2,2026-08-28,P
VG260061,FCS,2026-II,3,2026-09-04,P
VG260061,FCS,2026-II,4,2026-09-11,P
VG260061,FCS,2026-II,5,2026-09-18,P
VG260061,FCS,2026-II,6,2026-09-25,P
VG260061,FCS,2026-II,7,2026-10-02,P
VG260061,FCS,2026-II,8,2026-10-09,P
VG260061,FCS,2026-II,9,2026-10-16,P
VG260061,FCS,2026-II,10,2026-10-23,P
VG260061,FCS,2026-II,11,2026-10-30,P
VG260061,FCS,2026-II,12,2026-11-06,P
VG260061,FCS,2026-II,13,2026-11-13,P
VG260061,FCS,2026-II,14,2026-11-20,P
VG260061,FCS,2026-II,15,2026-11-27,P
VG260061,FCS,2026-II,16,2026-12-04,P
VG260061,EIA,2026-II,1,2026-08-17,P
VG260061,EIA,2026-II,2,2026-08-24,P
VG260061,EIA,2026-II,3,2026-08-31,P
VG260061,EIA,2026-II,4,2026-09-07,P
VG260061,EIA,2026-II,5,2026-09-14,P
VG260061,EIA,2026-II,6,2026-09-21,P
VG260061,EIA,2026-II,7,2026-09-28,P
VG260061,EIA,2026-II,8,2026-10-05,P
VG260061,EIA,2026-II,9,2026-10-12,P
VG260061,EIA,2026-II,10,2026-10-19,T
VG260061,EIA,2026-II,11,2026-10-26,P
VG260061,EIA,2026-II,12,2026-11-02,P
VG260061,EIA,2026-II,13,2026-11-09,P
VG260061,EIA,2026-II,14,2026-11-16,P
VG260061,EIA,2026-II,15,2026-11-23,P
VG260061,EIA,2026-II,16,2026-11-30,P
VG260061,CII,2026-II,1,2026-08-18,P
VG260061,CII,2026-II,2,2026-08-25,P
VG260061,CII,2026-II,3,2026-09-01,P
VG260061,CII,2026-II,4,2026-09-08,P
VG260061,CII,2026-II,5,2026-09-15,P
VG260061,CII,2026-II,6,2026-09-22,P
VG260061,CII,2026-II,7,2026-09-29,P
VG260061,CII,2026-II,8,2026-10-06,P
VG260061,CII,2026-II,9,2026-10-13,P
VG260061,CII,2026-II,10,2026-10-20,P
VG260061,CII,2026-II,11,2026-10-27,P
VG260061,CII,2026-II,12,2026-11-03,P
VG260061,CII,2026-II,13,2026-11-10,P
VG260061,CII,2026-II,14,2026-11-17,P
VG260061,CII,2026-II,15,2026-11-24,P
VG260061,CII,2026-II,16,2026-12-01,P
VG260061,EIT,2026-II,1,2026-08-19,P
VG260061,EIT,2026-II,2,2026-08-26,P
VG260061,EIT,2026-II,3,2026-09-02,P
VG260061,EIT,2026-II,4,2026-09-09,P
VG260061,EIT,2026-II,5,2026-09-16,P
VG260061,EIT,2026-II,6,2026-09-23,P
VG260061,EIT,2026-II,7,2026-09-30,J
VG260061,EIT,2026-II,8,2026-10-07,P
VG260061,EIT,2026-II,9,2026-10-14,P
VG260061,EIT,2026-II,10,2026-10-21,P
VG260061,EIT,2026-II,11,2026-10-28,P
VG260061,EIT,2026-II,12,2026-11-04,P
VG260061,EIT,2026-II,13,2026-11-11,P
VG260061,EIT,2026-II,14,2026-11-18,P
VG260061,EIT,2026-II,15,2026-11-25,T
VG260061,EIT,2026-II,16,2026-12-02,P
VG260061,EFSRT5,2026-II,1,2026-08-20,J
VG260061,EFSRT5,2026-II,2,2026-08-27,P
VG260061,EFSRT5,2026-II,3,2026-09-03,P
VG260061,EFSRT5,2026-II,4,2026-09-10,P
VG260061,EFSRT5,2026-II,5,2026-09-17,P
VG260061,EFSRT5,2026-II,6,2026-09-24,P
VG260061,EFSRT5,2026-II,7,2026-10-01,P
VG260061,EFSRT5,2026-II,8,2026-10-08,P
VG260061,EFSRT5,2026-II,9,2026-10-15,F
VG260061,EFSRT5,2026-II,10,2026-10-22,F
VG260061,EFSRT5,2026-II,11,2026-10-29,P
VG260061,EFSRT5,2026-II,12,2026-11-05,J
VG260061,EFSRT5,2026-II,13,2026-11-12,P
VG260061,EFSRT5,2026-II,14,2026-11-19,P
VG260061,EFSRT5,2026-II,15,2026-11-26,P
VG260061,EFSRT5,2026-II,16,2026-12-03,P
VG260062,APS,2026-II,1,2026-08-17,P
VG260062,APS,2026-II,2,2026-08-24,P
VG260062,APS,2026-II,3,2026-08-31,P
VG260062,APS,2026-II,4,2026-09-07,P
VG260062,APS,2026-II,5,2026-09-14,P
VG260062,APS,2026-II,6,2026-09-21,P
VG260062,APS,2026-II,7,2026-09-28,P
VG260062,APS,2026-II,8,2026-10-05,P
VG260062,APS,2026-II,9,2026-10-12,P
VG260062,APS,2026-II,10,2026-10-19,P
VG260062,APS,2026-II,11,2026-10-26,P
VG260062,APS,2026-II,12,2026-11-02,P
VG260062,APS,2026-II,13,2026-11-09,P
VG260062,APS,2026-II,14,2026-11-16,P
VG260062,APS,2026-II,15,2026-11-23,P
VG260062,APS,2026-II,16,2026-11-30,P
VG260062,TBD,2026-II,1,2026-08-18,F
VG260062,TBD,2026-II,2,2026-08-25,P
VG260062,TBD,2026-II,3,2026-09-01,P
VG260062,TBD,2026-II,4,2026-09-08,P
VG260062,TBD,2026-II,5,2026-09-15,P
VG260062,TBD,2026-II,6,2026-09-22,T
VG260062,TBD,2026-II,7,2026-09-29,P
VG260062,TBD,2026-II,8,2026-10-06,P
VG260062,TBD,2026-II,9,2026-10-13,P
VG260062,TBD,2026-II,10,2026-10-20,P
VG260062,TBD,2026-II,11,2026-10-27,T
VG260062,TBD,2026-II,12,2026-11-03,P
VG260062,TBD,2026-II,13,2026-11-10,P
VG260062,TBD,2026-II,14,2026-11-17,P
VG260062,TBD,2026-II,15,2026-11-24,P
VG260062,TBD,2026-II,16,2026-12-01,F
VG260062,FIA,2026-II,1,2026-08-19,P
VG260062,FIA,2026-II,2,2026-08-26,P
VG260062,FIA,2026-II,3,2026-09-02,P
VG260062,FIA,2026-II,4,2026-09-09,P
VG260062,FIA,2026-II,5,2026-09-16,P
VG260062,FIA,2026-II,6,2026-09-23,P
VG260062,FIA,2026-II,7,2026-09-30,P
VG260062,FIA,2026-II,8,2026-10-07,P
VG260062,FIA,2026-II,9,2026-10-14,P
VG260062,FIA,2026-II,10,2026-10-21,P
VG260062,FIA,2026-II,11,2026-10-28,P
VG260062,FIA,2026-II,12,2026-11-04,P
VG260062,FIA,2026-II,13,2026-11-11,F
VG260062,FIA,2026-II,14,2026-11-18,P
VG260062,FIA,2026-II,15,2026-11-25,P
VG260062,FIA,2026-II,16,2026-12-02,F
VG260062,SDE,2026-II,1,2026-08-20,P
VG260062,SDE,2026-II,2,2026-08-27,T
VG260062,SDE,2026-II,3,2026-09-03,F
VG260062,SDE,2026-II,4,2026-09-10,F
VG260062,SDE,2026-II,5,2026-09-17,P
VG260062,SDE,2026-II,6,2026-09-24,T
VG260062,SDE,2026-II,7,2026-10-01,P
VG260062,SDE,2026-II,8,2026-10-08,P
VG260062,SDE,2026-II,9,2026-10-15,P
VG260062,SDE,2026-II,10,2026-10-22,P
VG260062,SDE,2026-II,11,2026-10-29,P
VG260062,SDE,2026-II,12,2026-11-05,P
VG260062,SDE,2026-II,13,2026-11-12,P
VG260062,SDE,2026-II,14,2026-11-19,P
VG260062,SDE,2026-II,15,2026-11-26,T
VG260062,SDE,2026-II,16,2026-12-03,P
VG260062,FCS,2026-II,1,2026-08-21,P
VG260062,FCS,2026-II,2,2026-08-28,P
VG260062,FCS,2026-II,3,2026-09-04,P
VG260062,FCS,2026-II,4,2026-09-11,P
VG260062,FCS,2026-II,5,2026-09-18,P
VG260062,FCS,2026-II,6,2026-09-25,P
VG260062,FCS,2026-II,7,2026-10-02,P
VG260062,FCS,2026-II,8,2026-10-09,P
VG260062,FCS,2026-II,9,2026-10-16,P
VG260062,FCS,2026-II,10,2026-10-23,P
VG260062,FCS,2026-II,11,2026-10-30,P
VG260062,FCS,2026-II,12,2026-11-06,T
VG260062,FCS,2026-II,13,2026-11-13,P
VG260062,FCS,2026-II,14,2026-11-20,F
VG260062,FCS,2026-II,15,2026-11-27,P
VG260062,FCS,2026-II,16,2026-12-04,P
VG260062,EIA,2026-II,1,2026-08-17,P
VG260062,EIA,2026-II,2,2026-08-24,P
VG260062,EIA,2026-II,3,2026-08-31,P
VG260062,EIA,2026-II,4,2026-09-07,P
VG260062,EIA,2026-II,5,2026-09-14,P
VG260062,EIA,2026-II,6,2026-09-21,P
VG260062,EIA,2026-II,7,2026-09-28,P
VG260062,EIA,2026-II,8,2026-10-05,P
VG260062,EIA,2026-II,9,2026-10-12,F
VG260062,EIA,2026-II,10,2026-10-19,P
VG260062,EIA,2026-II,11,2026-10-26,P
VG260062,EIA,2026-II,12,2026-11-02,T
VG260062,EIA,2026-II,13,2026-11-09,P
VG260062,EIA,2026-II,14,2026-11-16,P
VG260062,EIA,2026-II,15,2026-11-23,T
VG260062,EIA,2026-II,16,2026-11-30,T
VG260062,CII,2026-II,1,2026-08-18,P
VG260062,CII,2026-II,2,2026-08-25,P
VG260062,CII,2026-II,3,2026-09-01,P
VG260062,CII,2026-II,4,2026-09-08,T
VG260062,CII,2026-II,5,2026-09-15,P
VG260062,CII,2026-II,6,2026-09-22,P
VG260062,CII,2026-II,7,2026-09-29,T
VG260062,CII,2026-II,8,2026-10-06,F
VG260062,CII,2026-II,9,2026-10-13,P
VG260062,CII,2026-II,10,2026-10-20,T
VG260062,CII,2026-II,11,2026-10-27,P
VG260062,CII,2026-II,12,2026-11-03,P
VG260062,CII,2026-II,13,2026-11-10,P
VG260062,CII,2026-II,14,2026-11-17,P
VG260062,CII,2026-II,15,2026-11-24,P
VG260062,CII,2026-II,16,2026-12-01,P
VG260062,EIT,2026-II,1,2026-08-19,P
VG260062,EIT,2026-II,2,2026-08-26,P
VG260062,EIT,2026-II,3,2026-09-02,P
VG260062,EIT,2026-II,4,2026-09-09,T
VG260062,EIT,2026-II,5,2026-09-16,P
VG260062,EIT,2026-II,6,2026-09-23,F
VG260062,EIT,2026-II,7,2026-09-30,P
VG260062,EIT,2026-II,8,2026-10-07,P
VG260062,EIT,2026-II,9,2026-10-14,P
VG260062,EIT,2026-II,10,2026-10-21,P
VG260062,EIT,2026-II,11,2026-10-28,P
VG260062,EIT,2026-II,12,2026-11-04,P
VG260062,EIT,2026-II,13,2026-11-11,P
VG260062,EIT,2026-II,14,2026-11-18,P
VG260062,EIT,2026-II,15,2026-11-25,P
VG260062,EIT,2026-II,16,2026-12-02,P
VG260062,EFSRT5,2026-II,1,2026-08-20,P
VG260062,EFSRT5,2026-II,2,2026-08-27,P
VG260062,EFSRT5,2026-II,3,2026-09-03,F
VG260062,EFSRT5,2026-II,4,2026-09-10,P
VG260062,EFSRT5,2026-II,5,2026-09-17,P
VG260062,EFSRT5,2026-II,6,2026-09-24,F
VG260062,EFSRT5,2026-II,7,2026-10-01,P
VG260062,EFSRT5,2026-II,8,2026-10-08,F
VG260062,EFSRT5,2026-II,9,2026-10-15,P
VG260062,EFSRT5,2026-II,10,2026-10-22,P
VG260062,EFSRT5,2026-II,11,2026-10-29,P
VG260062,EFSRT5,2026-II,12,2026-11-05,P
VG260062,EFSRT5,2026-II,13,2026-11-12,P
VG260062,EFSRT5,2026-II,14,2026-11-19,P
VG260062,EFSRT5,2026-II,15,2026-11-26,P
VG260062,EFSRT5,2026-II,16,2026-12-03,P
VG260063,APS,2026-II,1,2026-08-17,F
VG260063,APS,2026-II,2,2026-08-24,T
VG260063,APS,2026-II,3,2026-08-31,F
VG260063,APS,2026-II,4,2026-09-07,P
VG260063,APS,2026-II,5,2026-09-14,T
VG260063,APS,2026-II,6,2026-09-21,P
VG260063,APS,2026-II,7,2026-09-28,P
VG260063,APS,2026-II,8,2026-10-05,P
VG260063,APS,2026-II,9,2026-10-12,P
VG260063,APS,2026-II,10,2026-10-19,P
VG260063,APS,2026-II,11,2026-10-26,P
VG260063,APS,2026-II,12,2026-11-02,P
VG260063,APS,2026-II,13,2026-11-09,P
VG260063,APS,2026-II,14,2026-11-16,T
VG260063,APS,2026-II,15,2026-11-23,P
VG260063,APS,2026-II,16,2026-11-30,F
VG260063,TBD,2026-II,1,2026-08-18,P
VG260063,TBD,2026-II,2,2026-08-25,P
VG260063,TBD,2026-II,3,2026-09-01,P
VG260063,TBD,2026-II,4,2026-09-08,P
VG260063,TBD,2026-II,5,2026-09-15,P
VG260063,TBD,2026-II,6,2026-09-22,F
VG260063,TBD,2026-II,7,2026-09-29,P
VG260063,TBD,2026-II,8,2026-10-06,P
VG260063,TBD,2026-II,9,2026-10-13,P
VG260063,TBD,2026-II,10,2026-10-20,P
VG260063,TBD,2026-II,11,2026-10-27,P
VG260063,TBD,2026-II,12,2026-11-03,P
VG260063,TBD,2026-II,13,2026-11-10,P
VG260063,TBD,2026-II,14,2026-11-17,P
VG260063,TBD,2026-II,15,2026-11-24,P
VG260063,TBD,2026-II,16,2026-12-01,P
VG260063,FIA,2026-II,1,2026-08-19,P
VG260063,FIA,2026-II,2,2026-08-26,P
VG260063,FIA,2026-II,3,2026-09-02,P
VG260063,FIA,2026-II,4,2026-09-09,P
VG260063,FIA,2026-II,5,2026-09-16,P
VG260063,FIA,2026-II,6,2026-09-23,P
VG260063,FIA,2026-II,7,2026-09-30,P
VG260063,FIA,2026-II,8,2026-10-07,P
VG260063,FIA,2026-II,9,2026-10-14,P
VG260063,FIA,2026-II,10,2026-10-21,P
VG260063,FIA,2026-II,11,2026-10-28,T
VG260063,FIA,2026-II,12,2026-11-04,P
VG260063,FIA,2026-II,13,2026-11-11,P
VG260063,FIA,2026-II,14,2026-11-18,P
VG260063,FIA,2026-II,15,2026-11-25,P
VG260063,FIA,2026-II,16,2026-12-02,F
VG260063,SDE,2026-II,1,2026-08-20,P
VG260063,SDE,2026-II,2,2026-08-27,F
VG260063,SDE,2026-II,3,2026-09-03,P
VG260063,SDE,2026-II,4,2026-09-10,P
VG260063,SDE,2026-II,5,2026-09-17,P
VG260063,SDE,2026-II,6,2026-09-24,F
VG260063,SDE,2026-II,7,2026-10-01,P
VG260063,SDE,2026-II,8,2026-10-08,P
VG260063,SDE,2026-II,9,2026-10-15,T
VG260063,SDE,2026-II,10,2026-10-22,P
VG260063,SDE,2026-II,11,2026-10-29,P
VG260063,SDE,2026-II,12,2026-11-05,T
VG260063,SDE,2026-II,13,2026-11-12,P
VG260063,SDE,2026-II,14,2026-11-19,P
VG260063,SDE,2026-II,15,2026-11-26,F
VG260063,SDE,2026-II,16,2026-12-03,P
VG260063,FCS,2026-II,1,2026-08-21,P
VG260063,FCS,2026-II,2,2026-08-28,F
VG260063,FCS,2026-II,3,2026-09-04,P
VG260063,FCS,2026-II,4,2026-09-11,F
VG260063,FCS,2026-II,5,2026-09-18,P
VG260063,FCS,2026-II,6,2026-09-25,T
VG260063,FCS,2026-II,7,2026-10-02,P
VG260063,FCS,2026-II,8,2026-10-09,P
VG260063,FCS,2026-II,9,2026-10-16,F
VG260063,FCS,2026-II,10,2026-10-23,T
VG260063,FCS,2026-II,11,2026-10-30,F
VG260063,FCS,2026-II,12,2026-11-06,P
VG260063,FCS,2026-II,13,2026-11-13,P
VG260063,FCS,2026-II,14,2026-11-20,T
VG260063,FCS,2026-II,15,2026-11-27,P
VG260063,FCS,2026-II,16,2026-12-04,P
VG260063,EIA,2026-II,1,2026-08-17,P
VG260063,EIA,2026-II,2,2026-08-24,P
VG260063,EIA,2026-II,3,2026-08-31,P
VG260063,EIA,2026-II,4,2026-09-07,P
VG260063,EIA,2026-II,5,2026-09-14,T
VG260063,EIA,2026-II,6,2026-09-21,P
VG260063,EIA,2026-II,7,2026-09-28,P
VG260063,EIA,2026-II,8,2026-10-05,P
VG260063,EIA,2026-II,9,2026-10-12,P
VG260063,EIA,2026-II,10,2026-10-19,T
VG260063,EIA,2026-II,11,2026-10-26,P
VG260063,EIA,2026-II,12,2026-11-02,F
VG260063,EIA,2026-II,13,2026-11-09,P
VG260063,EIA,2026-II,14,2026-11-16,P
VG260063,EIA,2026-II,15,2026-11-23,P
VG260063,EIA,2026-II,16,2026-11-30,T
VG260063,CII,2026-II,1,2026-08-18,P
VG260063,CII,2026-II,2,2026-08-25,T
VG260063,CII,2026-II,3,2026-09-01,P
VG260063,CII,2026-II,4,2026-09-08,P
VG260063,CII,2026-II,5,2026-09-15,P
VG260063,CII,2026-II,6,2026-09-22,P
VG260063,CII,2026-II,7,2026-09-29,P
VG260063,CII,2026-II,8,2026-10-06,P
VG260063,CII,2026-II,9,2026-10-13,P
VG260063,CII,2026-II,10,2026-10-20,P
VG260063,CII,2026-II,11,2026-10-27,J
VG260063,CII,2026-II,12,2026-11-03,P
VG260063,CII,2026-II,13,2026-11-10,P
VG260063,CII,2026-II,14,2026-11-17,T
VG260063,CII,2026-II,15,2026-11-24,P
VG260063,CII,2026-II,16,2026-12-01,P
VG260063,EIT,2026-II,1,2026-08-19,P
VG260063,EIT,2026-II,2,2026-08-26,P
VG260063,EIT,2026-II,3,2026-09-02,J
VG260063,EIT,2026-II,4,2026-09-09,P
VG260063,EIT,2026-II,5,2026-09-16,T
VG260063,EIT,2026-II,6,2026-09-23,P
VG260063,EIT,2026-II,7,2026-09-30,F
VG260063,EIT,2026-II,8,2026-10-07,P
VG260063,EIT,2026-II,9,2026-10-14,P
VG260063,EIT,2026-II,10,2026-10-21,T
VG260063,EIT,2026-II,11,2026-10-28,F
VG260063,EIT,2026-II,12,2026-11-04,P
VG260063,EIT,2026-II,13,2026-11-11,F
VG260063,EIT,2026-II,14,2026-11-18,T
VG260063,EIT,2026-II,15,2026-11-25,P
VG260063,EIT,2026-II,16,2026-12-02,P
VG260063,EFSRT5,2026-II,1,2026-08-20,P
VG260063,EFSRT5,2026-II,2,2026-08-27,P
VG260063,EFSRT5,2026-II,3,2026-09-03,P
VG260063,EFSRT5,2026-II,4,2026-09-10,P
VG260063,EFSRT5,2026-II,5,2026-09-17,P
VG260063,EFSRT5,2026-II,6,2026-09-24,P
VG260063,EFSRT5,2026-II,7,2026-10-01,F
VG260063,EFSRT5,2026-II,8,2026-10-08,P
VG260063,EFSRT5,2026-II,9,2026-10-15,P
VG260063,EFSRT5,2026-II,10,2026-10-22,P
VG260063,EFSRT5,2026-II,11,2026-10-29,P
VG260063,EFSRT5,2026-II,12,2026-11-05,P
VG260063,EFSRT5,2026-II,13,2026-11-12,P
VG260063,EFSRT5,2026-II,14,2026-11-19,P
VG260063,EFSRT5,2026-II,15,2026-11-26,P
VG260063,EFSRT5,2026-II,16,2026-12-03,P
VG260064,APS,2026-II,1,2026-08-17,F
VG260064,APS,2026-II,2,2026-08-24,T
VG260064,APS,2026-II,3,2026-08-31,P
VG260064,APS,2026-II,4,2026-09-07,P
VG260064,APS,2026-II,5,2026-09-14,P
VG260064,APS,2026-II,6,2026-09-21,P
VG260064,APS,2026-II,7,2026-09-28,P
VG260064,APS,2026-II,8,2026-10-05,P
VG260064,APS,2026-II,9,2026-10-12,P
VG260064,APS,2026-II,10,2026-10-19,P
VG260064,APS,2026-II,11,2026-10-26,P
VG260064,APS,2026-II,12,2026-11-02,P
VG260064,APS,2026-II,13,2026-11-09,F
VG260064,APS,2026-II,14,2026-11-16,T
VG260064,APS,2026-II,15,2026-11-23,T
VG260064,APS,2026-II,16,2026-11-30,F
VG260064,TBD,2026-II,1,2026-08-18,P
VG260064,TBD,2026-II,2,2026-08-25,F
VG260064,TBD,2026-II,3,2026-09-01,P
VG260064,TBD,2026-II,4,2026-09-08,P
VG260064,TBD,2026-II,5,2026-09-15,P
VG260064,TBD,2026-II,6,2026-09-22,P
VG260064,TBD,2026-II,7,2026-09-29,P
VG260064,TBD,2026-II,8,2026-10-06,P
VG260064,TBD,2026-II,9,2026-10-13,P
VG260064,TBD,2026-II,10,2026-10-20,P
VG260064,TBD,2026-II,11,2026-10-27,P
VG260064,TBD,2026-II,12,2026-11-03,P
VG260064,TBD,2026-II,13,2026-11-10,P
VG260064,TBD,2026-II,14,2026-11-17,F
VG260064,TBD,2026-II,15,2026-11-24,P
VG260064,TBD,2026-II,16,2026-12-01,P
VG260064,FIA,2026-II,1,2026-08-19,P
VG260064,FIA,2026-II,2,2026-08-26,P
VG260064,FIA,2026-II,3,2026-09-02,P
VG260064,FIA,2026-II,4,2026-09-09,P
VG260064,FIA,2026-II,5,2026-09-16,P
VG260064,FIA,2026-II,6,2026-09-23,P
VG260064,FIA,2026-II,7,2026-09-30,P
VG260064,FIA,2026-II,8,2026-10-07,P
VG260064,FIA,2026-II,9,2026-10-14,P
VG260064,FIA,2026-II,10,2026-10-21,P
VG260064,FIA,2026-II,11,2026-10-28,P
VG260064,FIA,2026-II,12,2026-11-04,P
VG260064,FIA,2026-II,13,2026-11-11,P
VG260064,FIA,2026-II,14,2026-11-18,P
VG260064,FIA,2026-II,15,2026-11-25,T
VG260064,FIA,2026-II,16,2026-12-02,P
VG260064,SDE,2026-II,1,2026-08-20,P
VG260064,SDE,2026-II,2,2026-08-27,J
VG260064,SDE,2026-II,3,2026-09-03,P
VG260064,SDE,2026-II,4,2026-09-10,P
VG260064,SDE,2026-II,5,2026-09-17,P
VG260064,SDE,2026-II,6,2026-09-24,F
VG260064,SDE,2026-II,7,2026-10-01,P
VG260064,SDE,2026-II,8,2026-10-08,P
VG260064,SDE,2026-II,9,2026-10-15,P
VG260064,SDE,2026-II,10,2026-10-22,P
VG260064,SDE,2026-II,11,2026-10-29,P
VG260064,SDE,2026-II,12,2026-11-05,P
VG260064,SDE,2026-II,13,2026-11-12,P
VG260064,SDE,2026-II,14,2026-11-19,P
VG260064,SDE,2026-II,15,2026-11-26,P
VG260064,SDE,2026-II,16,2026-12-03,J
VG260064,FCS,2026-II,1,2026-08-21,P
VG260064,FCS,2026-II,2,2026-08-28,P
VG260064,FCS,2026-II,3,2026-09-04,P
VG260064,FCS,2026-II,4,2026-09-11,P
VG260064,FCS,2026-II,5,2026-09-18,P
VG260064,FCS,2026-II,6,2026-09-25,P
VG260064,FCS,2026-II,7,2026-10-02,P
VG260064,FCS,2026-II,8,2026-10-09,P
VG260064,FCS,2026-II,9,2026-10-16,P
VG260064,FCS,2026-II,10,2026-10-23,P
VG260064,FCS,2026-II,11,2026-10-30,P
VG260064,FCS,2026-II,12,2026-11-06,P
VG260064,FCS,2026-II,13,2026-11-13,P
VG260064,FCS,2026-II,14,2026-11-20,P
VG260064,FCS,2026-II,15,2026-11-27,P
VG260064,FCS,2026-II,16,2026-12-04,F
VG260064,EIA,2026-II,1,2026-08-17,P
VG260064,EIA,2026-II,2,2026-08-24,P
VG260064,EIA,2026-II,3,2026-08-31,F
VG260064,EIA,2026-II,4,2026-09-07,P
VG260064,EIA,2026-II,5,2026-09-14,F
VG260064,EIA,2026-II,6,2026-09-21,P
VG260064,EIA,2026-II,7,2026-09-28,P
VG260064,EIA,2026-II,8,2026-10-05,T
VG260064,EIA,2026-II,9,2026-10-12,F
VG260064,EIA,2026-II,10,2026-10-19,P
VG260064,EIA,2026-II,11,2026-10-26,T
VG260064,EIA,2026-II,12,2026-11-02,P
VG260064,EIA,2026-II,13,2026-11-09,P
VG260064,EIA,2026-II,14,2026-11-16,P
VG260064,EIA,2026-II,15,2026-11-23,F
VG260064,EIA,2026-II,16,2026-11-30,P
VG260064,CII,2026-II,1,2026-08-18,P
VG260064,CII,2026-II,2,2026-08-25,F
VG260064,CII,2026-II,3,2026-09-01,T
VG260064,CII,2026-II,4,2026-09-08,P
VG260064,CII,2026-II,5,2026-09-15,P
VG260064,CII,2026-II,6,2026-09-22,P
VG260064,CII,2026-II,7,2026-09-29,P
VG260064,CII,2026-II,8,2026-10-06,P
VG260064,CII,2026-II,9,2026-10-13,P
VG260064,CII,2026-II,10,2026-10-20,J
VG260064,CII,2026-II,11,2026-10-27,P
VG260064,CII,2026-II,12,2026-11-03,P
VG260064,CII,2026-II,13,2026-11-10,F
VG260064,CII,2026-II,14,2026-11-17,P
VG260064,CII,2026-II,15,2026-11-24,P
VG260064,CII,2026-II,16,2026-12-01,P
VG260064,EIT,2026-II,1,2026-08-19,P
VG260064,EIT,2026-II,2,2026-08-26,P
VG260064,EIT,2026-II,3,2026-09-02,T
VG260064,EIT,2026-II,4,2026-09-09,P
VG260064,EIT,2026-II,5,2026-09-16,F
VG260064,EIT,2026-II,6,2026-09-23,T
VG260064,EIT,2026-II,7,2026-09-30,P
VG260064,EIT,2026-II,8,2026-10-07,P
VG260064,EIT,2026-II,9,2026-10-14,P
VG260064,EIT,2026-II,10,2026-10-21,P
VG260064,EIT,2026-II,11,2026-10-28,P
VG260064,EIT,2026-II,12,2026-11-04,P
VG260064,EIT,2026-II,13,2026-11-11,P
VG260064,EIT,2026-II,14,2026-11-18,T
VG260064,EIT,2026-II,15,2026-11-25,P
VG260064,EIT,2026-II,16,2026-12-02,P
VG260064,EFSRT5,2026-II,1,2026-08-20,P
VG260064,EFSRT5,2026-II,2,2026-08-27,P
VG260064,EFSRT5,2026-II,3,2026-09-03,F
VG260064,EFSRT5,2026-II,4,2026-09-10,P
VG260064,EFSRT5,2026-II,5,2026-09-17,P
VG260064,EFSRT5,2026-II,6,2026-09-24,P
VG260064,EFSRT5,2026-II,7,2026-10-01,P
VG260064,EFSRT5,2026-II,8,2026-10-08,P
VG260064,EFSRT5,2026-II,9,2026-10-15,P
VG260064,EFSRT5,2026-II,10,2026-10-22,P
VG260064,EFSRT5,2026-II,11,2026-10-29,T
VG260064,EFSRT5,2026-II,12,2026-11-05,P
VG260064,EFSRT5,2026-II,13,2026-11-12,P
VG260064,EFSRT5,2026-II,14,2026-11-19,P
VG260064,EFSRT5,2026-II,15,2026-11-26,P
VG260064,EFSRT5,2026-II,16,2026-12-03,P
VG260065,APS,2026-II,1,2026-08-17,F
VG260065,APS,2026-II,2,2026-08-24,P
VG260065,APS,2026-II,3,2026-08-31,P
VG260065,APS,2026-II,4,2026-09-07,T
VG260065,APS,2026-II,5,2026-09-14,F
VG260065,APS,2026-II,6,2026-09-21,P
VG260065,APS,2026-II,7,2026-09-28,F
VG260065,APS,2026-II,8,2026-10-05,P
VG260065,APS,2026-II,9,2026-10-12,P
VG260065,APS,2026-II,10,2026-10-19,F
VG260065,APS,2026-II,11,2026-10-26,P
VG260065,APS,2026-II,12,2026-11-02,T
VG260065,APS,2026-II,13,2026-11-09,P
VG260065,APS,2026-II,14,2026-11-16,P
VG260065,APS,2026-II,15,2026-11-23,T
VG260065,APS,2026-II,16,2026-11-30,P
VG260065,TBD,2026-II,1,2026-08-18,P
VG260065,TBD,2026-II,2,2026-08-25,P
VG260065,TBD,2026-II,3,2026-09-01,T
VG260065,TBD,2026-II,4,2026-09-08,P
VG260065,TBD,2026-II,5,2026-09-15,J
VG260065,TBD,2026-II,6,2026-09-22,P
VG260065,TBD,2026-II,7,2026-09-29,P
VG260065,TBD,2026-II,8,2026-10-06,P
VG260065,TBD,2026-II,9,2026-10-13,P
VG260065,TBD,2026-II,10,2026-10-20,P
VG260065,TBD,2026-II,11,2026-10-27,P
VG260065,TBD,2026-II,12,2026-11-03,F
VG260065,TBD,2026-II,13,2026-11-10,P
VG260065,TBD,2026-II,14,2026-11-17,P
VG260065,TBD,2026-II,15,2026-11-24,P
VG260065,TBD,2026-II,16,2026-12-01,T
VG260065,FIA,2026-II,1,2026-08-19,P
VG260065,FIA,2026-II,2,2026-08-26,P
VG260065,FIA,2026-II,3,2026-09-02,P
VG260065,FIA,2026-II,4,2026-09-09,P
VG260065,FIA,2026-II,5,2026-09-16,P
VG260065,FIA,2026-II,6,2026-09-23,P
VG260065,FIA,2026-II,7,2026-09-30,P
VG260065,FIA,2026-II,8,2026-10-07,P
VG260065,FIA,2026-II,9,2026-10-14,F
VG260065,FIA,2026-II,10,2026-10-21,P
VG260065,FIA,2026-II,11,2026-10-28,P
VG260065,FIA,2026-II,12,2026-11-04,P
VG260065,FIA,2026-II,13,2026-11-11,P
VG260065,FIA,2026-II,14,2026-11-18,P
VG260065,FIA,2026-II,15,2026-11-25,P
VG260065,FIA,2026-II,16,2026-12-02,F
VG260065,SDE,2026-II,1,2026-08-20,P
VG260065,SDE,2026-II,2,2026-08-27,P
VG260065,SDE,2026-II,3,2026-09-03,P
VG260065,SDE,2026-II,4,2026-09-10,P
VG260065,SDE,2026-II,5,2026-09-17,P
VG260065,SDE,2026-II,6,2026-09-24,T
VG260065,SDE,2026-II,7,2026-10-01,P
VG260065,SDE,2026-II,8,2026-10-08,P
VG260065,SDE,2026-II,9,2026-10-15,T
VG260065,SDE,2026-II,10,2026-10-22,P
VG260065,SDE,2026-II,11,2026-10-29,F
VG260065,SDE,2026-II,12,2026-11-05,P
VG260065,SDE,2026-II,13,2026-11-12,F
VG260065,SDE,2026-II,14,2026-11-19,P
VG260065,SDE,2026-II,15,2026-11-26,T
VG260065,SDE,2026-II,16,2026-12-03,T
VG260065,FCS,2026-II,1,2026-08-21,T
VG260065,FCS,2026-II,2,2026-08-28,P
VG260065,FCS,2026-II,3,2026-09-04,P
VG260065,FCS,2026-II,4,2026-09-11,F
VG260065,FCS,2026-II,5,2026-09-18,P
VG260065,FCS,2026-II,6,2026-09-25,P
VG260065,FCS,2026-II,7,2026-10-02,P
VG260065,FCS,2026-II,8,2026-10-09,P
VG260065,FCS,2026-II,9,2026-10-16,P
VG260065,FCS,2026-II,10,2026-10-23,P
VG260065,FCS,2026-II,11,2026-10-30,P
VG260065,FCS,2026-II,12,2026-11-06,P
VG260065,FCS,2026-II,13,2026-11-13,P
VG260065,FCS,2026-II,14,2026-11-20,P
VG260065,FCS,2026-II,15,2026-11-27,F
VG260065,FCS,2026-II,16,2026-12-04,P
VG260065,EIA,2026-II,1,2026-08-17,F
VG260065,EIA,2026-II,2,2026-08-24,T
VG260065,EIA,2026-II,3,2026-08-31,P
VG260065,EIA,2026-II,4,2026-09-07,P
VG260065,EIA,2026-II,5,2026-09-14,T
VG260065,EIA,2026-II,6,2026-09-21,P
VG260065,EIA,2026-II,7,2026-09-28,P
VG260065,EIA,2026-II,8,2026-10-05,P
VG260065,EIA,2026-II,9,2026-10-12,P
VG260065,EIA,2026-II,10,2026-10-19,P
VG260065,EIA,2026-II,11,2026-10-26,P
VG260065,EIA,2026-II,12,2026-11-02,P
VG260065,EIA,2026-II,13,2026-11-09,P
VG260065,EIA,2026-II,14,2026-11-16,P
VG260065,EIA,2026-II,15,2026-11-23,P
VG260065,EIA,2026-II,16,2026-11-30,P
VG260065,CII,2026-II,1,2026-08-18,P
VG260065,CII,2026-II,2,2026-08-25,P
VG260065,CII,2026-II,3,2026-09-01,P
VG260065,CII,2026-II,4,2026-09-08,P
VG260065,CII,2026-II,5,2026-09-15,P
VG260065,CII,2026-II,6,2026-09-22,J
VG260065,CII,2026-II,7,2026-09-29,P
VG260065,CII,2026-II,8,2026-10-06,P
VG260065,CII,2026-II,9,2026-10-13,P
VG260065,CII,2026-II,10,2026-10-20,P
VG260065,CII,2026-II,11,2026-10-27,P
VG260065,CII,2026-II,12,2026-11-03,P
VG260065,CII,2026-II,13,2026-11-10,J
VG260065,CII,2026-II,14,2026-11-17,P
VG260065,CII,2026-II,15,2026-11-24,P
VG260065,CII,2026-II,16,2026-12-01,T
VG260065,EIT,2026-II,1,2026-08-19,P
VG260065,EIT,2026-II,2,2026-08-26,P
VG260065,EIT,2026-II,3,2026-09-02,P
VG260065,EIT,2026-II,4,2026-09-09,P
VG260065,EIT,2026-II,5,2026-09-16,P
VG260065,EIT,2026-II,6,2026-09-23,P
VG260065,EIT,2026-II,7,2026-09-30,P
VG260065,EIT,2026-II,8,2026-10-07,F
VG260065,EIT,2026-II,9,2026-10-14,F
VG260065,EIT,2026-II,10,2026-10-21,P
VG260065,EIT,2026-II,11,2026-10-28,P
VG260065,EIT,2026-II,12,2026-11-04,F
VG260065,EIT,2026-II,13,2026-11-11,P
VG260065,EIT,2026-II,14,2026-11-18,J
VG260065,EIT,2026-II,15,2026-11-25,P
VG260065,EIT,2026-II,16,2026-12-02,P
VG260065,EFSRT5,2026-II,1,2026-08-20,P
VG260065,EFSRT5,2026-II,2,2026-08-27,P
VG260065,EFSRT5,2026-II,3,2026-09-03,P
VG260065,EFSRT5,2026-II,4,2026-09-10,F
VG260065,EFSRT5,2026-II,5,2026-09-17,F
VG260065,EFSRT5,2026-II,6,2026-09-24,P
VG260065,EFSRT5,2026-II,7,2026-10-01,P
VG260065,EFSRT5,2026-II,8,2026-10-08,F
VG260065,EFSRT5,2026-II,9,2026-10-15,F
VG260065,EFSRT5,2026-II,10,2026-10-22,F
VG260065,EFSRT5,2026-II,11,2026-10-29,P
VG260065,EFSRT5,2026-II,12,2026-11-05,P
VG260065,EFSRT5,2026-II,13,2026-11-12,P
VG260065,EFSRT5,2026-II,14,2026-11-19,P
VG260065,EFSRT5,2026-II,15,2026-11-26,P
VG260065,EFSRT5,2026-II,16,2026-12-03,P
VG260066,APS,2026-II,1,2026-08-17,F
VG260066,APS,2026-II,2,2026-08-24,P
VG260066,APS,2026-II,3,2026-08-31,P
VG260066,APS,2026-II,4,2026-09-07,P
VG260066,APS,2026-II,5,2026-09-14,P
VG260066,APS,2026-II,6,2026-09-21,F
VG260066,APS,2026-II,7,2026-09-28,P
VG260066,APS,2026-II,8,2026-10-05,P
VG260066,APS,2026-II,9,2026-10-12,P
VG260066,APS,2026-II,10,2026-10-19,P
VG260066,APS,2026-II,11,2026-10-26,P
VG260066,APS,2026-II,12,2026-11-02,F
VG260066,APS,2026-II,13,2026-11-09,P
VG260066,APS,2026-II,14,2026-11-16,P
VG260066,APS,2026-II,15,2026-11-23,P
VG260066,APS,2026-II,16,2026-11-30,P
VG260066,TBD,2026-II,1,2026-08-18,P
VG260066,TBD,2026-II,2,2026-08-25,F
VG260066,TBD,2026-II,3,2026-09-01,P
VG260066,TBD,2026-II,4,2026-09-08,T
VG260066,TBD,2026-II,5,2026-09-15,T
VG260066,TBD,2026-II,6,2026-09-22,P
VG260066,TBD,2026-II,7,2026-09-29,P
VG260066,TBD,2026-II,8,2026-10-06,F
VG260066,TBD,2026-II,9,2026-10-13,J
VG260066,TBD,2026-II,10,2026-10-20,P
VG260066,TBD,2026-II,11,2026-10-27,P
VG260066,TBD,2026-II,12,2026-11-03,P
VG260066,TBD,2026-II,13,2026-11-10,P
VG260066,TBD,2026-II,14,2026-11-17,P
VG260066,TBD,2026-II,15,2026-11-24,T
VG260066,TBD,2026-II,16,2026-12-01,P
VG260066,FIA,2026-II,1,2026-08-19,P
VG260066,FIA,2026-II,2,2026-08-26,P
VG260066,FIA,2026-II,3,2026-09-02,P
VG260066,FIA,2026-II,4,2026-09-09,F
VG260066,FIA,2026-II,5,2026-09-16,P
VG260066,FIA,2026-II,6,2026-09-23,J
VG260066,FIA,2026-II,7,2026-09-30,P
VG260066,FIA,2026-II,8,2026-10-07,P
VG260066,FIA,2026-II,9,2026-10-14,P
VG260066,FIA,2026-II,10,2026-10-21,P
VG260066,FIA,2026-II,11,2026-10-28,P
VG260066,FIA,2026-II,12,2026-11-04,P
VG260066,FIA,2026-II,13,2026-11-11,P
VG260066,FIA,2026-II,14,2026-11-18,P
VG260066,FIA,2026-II,15,2026-11-25,P
VG260066,FIA,2026-II,16,2026-12-02,P
VG260066,SDE,2026-II,1,2026-08-20,P
VG260066,SDE,2026-II,2,2026-08-27,P
VG260066,SDE,2026-II,3,2026-09-03,P
VG260066,SDE,2026-II,4,2026-09-10,P
VG260066,SDE,2026-II,5,2026-09-17,P
VG260066,SDE,2026-II,6,2026-09-24,P
VG260066,SDE,2026-II,7,2026-10-01,P
VG260066,SDE,2026-II,8,2026-10-08,P
VG260066,SDE,2026-II,9,2026-10-15,F
VG260066,SDE,2026-II,10,2026-10-22,P
VG260066,SDE,2026-II,11,2026-10-29,P
VG260066,SDE,2026-II,12,2026-11-05,P
VG260066,SDE,2026-II,13,2026-11-12,P
VG260066,SDE,2026-II,14,2026-11-19,P
VG260066,SDE,2026-II,15,2026-11-26,P
VG260066,SDE,2026-II,16,2026-12-03,P
VG260066,FCS,2026-II,1,2026-08-21,P
VG260066,FCS,2026-II,2,2026-08-28,P
VG260066,FCS,2026-II,3,2026-09-04,P
VG260066,FCS,2026-II,4,2026-09-11,P
VG260066,FCS,2026-II,5,2026-09-18,P
VG260066,FCS,2026-II,6,2026-09-25,P
VG260066,FCS,2026-II,7,2026-10-02,P
VG260066,FCS,2026-II,8,2026-10-09,P
VG260066,FCS,2026-II,9,2026-10-16,P
VG260066,FCS,2026-II,10,2026-10-23,P
VG260066,FCS,2026-II,11,2026-10-30,P
VG260066,FCS,2026-II,12,2026-11-06,P
VG260066,FCS,2026-II,13,2026-11-13,F
VG260066,FCS,2026-II,14,2026-11-20,P
VG260066,FCS,2026-II,15,2026-11-27,P
VG260066,FCS,2026-II,16,2026-12-04,P
VG260066,EIA,2026-II,1,2026-08-17,P
VG260066,EIA,2026-II,2,2026-08-24,P
VG260066,EIA,2026-II,3,2026-08-31,F
VG260066,EIA,2026-II,4,2026-09-07,P
VG260066,EIA,2026-II,5,2026-09-14,P
VG260066,EIA,2026-II,6,2026-09-21,P
VG260066,EIA,2026-II,7,2026-09-28,P
VG260066,EIA,2026-II,8,2026-10-05,F
VG260066,EIA,2026-II,9,2026-10-12,P
VG260066,EIA,2026-II,10,2026-10-19,P
VG260066,EIA,2026-II,11,2026-10-26,P
VG260066,EIA,2026-II,12,2026-11-02,P
VG260066,EIA,2026-II,13,2026-11-09,P
VG260066,EIA,2026-II,14,2026-11-16,P
VG260066,EIA,2026-II,15,2026-11-23,P
VG260066,EIA,2026-II,16,2026-11-30,F
VG260066,CII,2026-II,1,2026-08-18,P
VG260066,CII,2026-II,2,2026-08-25,P
VG260066,CII,2026-II,3,2026-09-01,P
VG260066,CII,2026-II,4,2026-09-08,J
VG260066,CII,2026-II,5,2026-09-15,P
VG260066,CII,2026-II,6,2026-09-22,P
VG260066,CII,2026-II,7,2026-09-29,T
VG260066,CII,2026-II,8,2026-10-06,P
VG260066,CII,2026-II,9,2026-10-13,P
VG260066,CII,2026-II,10,2026-10-20,P
VG260066,CII,2026-II,11,2026-10-27,P
VG260066,CII,2026-II,12,2026-11-03,P
VG260066,CII,2026-II,13,2026-11-10,P
VG260066,CII,2026-II,14,2026-11-17,T
VG260066,CII,2026-II,15,2026-11-24,P
VG260066,CII,2026-II,16,2026-12-01,P
VG260066,EIT,2026-II,1,2026-08-19,P
VG260066,EIT,2026-II,2,2026-08-26,P
VG260066,EIT,2026-II,3,2026-09-02,P
VG260066,EIT,2026-II,4,2026-09-09,F
VG260066,EIT,2026-II,5,2026-09-16,P
VG260066,EIT,2026-II,6,2026-09-23,F
VG260066,EIT,2026-II,7,2026-09-30,P
VG260066,EIT,2026-II,8,2026-10-07,F
VG260066,EIT,2026-II,9,2026-10-14,P
VG260066,EIT,2026-II,10,2026-10-21,P
VG260066,EIT,2026-II,11,2026-10-28,P
VG260066,EIT,2026-II,12,2026-11-04,P
VG260066,EIT,2026-II,13,2026-11-11,P
VG260066,EIT,2026-II,14,2026-11-18,P
VG260066,EIT,2026-II,15,2026-11-25,P
VG260066,EIT,2026-II,16,2026-12-02,T
VG260066,EFSRT5,2026-II,1,2026-08-20,P
VG260066,EFSRT5,2026-II,2,2026-08-27,P
VG260066,EFSRT5,2026-II,3,2026-09-03,P
VG260066,EFSRT5,2026-II,4,2026-09-10,P
VG260066,EFSRT5,2026-II,5,2026-09-17,P
VG260066,EFSRT5,2026-II,6,2026-09-24,P
VG260066,EFSRT5,2026-II,7,2026-10-01,P
VG260066,EFSRT5,2026-II,8,2026-10-08,P
VG260066,EFSRT5,2026-II,9,2026-10-15,P
VG260066,EFSRT5,2026-II,10,2026-10-22,P
VG260066,EFSRT5,2026-II,11,2026-10-29,P
VG260066,EFSRT5,2026-II,12,2026-11-05,P
VG260066,EFSRT5,2026-II,13,2026-11-12,P
VG260066,EFSRT5,2026-II,14,2026-11-19,P
VG260066,EFSRT5,2026-II,15,2026-11-26,P
VG260066,EFSRT5,2026-II,16,2026-12-03,T
VG260067,APS,2026-II,1,2026-08-17,P
VG260067,APS,2026-II,2,2026-08-24,P
VG260067,APS,2026-II,3,2026-08-31,P
VG260067,APS,2026-II,4,2026-09-07,P
VG260067,APS,2026-II,5,2026-09-14,F
VG260067,APS,2026-II,6,2026-09-21,T
VG260067,APS,2026-II,7,2026-09-28,P
VG260067,APS,2026-II,8,2026-10-05,P
VG260067,APS,2026-II,9,2026-10-12,P
VG260067,APS,2026-II,10,2026-10-19,P
VG260067,APS,2026-II,11,2026-10-26,P
VG260067,APS,2026-II,12,2026-11-02,F
VG260067,APS,2026-II,13,2026-11-09,P
VG260067,APS,2026-II,14,2026-11-16,P
VG260067,APS,2026-II,15,2026-11-23,P
VG260067,APS,2026-II,16,2026-11-30,P
VG260067,TBD,2026-II,1,2026-08-18,P
VG260067,TBD,2026-II,2,2026-08-25,P
VG260067,TBD,2026-II,3,2026-09-01,P
VG260067,TBD,2026-II,4,2026-09-08,P
VG260067,TBD,2026-II,5,2026-09-15,P
VG260067,TBD,2026-II,6,2026-09-22,P
VG260067,TBD,2026-II,7,2026-09-29,P
VG260067,TBD,2026-II,8,2026-10-06,F
VG260067,TBD,2026-II,9,2026-10-13,P
VG260067,TBD,2026-II,10,2026-10-20,P
VG260067,TBD,2026-II,11,2026-10-27,P
VG260067,TBD,2026-II,12,2026-11-03,P
VG260067,TBD,2026-II,13,2026-11-10,P
VG260067,TBD,2026-II,14,2026-11-17,F
VG260067,TBD,2026-II,15,2026-11-24,P
VG260067,TBD,2026-II,16,2026-12-01,P
VG260067,FIA,2026-II,1,2026-08-19,P
VG260067,FIA,2026-II,2,2026-08-26,J
VG260067,FIA,2026-II,3,2026-09-02,P
VG260067,FIA,2026-II,4,2026-09-09,P
VG260067,FIA,2026-II,5,2026-09-16,P
VG260067,FIA,2026-II,6,2026-09-23,T
VG260067,FIA,2026-II,7,2026-09-30,P
VG260067,FIA,2026-II,8,2026-10-07,P
VG260067,FIA,2026-II,9,2026-10-14,P
VG260067,FIA,2026-II,10,2026-10-21,P
VG260067,FIA,2026-II,11,2026-10-28,T
VG260067,FIA,2026-II,12,2026-11-04,P
VG260067,FIA,2026-II,13,2026-11-11,P
VG260067,FIA,2026-II,14,2026-11-18,T
VG260067,FIA,2026-II,15,2026-11-25,P
VG260067,FIA,2026-II,16,2026-12-02,P
VG260067,SDE,2026-II,1,2026-08-20,T
VG260067,SDE,2026-II,2,2026-08-27,P
VG260067,SDE,2026-II,3,2026-09-03,F
VG260067,SDE,2026-II,4,2026-09-10,P
VG260067,SDE,2026-II,5,2026-09-17,P
VG260067,SDE,2026-II,6,2026-09-24,P
VG260067,SDE,2026-II,7,2026-10-01,J
VG260067,SDE,2026-II,8,2026-10-08,P
VG260067,SDE,2026-II,9,2026-10-15,F
VG260067,SDE,2026-II,10,2026-10-22,P
VG260067,SDE,2026-II,11,2026-10-29,P
VG260067,SDE,2026-II,12,2026-11-05,P
VG260067,SDE,2026-II,13,2026-11-12,J
VG260067,SDE,2026-II,14,2026-11-19,P
VG260067,SDE,2026-II,15,2026-11-26,P
VG260067,SDE,2026-II,16,2026-12-03,F
VG260067,FCS,2026-II,1,2026-08-21,P
VG260067,FCS,2026-II,2,2026-08-28,P
VG260067,FCS,2026-II,3,2026-09-04,P
VG260067,FCS,2026-II,4,2026-09-11,P
VG260067,FCS,2026-II,5,2026-09-18,P
VG260067,FCS,2026-II,6,2026-09-25,P
VG260067,FCS,2026-II,7,2026-10-02,P
VG260067,FCS,2026-II,8,2026-10-09,T
VG260067,FCS,2026-II,9,2026-10-16,P
VG260067,FCS,2026-II,10,2026-10-23,P
VG260067,FCS,2026-II,11,2026-10-30,P
VG260067,FCS,2026-II,12,2026-11-06,P
VG260067,FCS,2026-II,13,2026-11-13,P
VG260067,FCS,2026-II,14,2026-11-20,F
VG260067,FCS,2026-II,15,2026-11-27,P
VG260067,FCS,2026-II,16,2026-12-04,J
VG260067,EIA,2026-II,1,2026-08-17,T
VG260067,EIA,2026-II,2,2026-08-24,P
VG260067,EIA,2026-II,3,2026-08-31,F
VG260067,EIA,2026-II,4,2026-09-07,P
VG260067,EIA,2026-II,5,2026-09-14,P
VG260067,EIA,2026-II,6,2026-09-21,F
VG260067,EIA,2026-II,7,2026-09-28,P
VG260067,EIA,2026-II,8,2026-10-05,P
VG260067,EIA,2026-II,9,2026-10-12,P
VG260067,EIA,2026-II,10,2026-10-19,P
VG260067,EIA,2026-II,11,2026-10-26,F
VG260067,EIA,2026-II,12,2026-11-02,P
VG260067,EIA,2026-II,13,2026-11-09,P
VG260067,EIA,2026-II,14,2026-11-16,P
VG260067,EIA,2026-II,15,2026-11-23,P
VG260067,EIA,2026-II,16,2026-11-30,P
VG260067,CII,2026-II,1,2026-08-18,P
VG260067,CII,2026-II,2,2026-08-25,F
VG260067,CII,2026-II,3,2026-09-01,P
VG260067,CII,2026-II,4,2026-09-08,F
VG260067,CII,2026-II,5,2026-09-15,P
VG260067,CII,2026-II,6,2026-09-22,T
VG260067,CII,2026-II,7,2026-09-29,P
VG260067,CII,2026-II,8,2026-10-06,P
VG260067,CII,2026-II,9,2026-10-13,P
VG260067,CII,2026-II,10,2026-10-20,T
VG260067,CII,2026-II,11,2026-10-27,P
VG260067,CII,2026-II,12,2026-11-03,P
VG260067,CII,2026-II,13,2026-11-10,T
VG260067,CII,2026-II,14,2026-11-17,P
VG260067,CII,2026-II,15,2026-11-24,P
VG260067,CII,2026-II,16,2026-12-01,P
VG260067,EIT,2026-II,1,2026-08-19,F
VG260067,EIT,2026-II,2,2026-08-26,F
VG260067,EIT,2026-II,3,2026-09-02,P
VG260067,EIT,2026-II,4,2026-09-09,P
VG260067,EIT,2026-II,5,2026-09-16,P
VG260067,EIT,2026-II,6,2026-09-23,F
VG260067,EIT,2026-II,7,2026-09-30,P
VG260067,EIT,2026-II,8,2026-10-07,P
VG260067,EIT,2026-II,9,2026-10-14,P
VG260067,EIT,2026-II,10,2026-10-21,P
VG260067,EIT,2026-II,11,2026-10-28,P
VG260067,EIT,2026-II,12,2026-11-04,P
VG260067,EIT,2026-II,13,2026-11-11,P
VG260067,EIT,2026-II,14,2026-11-18,F
VG260067,EIT,2026-II,15,2026-11-25,P
VG260067,EIT,2026-II,16,2026-12-02,P
VG260067,EFSRT5,2026-II,1,2026-08-20,P
VG260067,EFSRT5,2026-II,2,2026-08-27,F
VG260067,EFSRT5,2026-II,3,2026-09-03,P
VG260067,EFSRT5,2026-II,4,2026-09-10,P
VG260067,EFSRT5,2026-II,5,2026-09-17,P
VG260067,EFSRT5,2026-II,6,2026-09-24,P
VG260067,EFSRT5,2026-II,7,2026-10-01,P
VG260067,EFSRT5,2026-II,8,2026-10-08,P
VG260067,EFSRT5,2026-II,9,2026-10-15,F
VG260067,EFSRT5,2026-II,10,2026-10-22,P
VG260067,EFSRT5,2026-II,11,2026-10-29,P
VG260067,EFSRT5,2026-II,12,2026-11-05,P
VG260067,EFSRT5,2026-II,13,2026-11-12,P
VG260067,EFSRT5,2026-II,14,2026-11-19,P
VG260067,EFSRT5,2026-II,15,2026-11-26,P
VG260067,EFSRT5,2026-II,16,2026-12-03,T
VG260068,APS,2026-II,1,2026-08-17,P
VG260068,APS,2026-II,2,2026-08-24,P
VG260068,APS,2026-II,3,2026-08-31,P
VG260068,APS,2026-II,4,2026-09-07,P
VG260068,APS,2026-II,5,2026-09-14,P
VG260068,APS,2026-II,6,2026-09-21,P
VG260068,APS,2026-II,7,2026-09-28,P
VG260068,APS,2026-II,8,2026-10-05,P
VG260068,APS,2026-II,9,2026-10-12,T
VG260068,APS,2026-II,10,2026-10-19,P
VG260068,APS,2026-II,11,2026-10-26,P
VG260068,APS,2026-II,12,2026-11-02,P
VG260068,APS,2026-II,13,2026-11-09,P
VG260068,APS,2026-II,14,2026-11-16,P
VG260068,APS,2026-II,15,2026-11-23,P
VG260068,APS,2026-II,16,2026-11-30,P
VG260068,TBD,2026-II,1,2026-08-18,P
VG260068,TBD,2026-II,2,2026-08-25,P
VG260068,TBD,2026-II,3,2026-09-01,P
VG260068,TBD,2026-II,4,2026-09-08,P
VG260068,TBD,2026-II,5,2026-09-15,P
VG260068,TBD,2026-II,6,2026-09-22,P
VG260068,TBD,2026-II,7,2026-09-29,P
VG260068,TBD,2026-II,8,2026-10-06,P
VG260068,TBD,2026-II,9,2026-10-13,P
VG260068,TBD,2026-II,10,2026-10-20,P
VG260068,TBD,2026-II,11,2026-10-27,P
VG260068,TBD,2026-II,12,2026-11-03,P
VG260068,TBD,2026-II,13,2026-11-10,P
VG260068,TBD,2026-II,14,2026-11-17,P
VG260068,TBD,2026-II,15,2026-11-24,T
VG260068,TBD,2026-II,16,2026-12-01,P
VG260068,FIA,2026-II,1,2026-08-19,P
VG260068,FIA,2026-II,2,2026-08-26,P
VG260068,FIA,2026-II,3,2026-09-02,P
VG260068,FIA,2026-II,4,2026-09-09,T
VG260068,FIA,2026-II,5,2026-09-16,P
VG260068,FIA,2026-II,6,2026-09-23,P
VG260068,FIA,2026-II,7,2026-09-30,P
VG260068,FIA,2026-II,8,2026-10-07,P
VG260068,FIA,2026-II,9,2026-10-14,P
VG260068,FIA,2026-II,10,2026-10-21,P
VG260068,FIA,2026-II,11,2026-10-28,P
VG260068,FIA,2026-II,12,2026-11-04,P
VG260068,FIA,2026-II,13,2026-11-11,P
VG260068,FIA,2026-II,14,2026-11-18,P
VG260068,FIA,2026-II,15,2026-11-25,P
VG260068,FIA,2026-II,16,2026-12-02,P
VG260068,SDE,2026-II,1,2026-08-20,P
VG260068,SDE,2026-II,2,2026-08-27,P
VG260068,SDE,2026-II,3,2026-09-03,P
VG260068,SDE,2026-II,4,2026-09-10,P
VG260068,SDE,2026-II,5,2026-09-17,P
VG260068,SDE,2026-II,6,2026-09-24,T
VG260068,SDE,2026-II,7,2026-10-01,P
VG260068,SDE,2026-II,8,2026-10-08,T
VG260068,SDE,2026-II,9,2026-10-15,T
VG260068,SDE,2026-II,10,2026-10-22,P
VG260068,SDE,2026-II,11,2026-10-29,P
VG260068,SDE,2026-II,12,2026-11-05,P
VG260068,SDE,2026-II,13,2026-11-12,P
VG260068,SDE,2026-II,14,2026-11-19,P
VG260068,SDE,2026-II,15,2026-11-26,P
VG260068,SDE,2026-II,16,2026-12-03,T
VG260068,FCS,2026-II,1,2026-08-21,P
VG260068,FCS,2026-II,2,2026-08-28,P
VG260068,FCS,2026-II,3,2026-09-04,P
VG260068,FCS,2026-II,4,2026-09-11,P
VG260068,FCS,2026-II,5,2026-09-18,P
VG260068,FCS,2026-II,6,2026-09-25,P
VG260068,FCS,2026-II,7,2026-10-02,P
VG260068,FCS,2026-II,8,2026-10-09,P
VG260068,FCS,2026-II,9,2026-10-16,P
VG260068,FCS,2026-II,10,2026-10-23,P
VG260068,FCS,2026-II,11,2026-10-30,P
VG260068,FCS,2026-II,12,2026-11-06,P
VG260068,FCS,2026-II,13,2026-11-13,P
VG260068,FCS,2026-II,14,2026-11-20,P
VG260068,FCS,2026-II,15,2026-11-27,T
VG260068,FCS,2026-II,16,2026-12-04,T
VG260068,EIA,2026-II,1,2026-08-17,P
VG260068,EIA,2026-II,2,2026-08-24,P
VG260068,EIA,2026-II,3,2026-08-31,P
VG260068,EIA,2026-II,4,2026-09-07,P
VG260068,EIA,2026-II,5,2026-09-14,P
VG260068,EIA,2026-II,6,2026-09-21,P
VG260068,EIA,2026-II,7,2026-09-28,P
VG260068,EIA,2026-II,8,2026-10-05,P
VG260068,EIA,2026-II,9,2026-10-12,P
VG260068,EIA,2026-II,10,2026-10-19,P
VG260068,EIA,2026-II,11,2026-10-26,P
VG260068,EIA,2026-II,12,2026-11-02,P
VG260068,EIA,2026-II,13,2026-11-09,P
VG260068,EIA,2026-II,14,2026-11-16,T
VG260068,EIA,2026-II,15,2026-11-23,P
VG260068,EIA,2026-II,16,2026-11-30,P
VG260068,CII,2026-II,1,2026-08-18,T
VG260068,CII,2026-II,2,2026-08-25,P
VG260068,CII,2026-II,3,2026-09-01,P
VG260068,CII,2026-II,4,2026-09-08,T
VG260068,CII,2026-II,5,2026-09-15,P
VG260068,CII,2026-II,6,2026-09-22,P
VG260068,CII,2026-II,7,2026-09-29,P
VG260068,CII,2026-II,8,2026-10-06,P
VG260068,CII,2026-II,9,2026-10-13,P
VG260068,CII,2026-II,10,2026-10-20,P
VG260068,CII,2026-II,11,2026-10-27,P
VG260068,CII,2026-II,12,2026-11-03,P
VG260068,CII,2026-II,13,2026-11-10,P
VG260068,CII,2026-II,14,2026-11-17,P
VG260068,CII,2026-II,15,2026-11-24,P
VG260068,CII,2026-II,16,2026-12-01,T
VG260068,EIT,2026-II,1,2026-08-19,P
VG260068,EIT,2026-II,2,2026-08-26,P
VG260068,EIT,2026-II,3,2026-09-02,P
VG260068,EIT,2026-II,4,2026-09-09,T
VG260068,EIT,2026-II,5,2026-09-16,P
VG260068,EIT,2026-II,6,2026-09-23,P
VG260068,EIT,2026-II,7,2026-09-30,P
VG260068,EIT,2026-II,8,2026-10-07,P
VG260068,EIT,2026-II,9,2026-10-14,P
VG260068,EIT,2026-II,10,2026-10-21,P
VG260068,EIT,2026-II,11,2026-10-28,P
VG260068,EIT,2026-II,12,2026-11-04,P
VG260068,EIT,2026-II,13,2026-11-11,P
VG260068,EIT,2026-II,14,2026-11-18,P
VG260068,EIT,2026-II,15,2026-11-25,P
VG260068,EIT,2026-II,16,2026-12-02,P
VG260068,EFSRT5,2026-II,1,2026-08-20,P
VG260068,EFSRT5,2026-II,2,2026-08-27,T
VG260068,EFSRT5,2026-II,3,2026-09-03,P
VG260068,EFSRT5,2026-II,4,2026-09-10,P
VG260068,EFSRT5,2026-II,5,2026-09-17,P
VG260068,EFSRT5,2026-II,6,2026-09-24,P
VG260068,EFSRT5,2026-II,7,2026-10-01,P
VG260068,EFSRT5,2026-II,8,2026-10-08,P
VG260068,EFSRT5,2026-II,9,2026-10-15,P
VG260068,EFSRT5,2026-II,10,2026-10-22,T
VG260068,EFSRT5,2026-II,11,2026-10-29,P
VG260068,EFSRT5,2026-II,12,2026-11-05,P
VG260068,EFSRT5,2026-II,13,2026-11-12,P
VG260068,EFSRT5,2026-II,14,2026-11-19,P
VG260068,EFSRT5,2026-II,15,2026-11-26,P
VG260068,EFSRT5,2026-II,16,2026-12-03,P
VG260069,APS,2026-II,1,2026-08-17,P
VG260069,APS,2026-II,2,2026-08-24,P
VG260069,APS,2026-II,3,2026-08-31,T
VG260069,APS,2026-II,4,2026-09-07,P
VG260069,APS,2026-II,5,2026-09-14,P
VG260069,APS,2026-II,6,2026-09-21,F
VG260069,APS,2026-II,7,2026-09-28,P
VG260069,APS,2026-II,8,2026-10-05,P
VG260069,APS,2026-II,9,2026-10-12,P
VG260069,APS,2026-II,10,2026-10-19,P
VG260069,APS,2026-II,11,2026-10-26,T
VG260069,APS,2026-II,12,2026-11-02,P
VG260069,APS,2026-II,13,2026-11-09,T
VG260069,APS,2026-II,14,2026-11-16,F
VG260069,APS,2026-II,15,2026-11-23,J
VG260069,APS,2026-II,16,2026-11-30,P
VG260069,TBD,2026-II,1,2026-08-18,P
VG260069,TBD,2026-II,2,2026-08-25,P
VG260069,TBD,2026-II,3,2026-09-01,P
VG260069,TBD,2026-II,4,2026-09-08,F
VG260069,TBD,2026-II,5,2026-09-15,P
VG260069,TBD,2026-II,6,2026-09-22,P
VG260069,TBD,2026-II,7,2026-09-29,P
VG260069,TBD,2026-II,8,2026-10-06,P
VG260069,TBD,2026-II,9,2026-10-13,P
VG260069,TBD,2026-II,10,2026-10-20,P
VG260069,TBD,2026-II,11,2026-10-27,P
VG260069,TBD,2026-II,12,2026-11-03,T
VG260069,TBD,2026-II,13,2026-11-10,P
VG260069,TBD,2026-II,14,2026-11-17,P
VG260069,TBD,2026-II,15,2026-11-24,P
VG260069,TBD,2026-II,16,2026-12-01,P
VG260069,FIA,2026-II,1,2026-08-19,P
VG260069,FIA,2026-II,2,2026-08-26,F
VG260069,FIA,2026-II,3,2026-09-02,P
VG260069,FIA,2026-II,4,2026-09-09,P
VG260069,FIA,2026-II,5,2026-09-16,P
VG260069,FIA,2026-II,6,2026-09-23,P
VG260069,FIA,2026-II,7,2026-09-30,P
VG260069,FIA,2026-II,8,2026-10-07,P
VG260069,FIA,2026-II,9,2026-10-14,P
VG260069,FIA,2026-II,10,2026-10-21,P
VG260069,FIA,2026-II,11,2026-10-28,F
VG260069,FIA,2026-II,12,2026-11-04,P
VG260069,FIA,2026-II,13,2026-11-11,P
VG260069,FIA,2026-II,14,2026-11-18,P
VG260069,FIA,2026-II,15,2026-11-25,F
VG260069,FIA,2026-II,16,2026-12-02,P
VG260069,SDE,2026-II,1,2026-08-20,P
VG260069,SDE,2026-II,2,2026-08-27,P
VG260069,SDE,2026-II,3,2026-09-03,F
VG260069,SDE,2026-II,4,2026-09-10,P
VG260069,SDE,2026-II,5,2026-09-17,T
VG260069,SDE,2026-II,6,2026-09-24,P
VG260069,SDE,2026-II,7,2026-10-01,P
VG260069,SDE,2026-II,8,2026-10-08,P
VG260069,SDE,2026-II,9,2026-10-15,P
VG260069,SDE,2026-II,10,2026-10-22,F
VG260069,SDE,2026-II,11,2026-10-29,P
VG260069,SDE,2026-II,12,2026-11-05,P
VG260069,SDE,2026-II,13,2026-11-12,P
VG260069,SDE,2026-II,14,2026-11-19,P
VG260069,SDE,2026-II,15,2026-11-26,P
VG260069,SDE,2026-II,16,2026-12-03,P
VG260069,FCS,2026-II,1,2026-08-21,P
VG260069,FCS,2026-II,2,2026-08-28,P
VG260069,FCS,2026-II,3,2026-09-04,P
VG260069,FCS,2026-II,4,2026-09-11,T
VG260069,FCS,2026-II,5,2026-09-18,P
VG260069,FCS,2026-II,6,2026-09-25,P
VG260069,FCS,2026-II,7,2026-10-02,P
VG260069,FCS,2026-II,8,2026-10-09,P
VG260069,FCS,2026-II,9,2026-10-16,P
VG260069,FCS,2026-II,10,2026-10-23,P
VG260069,FCS,2026-II,11,2026-10-30,F
VG260069,FCS,2026-II,12,2026-11-06,P
VG260069,FCS,2026-II,13,2026-11-13,P
VG260069,FCS,2026-II,14,2026-11-20,P
VG260069,FCS,2026-II,15,2026-11-27,P
VG260069,FCS,2026-II,16,2026-12-04,P
VG260069,EIA,2026-II,1,2026-08-17,P
VG260069,EIA,2026-II,2,2026-08-24,P
VG260069,EIA,2026-II,3,2026-08-31,P
VG260069,EIA,2026-II,4,2026-09-07,P
VG260069,EIA,2026-II,5,2026-09-14,P
VG260069,EIA,2026-II,6,2026-09-21,P
VG260069,EIA,2026-II,7,2026-09-28,P
VG260069,EIA,2026-II,8,2026-10-05,P
VG260069,EIA,2026-II,9,2026-10-12,P
VG260069,EIA,2026-II,10,2026-10-19,P
VG260069,EIA,2026-II,11,2026-10-26,P
VG260069,EIA,2026-II,12,2026-11-02,P
VG260069,EIA,2026-II,13,2026-11-09,P
VG260069,EIA,2026-II,14,2026-11-16,P
VG260069,EIA,2026-II,15,2026-11-23,P
VG260069,EIA,2026-II,16,2026-11-30,T
VG260069,CII,2026-II,1,2026-08-18,F
VG260069,CII,2026-II,2,2026-08-25,P
VG260069,CII,2026-II,3,2026-09-01,P
VG260069,CII,2026-II,4,2026-09-08,P
VG260069,CII,2026-II,5,2026-09-15,T
VG260069,CII,2026-II,6,2026-09-22,F
VG260069,CII,2026-II,7,2026-09-29,T
VG260069,CII,2026-II,8,2026-10-06,P
VG260069,CII,2026-II,9,2026-10-13,P
VG260069,CII,2026-II,10,2026-10-20,P
VG260069,CII,2026-II,11,2026-10-27,P
VG260069,CII,2026-II,12,2026-11-03,P
VG260069,CII,2026-II,13,2026-11-10,P
VG260069,CII,2026-II,14,2026-11-17,T
VG260069,CII,2026-II,15,2026-11-24,P
VG260069,CII,2026-II,16,2026-12-01,F
VG260069,EIT,2026-II,1,2026-08-19,P
VG260069,EIT,2026-II,2,2026-08-26,P
VG260069,EIT,2026-II,3,2026-09-02,F
VG260069,EIT,2026-II,4,2026-09-09,F
VG260069,EIT,2026-II,5,2026-09-16,P
VG260069,EIT,2026-II,6,2026-09-23,P
VG260069,EIT,2026-II,7,2026-09-30,P
VG260069,EIT,2026-II,8,2026-10-07,P
VG260069,EIT,2026-II,9,2026-10-14,P
VG260069,EIT,2026-II,10,2026-10-21,P
VG260069,EIT,2026-II,11,2026-10-28,F
VG260069,EIT,2026-II,12,2026-11-04,P
VG260069,EIT,2026-II,13,2026-11-11,F
VG260069,EIT,2026-II,14,2026-11-18,P
VG260069,EIT,2026-II,15,2026-11-25,P
VG260069,EIT,2026-II,16,2026-12-02,P
VG260069,EFSRT5,2026-II,1,2026-08-20,F
VG260069,EFSRT5,2026-II,2,2026-08-27,P
VG260069,EFSRT5,2026-II,3,2026-09-03,P
VG260069,EFSRT5,2026-II,4,2026-09-10,P
VG260069,EFSRT5,2026-II,5,2026-09-17,P
VG260069,EFSRT5,2026-II,6,2026-09-24,P
VG260069,EFSRT5,2026-II,7,2026-10-01,P
VG260069,EFSRT5,2026-II,8,2026-10-08,P
VG260069,EFSRT5,2026-II,9,2026-10-15,P
VG260069,EFSRT5,2026-II,10,2026-10-22,P
VG260069,EFSRT5,2026-II,11,2026-10-29,P
VG260069,EFSRT5,2026-II,12,2026-11-05,P
VG260069,EFSRT5,2026-II,13,2026-11-12,J
VG260069,EFSRT5,2026-II,14,2026-11-19,F
VG260069,EFSRT5,2026-II,15,2026-11-26,P
VG260069,EFSRT5,2026-II,16,2026-12-03,P
VG260070,APS,2026-II,1,2026-08-17,P
VG260070,APS,2026-II,2,2026-08-24,P
VG260070,APS,2026-II,3,2026-08-31,P
VG260070,APS,2026-II,4,2026-09-07,T
VG260070,APS,2026-II,5,2026-09-14,P
VG260070,APS,2026-II,6,2026-09-21,P
VG260070,APS,2026-II,7,2026-09-28,P
VG260070,APS,2026-II,8,2026-10-05,P
VG260070,APS,2026-II,9,2026-10-12,P
VG260070,APS,2026-II,10,2026-10-19,P
VG260070,APS,2026-II,11,2026-10-26,P
VG260070,APS,2026-II,12,2026-11-02,P
VG260070,APS,2026-II,13,2026-11-09,P
VG260070,APS,2026-II,14,2026-11-16,P
VG260070,APS,2026-II,15,2026-11-23,T
VG260070,APS,2026-II,16,2026-11-30,P
VG260070,TBD,2026-II,1,2026-08-18,P
VG260070,TBD,2026-II,2,2026-08-25,P
VG260070,TBD,2026-II,3,2026-09-01,P
VG260070,TBD,2026-II,4,2026-09-08,F
VG260070,TBD,2026-II,5,2026-09-15,P
VG260070,TBD,2026-II,6,2026-09-22,P
VG260070,TBD,2026-II,7,2026-09-29,P
VG260070,TBD,2026-II,8,2026-10-06,P
VG260070,TBD,2026-II,9,2026-10-13,P
VG260070,TBD,2026-II,10,2026-10-20,P
VG260070,TBD,2026-II,11,2026-10-27,P
VG260070,TBD,2026-II,12,2026-11-03,P
VG260070,TBD,2026-II,13,2026-11-10,J
VG260070,TBD,2026-II,14,2026-11-17,P
VG260070,TBD,2026-II,15,2026-11-24,P
VG260070,TBD,2026-II,16,2026-12-01,P
VG260070,FIA,2026-II,1,2026-08-19,P
VG260070,FIA,2026-II,2,2026-08-26,P
VG260070,FIA,2026-II,3,2026-09-02,P
VG260070,FIA,2026-II,4,2026-09-09,P
VG260070,FIA,2026-II,5,2026-09-16,F
VG260070,FIA,2026-II,6,2026-09-23,P
VG260070,FIA,2026-II,7,2026-09-30,P
VG260070,FIA,2026-II,8,2026-10-07,P
VG260070,FIA,2026-II,9,2026-10-14,P
VG260070,FIA,2026-II,10,2026-10-21,P
VG260070,FIA,2026-II,11,2026-10-28,P
VG260070,FIA,2026-II,12,2026-11-04,P
VG260070,FIA,2026-II,13,2026-11-11,P
VG260070,FIA,2026-II,14,2026-11-18,P
VG260070,FIA,2026-II,15,2026-11-25,T
VG260070,FIA,2026-II,16,2026-12-02,P
VG260070,SDE,2026-II,1,2026-08-20,P
VG260070,SDE,2026-II,2,2026-08-27,P
VG260070,SDE,2026-II,3,2026-09-03,P
VG260070,SDE,2026-II,4,2026-09-10,P
VG260070,SDE,2026-II,5,2026-09-17,P
VG260070,SDE,2026-II,6,2026-09-24,P
VG260070,SDE,2026-II,7,2026-10-01,P
VG260070,SDE,2026-II,8,2026-10-08,P
VG260070,SDE,2026-II,9,2026-10-15,P
VG260070,SDE,2026-II,10,2026-10-22,P
VG260070,SDE,2026-II,11,2026-10-29,P
VG260070,SDE,2026-II,12,2026-11-05,T
VG260070,SDE,2026-II,13,2026-11-12,P
VG260070,SDE,2026-II,14,2026-11-19,P
VG260070,SDE,2026-II,15,2026-11-26,P
VG260070,SDE,2026-II,16,2026-12-03,P
VG260070,FCS,2026-II,1,2026-08-21,P
VG260070,FCS,2026-II,2,2026-08-28,P
VG260070,FCS,2026-II,3,2026-09-04,P
VG260070,FCS,2026-II,4,2026-09-11,F
VG260070,FCS,2026-II,5,2026-09-18,P
VG260070,FCS,2026-II,6,2026-09-25,P
VG260070,FCS,2026-II,7,2026-10-02,P
VG260070,FCS,2026-II,8,2026-10-09,P
VG260070,FCS,2026-II,9,2026-10-16,P
VG260070,FCS,2026-II,10,2026-10-23,P
VG260070,FCS,2026-II,11,2026-10-30,T
VG260070,FCS,2026-II,12,2026-11-06,P
VG260070,FCS,2026-II,13,2026-11-13,J
VG260070,FCS,2026-II,14,2026-11-20,P
VG260070,FCS,2026-II,15,2026-11-27,P
VG260070,FCS,2026-II,16,2026-12-04,T
VG260070,EIA,2026-II,1,2026-08-17,P
VG260070,EIA,2026-II,2,2026-08-24,P
VG260070,EIA,2026-II,3,2026-08-31,P
VG260070,EIA,2026-II,4,2026-09-07,P
VG260070,EIA,2026-II,5,2026-09-14,F
VG260070,EIA,2026-II,6,2026-09-21,P
VG260070,EIA,2026-II,7,2026-09-28,P
VG260070,EIA,2026-II,8,2026-10-05,P
VG260070,EIA,2026-II,9,2026-10-12,P
VG260070,EIA,2026-II,10,2026-10-19,P
VG260070,EIA,2026-II,11,2026-10-26,P
VG260070,EIA,2026-II,12,2026-11-02,P
VG260070,EIA,2026-II,13,2026-11-09,P
VG260070,EIA,2026-II,14,2026-11-16,P
VG260070,EIA,2026-II,15,2026-11-23,P
VG260070,EIA,2026-II,16,2026-11-30,P
VG260070,CII,2026-II,1,2026-08-18,P
VG260070,CII,2026-II,2,2026-08-25,P
VG260070,CII,2026-II,3,2026-09-01,P
VG260070,CII,2026-II,4,2026-09-08,P
VG260070,CII,2026-II,5,2026-09-15,P
VG260070,CII,2026-II,6,2026-09-22,P
VG260070,CII,2026-II,7,2026-09-29,P
VG260070,CII,2026-II,8,2026-10-06,P
VG260070,CII,2026-II,9,2026-10-13,P
VG260070,CII,2026-II,10,2026-10-20,P
VG260070,CII,2026-II,11,2026-10-27,T
VG260070,CII,2026-II,12,2026-11-03,P
VG260070,CII,2026-II,13,2026-11-10,P
VG260070,CII,2026-II,14,2026-11-17,P
VG260070,CII,2026-II,15,2026-11-24,P
VG260070,CII,2026-II,16,2026-12-01,P
VG260070,EIT,2026-II,1,2026-08-19,P
VG260070,EIT,2026-II,2,2026-08-26,P
VG260070,EIT,2026-II,3,2026-09-02,F
VG260070,EIT,2026-II,4,2026-09-09,P
VG260070,EIT,2026-II,5,2026-09-16,P
VG260070,EIT,2026-II,6,2026-09-23,P
VG260070,EIT,2026-II,7,2026-09-30,P
VG260070,EIT,2026-II,8,2026-10-07,P
VG260070,EIT,2026-II,9,2026-10-14,P
VG260070,EIT,2026-II,10,2026-10-21,P
VG260070,EIT,2026-II,11,2026-10-28,P
VG260070,EIT,2026-II,12,2026-11-04,P
VG260070,EIT,2026-II,13,2026-11-11,P
VG260070,EIT,2026-II,14,2026-11-18,P
VG260070,EIT,2026-II,15,2026-11-25,P
VG260070,EIT,2026-II,16,2026-12-02,P
VG260070,EFSRT5,2026-II,1,2026-08-20,P
VG260070,EFSRT5,2026-II,2,2026-08-27,P
VG260070,EFSRT5,2026-II,3,2026-09-03,P
VG260070,EFSRT5,2026-II,4,2026-09-10,P
VG260070,EFSRT5,2026-II,5,2026-09-17,P
VG260070,EFSRT5,2026-II,6,2026-09-24,T
VG260070,EFSRT5,2026-II,7,2026-10-01,T
VG260070,EFSRT5,2026-II,8,2026-10-08,P
VG260070,EFSRT5,2026-II,9,2026-10-15,P
VG260070,EFSRT5,2026-II,10,2026-10-22,P
VG260070,EFSRT5,2026-II,11,2026-10-29,P
VG260070,EFSRT5,2026-II,12,2026-11-05,P
VG260070,EFSRT5,2026-II,13,2026-11-12,P
VG260070,EFSRT5,2026-II,14,2026-11-19,P
VG260070,EFSRT5,2026-II,15,2026-11-26,P
VG260070,EFSRT5,2026-II,16,2026-12-03,P
VG260071,APS,2026-II,1,2026-08-17,P
VG260071,APS,2026-II,2,2026-08-24,P
VG260071,APS,2026-II,3,2026-08-31,P
VG260071,APS,2026-II,4,2026-09-07,P
VG260071,APS,2026-II,5,2026-09-14,P
VG260071,APS,2026-II,6,2026-09-21,P
VG260071,APS,2026-II,7,2026-09-28,T
VG260071,APS,2026-II,8,2026-10-05,P
VG260071,APS,2026-II,9,2026-10-12,P
VG260071,APS,2026-II,10,2026-10-19,P
VG260071,APS,2026-II,11,2026-10-26,P
VG260071,APS,2026-II,12,2026-11-02,P
VG260071,APS,2026-II,13,2026-11-09,P
VG260071,APS,2026-II,14,2026-11-16,P
VG260071,APS,2026-II,15,2026-11-23,P
VG260071,APS,2026-II,16,2026-11-30,P
VG260071,TBD,2026-II,1,2026-08-18,P
VG260071,TBD,2026-II,2,2026-08-25,P
VG260071,TBD,2026-II,3,2026-09-01,P
VG260071,TBD,2026-II,4,2026-09-08,P
VG260071,TBD,2026-II,5,2026-09-15,P
VG260071,TBD,2026-II,6,2026-09-22,P
VG260071,TBD,2026-II,7,2026-09-29,P
VG260071,TBD,2026-II,8,2026-10-06,P
VG260071,TBD,2026-II,9,2026-10-13,T
VG260071,TBD,2026-II,10,2026-10-20,P
VG260071,TBD,2026-II,11,2026-10-27,P
VG260071,TBD,2026-II,12,2026-11-03,P
VG260071,TBD,2026-II,13,2026-11-10,P
VG260071,TBD,2026-II,14,2026-11-17,P
VG260071,TBD,2026-II,15,2026-11-24,P
VG260071,TBD,2026-II,16,2026-12-01,P
VG260071,FIA,2026-II,1,2026-08-19,P
VG260071,FIA,2026-II,2,2026-08-26,P
VG260071,FIA,2026-II,3,2026-09-02,P
VG260071,FIA,2026-II,4,2026-09-09,P
VG260071,FIA,2026-II,5,2026-09-16,P
VG260071,FIA,2026-II,6,2026-09-23,P
VG260071,FIA,2026-II,7,2026-09-30,P
VG260071,FIA,2026-II,8,2026-10-07,P
VG260071,FIA,2026-II,9,2026-10-14,P
VG260071,FIA,2026-II,10,2026-10-21,P
VG260071,FIA,2026-II,11,2026-10-28,P
VG260071,FIA,2026-II,12,2026-11-04,P
VG260071,FIA,2026-II,13,2026-11-11,P
VG260071,FIA,2026-II,14,2026-11-18,P
VG260071,FIA,2026-II,15,2026-11-25,P
VG260071,FIA,2026-II,16,2026-12-02,P
VG260071,SDE,2026-II,1,2026-08-20,P
VG260071,SDE,2026-II,2,2026-08-27,P
VG260071,SDE,2026-II,3,2026-09-03,P
VG260071,SDE,2026-II,4,2026-09-10,P
VG260071,SDE,2026-II,5,2026-09-17,P
VG260071,SDE,2026-II,6,2026-09-24,P
VG260071,SDE,2026-II,7,2026-10-01,P
VG260071,SDE,2026-II,8,2026-10-08,P
VG260071,SDE,2026-II,9,2026-10-15,P
VG260071,SDE,2026-II,10,2026-10-22,P
VG260071,SDE,2026-II,11,2026-10-29,P
VG260071,SDE,2026-II,12,2026-11-05,P
VG260071,SDE,2026-II,13,2026-11-12,P
VG260071,SDE,2026-II,14,2026-11-19,P
VG260071,SDE,2026-II,15,2026-11-26,P
VG260071,SDE,2026-II,16,2026-12-03,P
VG260071,FCS,2026-II,1,2026-08-21,T
VG260071,FCS,2026-II,2,2026-08-28,P
VG260071,FCS,2026-II,3,2026-09-04,P
VG260071,FCS,2026-II,4,2026-09-11,P
VG260071,FCS,2026-II,5,2026-09-18,P
VG260071,FCS,2026-II,6,2026-09-25,P
VG260071,FCS,2026-II,7,2026-10-02,P
VG260071,FCS,2026-II,8,2026-10-09,P
VG260071,FCS,2026-II,9,2026-10-16,P
VG260071,FCS,2026-II,10,2026-10-23,P
VG260071,FCS,2026-II,11,2026-10-30,P
VG260071,FCS,2026-II,12,2026-11-06,P
VG260071,FCS,2026-II,13,2026-11-13,P
VG260071,FCS,2026-II,14,2026-11-20,P
VG260071,FCS,2026-II,15,2026-11-27,P
VG260071,FCS,2026-II,16,2026-12-04,P
VG260071,EIA,2026-II,1,2026-08-17,P
VG260071,EIA,2026-II,2,2026-08-24,P
VG260071,EIA,2026-II,3,2026-08-31,P
VG260071,EIA,2026-II,4,2026-09-07,P
VG260071,EIA,2026-II,5,2026-09-14,P
VG260071,EIA,2026-II,6,2026-09-21,P
VG260071,EIA,2026-II,7,2026-09-28,P
VG260071,EIA,2026-II,8,2026-10-05,P
VG260071,EIA,2026-II,9,2026-10-12,P
VG260071,EIA,2026-II,10,2026-10-19,P
VG260071,EIA,2026-II,11,2026-10-26,P
VG260071,EIA,2026-II,12,2026-11-02,P
VG260071,EIA,2026-II,13,2026-11-09,P
VG260071,EIA,2026-II,14,2026-11-16,P
VG260071,EIA,2026-II,15,2026-11-23,P
VG260071,EIA,2026-II,16,2026-11-30,T
VG260071,CII,2026-II,1,2026-08-18,T
VG260071,CII,2026-II,2,2026-08-25,P
VG260071,CII,2026-II,3,2026-09-01,P
VG260071,CII,2026-II,4,2026-09-08,P
VG260071,CII,2026-II,5,2026-09-15,P
VG260071,CII,2026-II,6,2026-09-22,P
VG260071,CII,2026-II,7,2026-09-29,P
VG260071,CII,2026-II,8,2026-10-06,P
VG260071,CII,2026-II,9,2026-10-13,P
VG260071,CII,2026-II,10,2026-10-20,P
VG260071,CII,2026-II,11,2026-10-27,P
VG260071,CII,2026-II,12,2026-11-03,P
VG260071,CII,2026-II,13,2026-11-10,P
VG260071,CII,2026-II,14,2026-11-17,P
VG260071,CII,2026-II,15,2026-11-24,P
VG260071,CII,2026-II,16,2026-12-01,P
VG260071,EIT,2026-II,1,2026-08-19,P
VG260071,EIT,2026-II,2,2026-08-26,P
VG260071,EIT,2026-II,3,2026-09-02,P
VG260071,EIT,2026-II,4,2026-09-09,P
VG260071,EIT,2026-II,5,2026-09-16,P
VG260071,EIT,2026-II,6,2026-09-23,P
VG260071,EIT,2026-II,7,2026-09-30,P
VG260071,EIT,2026-II,8,2026-10-07,P
VG260071,EIT,2026-II,9,2026-10-14,P
VG260071,EIT,2026-II,10,2026-10-21,P
VG260071,EIT,2026-II,11,2026-10-28,P
VG260071,EIT,2026-II,12,2026-11-04,P
VG260071,EIT,2026-II,13,2026-11-11,P
VG260071,EIT,2026-II,14,2026-11-18,P
VG260071,EIT,2026-II,15,2026-11-25,P
VG260071,EIT,2026-II,16,2026-12-02,P
VG260071,EFSRT5,2026-II,1,2026-08-20,P
VG260071,EFSRT5,2026-II,2,2026-08-27,P
VG260071,EFSRT5,2026-II,3,2026-09-03,P
VG260071,EFSRT5,2026-II,4,2026-09-10,T
VG260071,EFSRT5,2026-II,5,2026-09-17,P
VG260071,EFSRT5,2026-II,6,2026-09-24,P
VG260071,EFSRT5,2026-II,7,2026-10-01,P
VG260071,EFSRT5,2026-II,8,2026-10-08,P
VG260071,EFSRT5,2026-II,9,2026-10-15,P
VG260071,EFSRT5,2026-II,10,2026-10-22,P
VG260071,EFSRT5,2026-II,11,2026-10-29,P
VG260071,EFSRT5,2026-II,12,2026-11-05,P
VG260071,EFSRT5,2026-II,13,2026-11-12,P
VG260071,EFSRT5,2026-II,14,2026-11-19,P
VG260071,EFSRT5,2026-II,15,2026-11-26,P
VG260071,EFSRT5,2026-II,16,2026-12-03,P
VG260072,APS,2026-II,1,2026-08-17,P
VG260072,APS,2026-II,2,2026-08-24,P
VG260072,APS,2026-II,3,2026-08-31,P
VG260072,APS,2026-II,4,2026-09-07,P
VG260072,APS,2026-II,5,2026-09-14,P
VG260072,APS,2026-II,6,2026-09-21,P
VG260072,APS,2026-II,7,2026-09-28,P
VG260072,APS,2026-II,8,2026-10-05,P
VG260072,APS,2026-II,9,2026-10-12,P
VG260072,APS,2026-II,10,2026-10-19,P
VG260072,APS,2026-II,11,2026-10-26,P
VG260072,APS,2026-II,12,2026-11-02,P
VG260072,APS,2026-II,13,2026-11-09,P
VG260072,APS,2026-II,14,2026-11-16,P
VG260072,APS,2026-II,15,2026-11-23,P
VG260072,APS,2026-II,16,2026-11-30,P
VG260072,TBD,2026-II,1,2026-08-18,P
VG260072,TBD,2026-II,2,2026-08-25,P
VG260072,TBD,2026-II,3,2026-09-01,P
VG260072,TBD,2026-II,4,2026-09-08,P
VG260072,TBD,2026-II,5,2026-09-15,P
VG260072,TBD,2026-II,6,2026-09-22,P
VG260072,TBD,2026-II,7,2026-09-29,P
VG260072,TBD,2026-II,8,2026-10-06,P
VG260072,TBD,2026-II,9,2026-10-13,P
VG260072,TBD,2026-II,10,2026-10-20,P
VG260072,TBD,2026-II,11,2026-10-27,P
VG260072,TBD,2026-II,12,2026-11-03,P
VG260072,TBD,2026-II,13,2026-11-10,P
VG260072,TBD,2026-II,14,2026-11-17,P
VG260072,TBD,2026-II,15,2026-11-24,P
VG260072,TBD,2026-II,16,2026-12-01,P
VG260072,FIA,2026-II,1,2026-08-19,P
VG260072,FIA,2026-II,2,2026-08-26,P
VG260072,FIA,2026-II,3,2026-09-02,P
VG260072,FIA,2026-II,4,2026-09-09,P
VG260072,FIA,2026-II,5,2026-09-16,J
VG260072,FIA,2026-II,6,2026-09-23,P
VG260072,FIA,2026-II,7,2026-09-30,P
VG260072,FIA,2026-II,8,2026-10-07,P
VG260072,FIA,2026-II,9,2026-10-14,T
VG260072,FIA,2026-II,10,2026-10-21,P
VG260072,FIA,2026-II,11,2026-10-28,T
VG260072,FIA,2026-II,12,2026-11-04,P
VG260072,FIA,2026-II,13,2026-11-11,P
VG260072,FIA,2026-II,14,2026-11-18,T
VG260072,FIA,2026-II,15,2026-11-25,P
VG260072,FIA,2026-II,16,2026-12-02,P
VG260072,SDE,2026-II,1,2026-08-20,P
VG260072,SDE,2026-II,2,2026-08-27,T
VG260072,SDE,2026-II,3,2026-09-03,P
VG260072,SDE,2026-II,4,2026-09-10,P
VG260072,SDE,2026-II,5,2026-09-17,P
VG260072,SDE,2026-II,6,2026-09-24,P
VG260072,SDE,2026-II,7,2026-10-01,P
VG260072,SDE,2026-II,8,2026-10-08,P
VG260072,SDE,2026-II,9,2026-10-15,P
VG260072,SDE,2026-II,10,2026-10-22,P
VG260072,SDE,2026-II,11,2026-10-29,P
VG260072,SDE,2026-II,12,2026-11-05,P
VG260072,SDE,2026-II,13,2026-11-12,P
VG260072,SDE,2026-II,14,2026-11-19,F
VG260072,SDE,2026-II,15,2026-11-26,P
VG260072,SDE,2026-II,16,2026-12-03,P
VG260072,FCS,2026-II,1,2026-08-21,P
VG260072,FCS,2026-II,2,2026-08-28,P
VG260072,FCS,2026-II,3,2026-09-04,P
VG260072,FCS,2026-II,4,2026-09-11,P
VG260072,FCS,2026-II,5,2026-09-18,P
VG260072,FCS,2026-II,6,2026-09-25,F
VG260072,FCS,2026-II,7,2026-10-02,T
VG260072,FCS,2026-II,8,2026-10-09,P
VG260072,FCS,2026-II,9,2026-10-16,P
VG260072,FCS,2026-II,10,2026-10-23,P
VG260072,FCS,2026-II,11,2026-10-30,P
VG260072,FCS,2026-II,12,2026-11-06,P
VG260072,FCS,2026-II,13,2026-11-13,P
VG260072,FCS,2026-II,14,2026-11-20,P
VG260072,FCS,2026-II,15,2026-11-27,P
VG260072,FCS,2026-II,16,2026-12-04,P
VG260072,EIA,2026-II,1,2026-08-17,P
VG260072,EIA,2026-II,2,2026-08-24,P
VG260072,EIA,2026-II,3,2026-08-31,P
VG260072,EIA,2026-II,4,2026-09-07,P
VG260072,EIA,2026-II,5,2026-09-14,P
VG260072,EIA,2026-II,6,2026-09-21,P
VG260072,EIA,2026-II,7,2026-09-28,F
VG260072,EIA,2026-II,8,2026-10-05,P
VG260072,EIA,2026-II,9,2026-10-12,P
VG260072,EIA,2026-II,10,2026-10-19,P
VG260072,EIA,2026-II,11,2026-10-26,P
VG260072,EIA,2026-II,12,2026-11-02,P
VG260072,EIA,2026-II,13,2026-11-09,P
VG260072,EIA,2026-II,14,2026-11-16,P
VG260072,EIA,2026-II,15,2026-11-23,P
VG260072,EIA,2026-II,16,2026-11-30,P
VG260072,CII,2026-II,1,2026-08-18,P
VG260072,CII,2026-II,2,2026-08-25,P
VG260072,CII,2026-II,3,2026-09-01,P
VG260072,CII,2026-II,4,2026-09-08,P
VG260072,CII,2026-II,5,2026-09-15,P
VG260072,CII,2026-II,6,2026-09-22,F
VG260072,CII,2026-II,7,2026-09-29,P
VG260072,CII,2026-II,8,2026-10-06,P
VG260072,CII,2026-II,9,2026-10-13,P
VG260072,CII,2026-II,10,2026-10-20,T
VG260072,CII,2026-II,11,2026-10-27,P
VG260072,CII,2026-II,12,2026-11-03,T
VG260072,CII,2026-II,13,2026-11-10,P
VG260072,CII,2026-II,14,2026-11-17,P
VG260072,CII,2026-II,15,2026-11-24,P
VG260072,CII,2026-II,16,2026-12-01,P
VG260072,EIT,2026-II,1,2026-08-19,P
VG260072,EIT,2026-II,2,2026-08-26,P
VG260072,EIT,2026-II,3,2026-09-02,P
VG260072,EIT,2026-II,4,2026-09-09,P
VG260072,EIT,2026-II,5,2026-09-16,P
VG260072,EIT,2026-II,6,2026-09-23,P
VG260072,EIT,2026-II,7,2026-09-30,P
VG260072,EIT,2026-II,8,2026-10-07,F
VG260072,EIT,2026-II,9,2026-10-14,P
VG260072,EIT,2026-II,10,2026-10-21,P
VG260072,EIT,2026-II,11,2026-10-28,P
VG260072,EIT,2026-II,12,2026-11-04,P
VG260072,EIT,2026-II,13,2026-11-11,P
VG260072,EIT,2026-II,14,2026-11-18,P
VG260072,EIT,2026-II,15,2026-11-25,P
VG260072,EIT,2026-II,16,2026-12-02,F
VG260072,EFSRT5,2026-II,1,2026-08-20,P
VG260072,EFSRT5,2026-II,2,2026-08-27,P
VG260072,EFSRT5,2026-II,3,2026-09-03,P
VG260072,EFSRT5,2026-II,4,2026-09-10,P
VG260072,EFSRT5,2026-II,5,2026-09-17,P
VG260072,EFSRT5,2026-II,6,2026-09-24,P
VG260072,EFSRT5,2026-II,7,2026-10-01,P
VG260072,EFSRT5,2026-II,8,2026-10-08,T
VG260072,EFSRT5,2026-II,9,2026-10-15,P
VG260072,EFSRT5,2026-II,10,2026-10-22,P
VG260072,EFSRT5,2026-II,11,2026-10-29,P
VG260072,EFSRT5,2026-II,12,2026-11-05,T
VG260072,EFSRT5,2026-II,13,2026-11-12,T
VG260072,EFSRT5,2026-II,14,2026-11-19,F
VG260072,EFSRT5,2026-II,15,2026-11-26,P
VG260072,EFSRT5,2026-II,16,2026-12-03,P
VG260073,APS,2026-II,1,2026-08-17,P
VG260073,APS,2026-II,2,2026-08-24,P
VG260073,APS,2026-II,3,2026-08-31,P
VG260073,APS,2026-II,4,2026-09-07,P
VG260073,APS,2026-II,5,2026-09-14,P
VG260073,APS,2026-II,6,2026-09-21,P
VG260073,APS,2026-II,7,2026-09-28,J
VG260073,APS,2026-II,8,2026-10-05,P
VG260073,APS,2026-II,9,2026-10-12,P
VG260073,APS,2026-II,10,2026-10-19,F
VG260073,APS,2026-II,11,2026-10-26,P
VG260073,APS,2026-II,12,2026-11-02,P
VG260073,APS,2026-II,13,2026-11-09,P
VG260073,APS,2026-II,14,2026-11-16,F
VG260073,APS,2026-II,15,2026-11-23,P
VG260073,APS,2026-II,16,2026-11-30,P
VG260073,TBD,2026-II,1,2026-08-18,P
VG260073,TBD,2026-II,2,2026-08-25,P
VG260073,TBD,2026-II,3,2026-09-01,P
VG260073,TBD,2026-II,4,2026-09-08,P
VG260073,TBD,2026-II,5,2026-09-15,P
VG260073,TBD,2026-II,6,2026-09-22,P
VG260073,TBD,2026-II,7,2026-09-29,P
VG260073,TBD,2026-II,8,2026-10-06,P
VG260073,TBD,2026-II,9,2026-10-13,P
VG260073,TBD,2026-II,10,2026-10-20,F
VG260073,TBD,2026-II,11,2026-10-27,P
VG260073,TBD,2026-II,12,2026-11-03,P
VG260073,TBD,2026-II,13,2026-11-10,P
VG260073,TBD,2026-II,14,2026-11-17,P
VG260073,TBD,2026-II,15,2026-11-24,P
VG260073,TBD,2026-II,16,2026-12-01,P
VG260073,FIA,2026-II,1,2026-08-19,T
VG260073,FIA,2026-II,2,2026-08-26,P
VG260073,FIA,2026-II,3,2026-09-02,P
VG260073,FIA,2026-II,4,2026-09-09,F
VG260073,FIA,2026-II,5,2026-09-16,P
VG260073,FIA,2026-II,6,2026-09-23,P
VG260073,FIA,2026-II,7,2026-09-30,P
VG260073,FIA,2026-II,8,2026-10-07,P
VG260073,FIA,2026-II,9,2026-10-14,P
VG260073,FIA,2026-II,10,2026-10-21,P
VG260073,FIA,2026-II,11,2026-10-28,P
VG260073,FIA,2026-II,12,2026-11-04,P
VG260073,FIA,2026-II,13,2026-11-11,P
VG260073,FIA,2026-II,14,2026-11-18,P
VG260073,FIA,2026-II,15,2026-11-25,P
VG260073,FIA,2026-II,16,2026-12-02,P
VG260073,SDE,2026-II,1,2026-08-20,P
VG260073,SDE,2026-II,2,2026-08-27,P
VG260073,SDE,2026-II,3,2026-09-03,P
VG260073,SDE,2026-II,4,2026-09-10,T
VG260073,SDE,2026-II,5,2026-09-17,P
VG260073,SDE,2026-II,6,2026-09-24,P
VG260073,SDE,2026-II,7,2026-10-01,P
VG260073,SDE,2026-II,8,2026-10-08,F
VG260073,SDE,2026-II,9,2026-10-15,T
VG260073,SDE,2026-II,10,2026-10-22,P
VG260073,SDE,2026-II,11,2026-10-29,P
VG260073,SDE,2026-II,12,2026-11-05,P
VG260073,SDE,2026-II,13,2026-11-12,P
VG260073,SDE,2026-II,14,2026-11-19,P
VG260073,SDE,2026-II,15,2026-11-26,F
VG260073,SDE,2026-II,16,2026-12-03,P
VG260073,FCS,2026-II,1,2026-08-21,P
VG260073,FCS,2026-II,2,2026-08-28,P
VG260073,FCS,2026-II,3,2026-09-04,P
VG260073,FCS,2026-II,4,2026-09-11,P
VG260073,FCS,2026-II,5,2026-09-18,P
VG260073,FCS,2026-II,6,2026-09-25,P
VG260073,FCS,2026-II,7,2026-10-02,P
VG260073,FCS,2026-II,8,2026-10-09,F
VG260073,FCS,2026-II,9,2026-10-16,P
VG260073,FCS,2026-II,10,2026-10-23,T
VG260073,FCS,2026-II,11,2026-10-30,P
VG260073,FCS,2026-II,12,2026-11-06,T
VG260073,FCS,2026-II,13,2026-11-13,P
VG260073,FCS,2026-II,14,2026-11-20,P
VG260073,FCS,2026-II,15,2026-11-27,P
VG260073,FCS,2026-II,16,2026-12-04,P
VG260073,EIA,2026-II,1,2026-08-17,P
VG260073,EIA,2026-II,2,2026-08-24,P
VG260073,EIA,2026-II,3,2026-08-31,F
VG260073,EIA,2026-II,4,2026-09-07,P
VG260073,EIA,2026-II,5,2026-09-14,P
VG260073,EIA,2026-II,6,2026-09-21,P
VG260073,EIA,2026-II,7,2026-09-28,P
VG260073,EIA,2026-II,8,2026-10-05,P
VG260073,EIA,2026-II,9,2026-10-12,F
VG260073,EIA,2026-II,10,2026-10-19,P
VG260073,EIA,2026-II,11,2026-10-26,P
VG260073,EIA,2026-II,12,2026-11-02,P
VG260073,EIA,2026-II,13,2026-11-09,P
VG260073,EIA,2026-II,14,2026-11-16,P
VG260073,EIA,2026-II,15,2026-11-23,P
VG260073,EIA,2026-II,16,2026-11-30,F
VG260073,CII,2026-II,1,2026-08-18,P
VG260073,CII,2026-II,2,2026-08-25,P
VG260073,CII,2026-II,3,2026-09-01,P
VG260073,CII,2026-II,4,2026-09-08,P
VG260073,CII,2026-II,5,2026-09-15,P
VG260073,CII,2026-II,6,2026-09-22,P
VG260073,CII,2026-II,7,2026-09-29,P
VG260073,CII,2026-II,8,2026-10-06,P
VG260073,CII,2026-II,9,2026-10-13,P
VG260073,CII,2026-II,10,2026-10-20,F
VG260073,CII,2026-II,11,2026-10-27,P
VG260073,CII,2026-II,12,2026-11-03,P
VG260073,CII,2026-II,13,2026-11-10,P
VG260073,CII,2026-II,14,2026-11-17,F
VG260073,CII,2026-II,15,2026-11-24,P
VG260073,CII,2026-II,16,2026-12-01,T
VG260073,EIT,2026-II,1,2026-08-19,P
VG260073,EIT,2026-II,2,2026-08-26,F
VG260073,EIT,2026-II,3,2026-09-02,P
VG260073,EIT,2026-II,4,2026-09-09,F
VG260073,EIT,2026-II,5,2026-09-16,T
VG260073,EIT,2026-II,6,2026-09-23,P
VG260073,EIT,2026-II,7,2026-09-30,P
VG260073,EIT,2026-II,8,2026-10-07,P
VG260073,EIT,2026-II,9,2026-10-14,F
VG260073,EIT,2026-II,10,2026-10-21,T
VG260073,EIT,2026-II,11,2026-10-28,P
VG260073,EIT,2026-II,12,2026-11-04,P
VG260073,EIT,2026-II,13,2026-11-11,P
VG260073,EIT,2026-II,14,2026-11-18,P
VG260073,EIT,2026-II,15,2026-11-25,P
VG260073,EIT,2026-II,16,2026-12-02,T
VG260073,EFSRT5,2026-II,1,2026-08-20,P
VG260073,EFSRT5,2026-II,2,2026-08-27,P
VG260073,EFSRT5,2026-II,3,2026-09-03,P
VG260073,EFSRT5,2026-II,4,2026-09-10,P
VG260073,EFSRT5,2026-II,5,2026-09-17,P
VG260073,EFSRT5,2026-II,6,2026-09-24,P
VG260073,EFSRT5,2026-II,7,2026-10-01,P
VG260073,EFSRT5,2026-II,8,2026-10-08,P
VG260073,EFSRT5,2026-II,9,2026-10-15,P
VG260073,EFSRT5,2026-II,10,2026-10-22,P
VG260073,EFSRT5,2026-II,11,2026-10-29,P
VG260073,EFSRT5,2026-II,12,2026-11-05,F
VG260073,EFSRT5,2026-II,13,2026-11-12,P
VG260073,EFSRT5,2026-II,14,2026-11-19,F
VG260073,EFSRT5,2026-II,15,2026-11-26,P
VG260073,EFSRT5,2026-II,16,2026-12-03,F
VG260074,APS,2026-II,1,2026-08-17,P
VG260074,APS,2026-II,2,2026-08-24,F
VG260074,APS,2026-II,3,2026-08-31,P
VG260074,APS,2026-II,4,2026-09-07,P
VG260074,APS,2026-II,5,2026-09-14,F
VG260074,APS,2026-II,6,2026-09-21,J
VG260074,APS,2026-II,7,2026-09-28,P
VG260074,APS,2026-II,8,2026-10-05,P
VG260074,APS,2026-II,9,2026-10-12,J
VG260074,APS,2026-II,10,2026-10-19,P
VG260074,APS,2026-II,11,2026-10-26,T
VG260074,APS,2026-II,12,2026-11-02,P
VG260074,APS,2026-II,13,2026-11-09,P
VG260074,APS,2026-II,14,2026-11-16,T
VG260074,APS,2026-II,15,2026-11-23,P
VG260074,APS,2026-II,16,2026-11-30,P
VG260074,TBD,2026-II,1,2026-08-18,F
VG260074,TBD,2026-II,2,2026-08-25,P
VG260074,TBD,2026-II,3,2026-09-01,P
VG260074,TBD,2026-II,4,2026-09-08,P
VG260074,TBD,2026-II,5,2026-09-15,P
VG260074,TBD,2026-II,6,2026-09-22,T
VG260074,TBD,2026-II,7,2026-09-29,P
VG260074,TBD,2026-II,8,2026-10-06,P
VG260074,TBD,2026-II,9,2026-10-13,P
VG260074,TBD,2026-II,10,2026-10-20,P
VG260074,TBD,2026-II,11,2026-10-27,T
VG260074,TBD,2026-II,12,2026-11-03,P
VG260074,TBD,2026-II,13,2026-11-10,P
VG260074,TBD,2026-II,14,2026-11-17,T
VG260074,TBD,2026-II,15,2026-11-24,P
VG260074,TBD,2026-II,16,2026-12-01,P
VG260074,FIA,2026-II,1,2026-08-19,P
VG260074,FIA,2026-II,2,2026-08-26,P
VG260074,FIA,2026-II,3,2026-09-02,P
VG260074,FIA,2026-II,4,2026-09-09,P
VG260074,FIA,2026-II,5,2026-09-16,J
VG260074,FIA,2026-II,6,2026-09-23,F
VG260074,FIA,2026-II,7,2026-09-30,P
VG260074,FIA,2026-II,8,2026-10-07,P
VG260074,FIA,2026-II,9,2026-10-14,J
VG260074,FIA,2026-II,10,2026-10-21,F
VG260074,FIA,2026-II,11,2026-10-28,P
VG260074,FIA,2026-II,12,2026-11-04,P
VG260074,FIA,2026-II,13,2026-11-11,P
VG260074,FIA,2026-II,14,2026-11-18,P
VG260074,FIA,2026-II,15,2026-11-25,P
VG260074,FIA,2026-II,16,2026-12-02,P
VG260074,SDE,2026-II,1,2026-08-20,P
VG260074,SDE,2026-II,2,2026-08-27,P
VG260074,SDE,2026-II,3,2026-09-03,P
VG260074,SDE,2026-II,4,2026-09-10,P
VG260074,SDE,2026-II,5,2026-09-17,P
VG260074,SDE,2026-II,6,2026-09-24,P
VG260074,SDE,2026-II,7,2026-10-01,P
VG260074,SDE,2026-II,8,2026-10-08,P
VG260074,SDE,2026-II,9,2026-10-15,F
VG260074,SDE,2026-II,10,2026-10-22,F
VG260074,SDE,2026-II,11,2026-10-29,P
VG260074,SDE,2026-II,12,2026-11-05,P
VG260074,SDE,2026-II,13,2026-11-12,P
VG260074,SDE,2026-II,14,2026-11-19,P
VG260074,SDE,2026-II,15,2026-11-26,F
VG260074,SDE,2026-II,16,2026-12-03,F
VG260074,FCS,2026-II,1,2026-08-21,P
VG260074,FCS,2026-II,2,2026-08-28,P
VG260074,FCS,2026-II,3,2026-09-04,P
VG260074,FCS,2026-II,4,2026-09-11,P
VG260074,FCS,2026-II,5,2026-09-18,T
VG260074,FCS,2026-II,6,2026-09-25,P
VG260074,FCS,2026-II,7,2026-10-02,F
VG260074,FCS,2026-II,8,2026-10-09,P
VG260074,FCS,2026-II,9,2026-10-16,P
VG260074,FCS,2026-II,10,2026-10-23,P
VG260074,FCS,2026-II,11,2026-10-30,P
VG260074,FCS,2026-II,12,2026-11-06,P
VG260074,FCS,2026-II,13,2026-11-13,P
VG260074,FCS,2026-II,14,2026-11-20,P
VG260074,FCS,2026-II,15,2026-11-27,P
VG260074,FCS,2026-II,16,2026-12-04,P
VG260074,EIA,2026-II,1,2026-08-17,P
VG260074,EIA,2026-II,2,2026-08-24,P
VG260074,EIA,2026-II,3,2026-08-31,T
VG260074,EIA,2026-II,4,2026-09-07,P
VG260074,EIA,2026-II,5,2026-09-14,P
VG260074,EIA,2026-II,6,2026-09-21,P
VG260074,EIA,2026-II,7,2026-09-28,P
VG260074,EIA,2026-II,8,2026-10-05,P
VG260074,EIA,2026-II,9,2026-10-12,F
VG260074,EIA,2026-II,10,2026-10-19,P
VG260074,EIA,2026-II,11,2026-10-26,F
VG260074,EIA,2026-II,12,2026-11-02,P
VG260074,EIA,2026-II,13,2026-11-09,P
VG260074,EIA,2026-II,14,2026-11-16,J
VG260074,EIA,2026-II,15,2026-11-23,T
VG260074,EIA,2026-II,16,2026-11-30,P
VG260074,CII,2026-II,1,2026-08-18,P
VG260074,CII,2026-II,2,2026-08-25,P
VG260074,CII,2026-II,3,2026-09-01,P
VG260074,CII,2026-II,4,2026-09-08,T
VG260074,CII,2026-II,5,2026-09-15,P
VG260074,CII,2026-II,6,2026-09-22,P
VG260074,CII,2026-II,7,2026-09-29,P
VG260074,CII,2026-II,8,2026-10-06,P
VG260074,CII,2026-II,9,2026-10-13,P
VG260074,CII,2026-II,10,2026-10-20,P
VG260074,CII,2026-II,11,2026-10-27,P
VG260074,CII,2026-II,12,2026-11-03,T
VG260074,CII,2026-II,13,2026-11-10,F
VG260074,CII,2026-II,14,2026-11-17,P
VG260074,CII,2026-II,15,2026-11-24,P
VG260074,CII,2026-II,16,2026-12-01,P
VG260074,EIT,2026-II,1,2026-08-19,P
VG260074,EIT,2026-II,2,2026-08-26,P
VG260074,EIT,2026-II,3,2026-09-02,P
VG260074,EIT,2026-II,4,2026-09-09,F
VG260074,EIT,2026-II,5,2026-09-16,J
VG260074,EIT,2026-II,6,2026-09-23,P
VG260074,EIT,2026-II,7,2026-09-30,P
VG260074,EIT,2026-II,8,2026-10-07,P
VG260074,EIT,2026-II,9,2026-10-14,F
VG260074,EIT,2026-II,10,2026-10-21,P
VG260074,EIT,2026-II,11,2026-10-28,F
VG260074,EIT,2026-II,12,2026-11-04,J
VG260074,EIT,2026-II,13,2026-11-11,P
VG260074,EIT,2026-II,14,2026-11-18,F
VG260074,EIT,2026-II,15,2026-11-25,P
VG260074,EIT,2026-II,16,2026-12-02,T
VG260074,EFSRT5,2026-II,1,2026-08-20,P
VG260074,EFSRT5,2026-II,2,2026-08-27,P
VG260074,EFSRT5,2026-II,3,2026-09-03,P
VG260074,EFSRT5,2026-II,4,2026-09-10,P
VG260074,EFSRT5,2026-II,5,2026-09-17,P
VG260074,EFSRT5,2026-II,6,2026-09-24,P
VG260074,EFSRT5,2026-II,7,2026-10-01,P
VG260074,EFSRT5,2026-II,8,2026-10-08,P
VG260074,EFSRT5,2026-II,9,2026-10-15,P
VG260074,EFSRT5,2026-II,10,2026-10-22,T
VG260074,EFSRT5,2026-II,11,2026-10-29,J
VG260074,EFSRT5,2026-II,12,2026-11-05,P
VG260074,EFSRT5,2026-II,13,2026-11-12,P
VG260074,EFSRT5,2026-II,14,2026-11-19,P
VG260074,EFSRT5,2026-II,15,2026-11-26,P
VG260074,EFSRT5,2026-II,16,2026-12-03,P
VG260075,APS,2026-II,1,2026-08-17,P
VG260075,APS,2026-II,2,2026-08-24,P
VG260075,APS,2026-II,3,2026-08-31,P
VG260075,APS,2026-II,4,2026-09-07,P
VG260075,APS,2026-II,5,2026-09-14,P
VG260075,APS,2026-II,6,2026-09-21,P
VG260075,APS,2026-II,7,2026-09-28,P
VG260075,APS,2026-II,8,2026-10-05,P
VG260075,APS,2026-II,9,2026-10-12,P
VG260075,APS,2026-II,10,2026-10-19,P
VG260075,APS,2026-II,11,2026-10-26,P
VG260075,APS,2026-II,12,2026-11-02,P
VG260075,APS,2026-II,13,2026-11-09,P
VG260075,APS,2026-II,14,2026-11-16,P
VG260075,APS,2026-II,15,2026-11-23,P
VG260075,APS,2026-II,16,2026-11-30,P
VG260075,TBD,2026-II,1,2026-08-18,P
VG260075,TBD,2026-II,2,2026-08-25,P
VG260075,TBD,2026-II,3,2026-09-01,P
VG260075,TBD,2026-II,4,2026-09-08,P
VG260075,TBD,2026-II,5,2026-09-15,T
VG260075,TBD,2026-II,6,2026-09-22,P
VG260075,TBD,2026-II,7,2026-09-29,P
VG260075,TBD,2026-II,8,2026-10-06,P
VG260075,TBD,2026-II,9,2026-10-13,P
VG260075,TBD,2026-II,10,2026-10-20,P
VG260075,TBD,2026-II,11,2026-10-27,P
VG260075,TBD,2026-II,12,2026-11-03,P
VG260075,TBD,2026-II,13,2026-11-10,P
VG260075,TBD,2026-II,14,2026-11-17,P
VG260075,TBD,2026-II,15,2026-11-24,P
VG260075,TBD,2026-II,16,2026-12-01,P
VG260075,FIA,2026-II,1,2026-08-19,P
VG260075,FIA,2026-II,2,2026-08-26,P
VG260075,FIA,2026-II,3,2026-09-02,P
VG260075,FIA,2026-II,4,2026-09-09,P
VG260075,FIA,2026-II,5,2026-09-16,P
VG260075,FIA,2026-II,6,2026-09-23,P
VG260075,FIA,2026-II,7,2026-09-30,P
VG260075,FIA,2026-II,8,2026-10-07,P
VG260075,FIA,2026-II,9,2026-10-14,P
VG260075,FIA,2026-II,10,2026-10-21,P
VG260075,FIA,2026-II,11,2026-10-28,P
VG260075,FIA,2026-II,12,2026-11-04,P
VG260075,FIA,2026-II,13,2026-11-11,P
VG260075,FIA,2026-II,14,2026-11-18,P
VG260075,FIA,2026-II,15,2026-11-25,T
VG260075,FIA,2026-II,16,2026-12-02,P
VG260075,SDE,2026-II,1,2026-08-20,P
VG260075,SDE,2026-II,2,2026-08-27,P
VG260075,SDE,2026-II,3,2026-09-03,P
VG260075,SDE,2026-II,4,2026-09-10,P
VG260075,SDE,2026-II,5,2026-09-17,P
VG260075,SDE,2026-II,6,2026-09-24,P
VG260075,SDE,2026-II,7,2026-10-01,T
VG260075,SDE,2026-II,8,2026-10-08,P
VG260075,SDE,2026-II,9,2026-10-15,P
VG260075,SDE,2026-II,10,2026-10-22,P
VG260075,SDE,2026-II,11,2026-10-29,P
VG260075,SDE,2026-II,12,2026-11-05,P
VG260075,SDE,2026-II,13,2026-11-12,P
VG260075,SDE,2026-II,14,2026-11-19,P
VG260075,SDE,2026-II,15,2026-11-26,P
VG260075,SDE,2026-II,16,2026-12-03,P
VG260075,FCS,2026-II,1,2026-08-21,T
VG260075,FCS,2026-II,2,2026-08-28,P
VG260075,FCS,2026-II,3,2026-09-04,P
VG260075,FCS,2026-II,4,2026-09-11,P
VG260075,FCS,2026-II,5,2026-09-18,P
VG260075,FCS,2026-II,6,2026-09-25,P
VG260075,FCS,2026-II,7,2026-10-02,P
VG260075,FCS,2026-II,8,2026-10-09,P
VG260075,FCS,2026-II,9,2026-10-16,P
VG260075,FCS,2026-II,10,2026-10-23,T
VG260075,FCS,2026-II,11,2026-10-30,P
VG260075,FCS,2026-II,12,2026-11-06,P
VG260075,FCS,2026-II,13,2026-11-13,T
VG260075,FCS,2026-II,14,2026-11-20,P
VG260075,FCS,2026-II,15,2026-11-27,P
VG260075,FCS,2026-II,16,2026-12-04,P
VG260075,EIA,2026-II,1,2026-08-17,P
VG260075,EIA,2026-II,2,2026-08-24,P
VG260075,EIA,2026-II,3,2026-08-31,P
VG260075,EIA,2026-II,4,2026-09-07,T
VG260075,EIA,2026-II,5,2026-09-14,P
VG260075,EIA,2026-II,6,2026-09-21,P
VG260075,EIA,2026-II,7,2026-09-28,P
VG260075,EIA,2026-II,8,2026-10-05,P
VG260075,EIA,2026-II,9,2026-10-12,T
VG260075,EIA,2026-II,10,2026-10-19,P
VG260075,EIA,2026-II,11,2026-10-26,P
VG260075,EIA,2026-II,12,2026-11-02,P
VG260075,EIA,2026-II,13,2026-11-09,P
VG260075,EIA,2026-II,14,2026-11-16,P
VG260075,EIA,2026-II,15,2026-11-23,P
VG260075,EIA,2026-II,16,2026-11-30,P
VG260075,CII,2026-II,1,2026-08-18,P
VG260075,CII,2026-II,2,2026-08-25,P
VG260075,CII,2026-II,3,2026-09-01,P
VG260075,CII,2026-II,4,2026-09-08,P
VG260075,CII,2026-II,5,2026-09-15,P
VG260075,CII,2026-II,6,2026-09-22,P
VG260075,CII,2026-II,7,2026-09-29,T
VG260075,CII,2026-II,8,2026-10-06,P
VG260075,CII,2026-II,9,2026-10-13,P
VG260075,CII,2026-II,10,2026-10-20,P
VG260075,CII,2026-II,11,2026-10-27,P
VG260075,CII,2026-II,12,2026-11-03,P
VG260075,CII,2026-II,13,2026-11-10,P
VG260075,CII,2026-II,14,2026-11-17,P
VG260075,CII,2026-II,15,2026-11-24,P
VG260075,CII,2026-II,16,2026-12-01,P
VG260075,EIT,2026-II,1,2026-08-19,P
VG260075,EIT,2026-II,2,2026-08-26,P
VG260075,EIT,2026-II,3,2026-09-02,P
VG260075,EIT,2026-II,4,2026-09-09,P
VG260075,EIT,2026-II,5,2026-09-16,P
VG260075,EIT,2026-II,6,2026-09-23,P
VG260075,EIT,2026-II,7,2026-09-30,P
VG260075,EIT,2026-II,8,2026-10-07,P
VG260075,EIT,2026-II,9,2026-10-14,P
VG260075,EIT,2026-II,10,2026-10-21,P
VG260075,EIT,2026-II,11,2026-10-28,P
VG260075,EIT,2026-II,12,2026-11-04,P
VG260075,EIT,2026-II,13,2026-11-11,P
VG260075,EIT,2026-II,14,2026-11-18,P
VG260075,EIT,2026-II,15,2026-11-25,P
VG260075,EIT,2026-II,16,2026-12-02,P
VG260075,EFSRT5,2026-II,1,2026-08-20,P
VG260075,EFSRT5,2026-II,2,2026-08-27,P
VG260075,EFSRT5,2026-II,3,2026-09-03,P
VG260075,EFSRT5,2026-II,4,2026-09-10,P
VG260075,EFSRT5,2026-II,5,2026-09-17,P
VG260075,EFSRT5,2026-II,6,2026-09-24,P
VG260075,EFSRT5,2026-II,7,2026-10-01,P
VG260075,EFSRT5,2026-II,8,2026-10-08,P
VG260075,EFSRT5,2026-II,9,2026-10-15,P
VG260075,EFSRT5,2026-II,10,2026-10-22,P
VG260075,EFSRT5,2026-II,11,2026-10-29,P
VG260075,EFSRT5,2026-II,12,2026-11-05,T
VG260075,EFSRT5,2026-II,13,2026-11-12,P
VG260075,EFSRT5,2026-II,14,2026-11-19,T
VG260075,EFSRT5,2026-II,15,2026-11-26,P
VG260075,EFSRT5,2026-II,16,2026-12-03,P
VG260076,APS,2026-II,1,2026-08-17,P
VG260076,APS,2026-II,2,2026-08-24,P
VG260076,APS,2026-II,3,2026-08-31,P
VG260076,APS,2026-II,4,2026-09-07,P
VG260076,APS,2026-II,5,2026-09-14,P
VG260076,APS,2026-II,6,2026-09-21,P
VG260076,APS,2026-II,7,2026-09-28,P
VG260076,APS,2026-II,8,2026-10-05,P
VG260076,APS,2026-II,9,2026-10-12,P
VG260076,APS,2026-II,10,2026-10-19,P
VG260076,APS,2026-II,11,2026-10-26,F
VG260076,APS,2026-II,12,2026-11-02,T
VG260076,APS,2026-II,13,2026-11-09,P
VG260076,APS,2026-II,14,2026-11-16,T
VG260076,APS,2026-II,15,2026-11-23,P
VG260076,APS,2026-II,16,2026-11-30,P
VG260076,TBD,2026-II,1,2026-08-18,P
VG260076,TBD,2026-II,2,2026-08-25,P
VG260076,TBD,2026-II,3,2026-09-01,P
VG260076,TBD,2026-II,4,2026-09-08,P
VG260076,TBD,2026-II,5,2026-09-15,P
VG260076,TBD,2026-II,6,2026-09-22,P
VG260076,TBD,2026-II,7,2026-09-29,P
VG260076,TBD,2026-II,8,2026-10-06,P
VG260076,TBD,2026-II,9,2026-10-13,P
VG260076,TBD,2026-II,10,2026-10-20,P
VG260076,TBD,2026-II,11,2026-10-27,P
VG260076,TBD,2026-II,12,2026-11-03,P
VG260076,TBD,2026-II,13,2026-11-10,P
VG260076,TBD,2026-II,14,2026-11-17,P
VG260076,TBD,2026-II,15,2026-11-24,J
VG260076,TBD,2026-II,16,2026-12-01,P
VG260076,FIA,2026-II,1,2026-08-19,T
VG260076,FIA,2026-II,2,2026-08-26,P
VG260076,FIA,2026-II,3,2026-09-02,P
VG260076,FIA,2026-II,4,2026-09-09,P
VG260076,FIA,2026-II,5,2026-09-16,J
VG260076,FIA,2026-II,6,2026-09-23,P
VG260076,FIA,2026-II,7,2026-09-30,P
VG260076,FIA,2026-II,8,2026-10-07,P
VG260076,FIA,2026-II,9,2026-10-14,P
VG260076,FIA,2026-II,10,2026-10-21,P
VG260076,FIA,2026-II,11,2026-10-28,P
VG260076,FIA,2026-II,12,2026-11-04,T
VG260076,FIA,2026-II,13,2026-11-11,P
VG260076,FIA,2026-II,14,2026-11-18,P
VG260076,FIA,2026-II,15,2026-11-25,P
VG260076,FIA,2026-II,16,2026-12-02,P
VG260076,SDE,2026-II,1,2026-08-20,P
VG260076,SDE,2026-II,2,2026-08-27,P
VG260076,SDE,2026-II,3,2026-09-03,P
VG260076,SDE,2026-II,4,2026-09-10,J
VG260076,SDE,2026-II,5,2026-09-17,T
VG260076,SDE,2026-II,6,2026-09-24,P
VG260076,SDE,2026-II,7,2026-10-01,T
VG260076,SDE,2026-II,8,2026-10-08,P
VG260076,SDE,2026-II,9,2026-10-15,P
VG260076,SDE,2026-II,10,2026-10-22,P
VG260076,SDE,2026-II,11,2026-10-29,T
VG260076,SDE,2026-II,12,2026-11-05,F
VG260076,SDE,2026-II,13,2026-11-12,P
VG260076,SDE,2026-II,14,2026-11-19,P
VG260076,SDE,2026-II,15,2026-11-26,P
VG260076,SDE,2026-II,16,2026-12-03,P
VG260076,FCS,2026-II,1,2026-08-21,P
VG260076,FCS,2026-II,2,2026-08-28,P
VG260076,FCS,2026-II,3,2026-09-04,P
VG260076,FCS,2026-II,4,2026-09-11,P
VG260076,FCS,2026-II,5,2026-09-18,P
VG260076,FCS,2026-II,6,2026-09-25,P
VG260076,FCS,2026-II,7,2026-10-02,P
VG260076,FCS,2026-II,8,2026-10-09,P
VG260076,FCS,2026-II,9,2026-10-16,P
VG260076,FCS,2026-II,10,2026-10-23,P
VG260076,FCS,2026-II,11,2026-10-30,P
VG260076,FCS,2026-II,12,2026-11-06,F
VG260076,FCS,2026-II,13,2026-11-13,P
VG260076,FCS,2026-II,14,2026-11-20,F
VG260076,FCS,2026-II,15,2026-11-27,P
VG260076,FCS,2026-II,16,2026-12-04,P
VG260076,EIA,2026-II,1,2026-08-17,F
VG260076,EIA,2026-II,2,2026-08-24,P
VG260076,EIA,2026-II,3,2026-08-31,P
VG260076,EIA,2026-II,4,2026-09-07,P
VG260076,EIA,2026-II,5,2026-09-14,P
VG260076,EIA,2026-II,6,2026-09-21,P
VG260076,EIA,2026-II,7,2026-09-28,P
VG260076,EIA,2026-II,8,2026-10-05,P
VG260076,EIA,2026-II,9,2026-10-12,P
VG260076,EIA,2026-II,10,2026-10-19,P
VG260076,EIA,2026-II,11,2026-10-26,P
VG260076,EIA,2026-II,12,2026-11-02,P
VG260076,EIA,2026-II,13,2026-11-09,P
VG260076,EIA,2026-II,14,2026-11-16,T
VG260076,EIA,2026-II,15,2026-11-23,P
VG260076,EIA,2026-II,16,2026-11-30,P
VG260076,CII,2026-II,1,2026-08-18,P
VG260076,CII,2026-II,2,2026-08-25,T
VG260076,CII,2026-II,3,2026-09-01,P
VG260076,CII,2026-II,4,2026-09-08,F
VG260076,CII,2026-II,5,2026-09-15,F
VG260076,CII,2026-II,6,2026-09-22,P
VG260076,CII,2026-II,7,2026-09-29,P
VG260076,CII,2026-II,8,2026-10-06,P
VG260076,CII,2026-II,9,2026-10-13,P
VG260076,CII,2026-II,10,2026-10-20,P
VG260076,CII,2026-II,11,2026-10-27,P
VG260076,CII,2026-II,12,2026-11-03,P
VG260076,CII,2026-II,13,2026-11-10,P
VG260076,CII,2026-II,14,2026-11-17,P
VG260076,CII,2026-II,15,2026-11-24,P
VG260076,CII,2026-II,16,2026-12-01,P
VG260076,EIT,2026-II,1,2026-08-19,P
VG260076,EIT,2026-II,2,2026-08-26,P
VG260076,EIT,2026-II,3,2026-09-02,P
VG260076,EIT,2026-II,4,2026-09-09,J
VG260076,EIT,2026-II,5,2026-09-16,P
VG260076,EIT,2026-II,6,2026-09-23,T
VG260076,EIT,2026-II,7,2026-09-30,P
VG260076,EIT,2026-II,8,2026-10-07,P
VG260076,EIT,2026-II,9,2026-10-14,P
VG260076,EIT,2026-II,10,2026-10-21,P
VG260076,EIT,2026-II,11,2026-10-28,P
VG260076,EIT,2026-II,12,2026-11-04,P
VG260076,EIT,2026-II,13,2026-11-11,P
VG260076,EIT,2026-II,14,2026-11-18,P
VG260076,EIT,2026-II,15,2026-11-25,J
VG260076,EIT,2026-II,16,2026-12-02,P
VG260076,EFSRT5,2026-II,1,2026-08-20,P
VG260076,EFSRT5,2026-II,2,2026-08-27,P
VG260076,EFSRT5,2026-II,3,2026-09-03,F
VG260076,EFSRT5,2026-II,4,2026-09-10,P
VG260076,EFSRT5,2026-II,5,2026-09-17,T
VG260076,EFSRT5,2026-II,6,2026-09-24,F
VG260076,EFSRT5,2026-II,7,2026-10-01,F
VG260076,EFSRT5,2026-II,8,2026-10-08,P
VG260076,EFSRT5,2026-II,9,2026-10-15,P
VG260076,EFSRT5,2026-II,10,2026-10-22,P
VG260076,EFSRT5,2026-II,11,2026-10-29,F
VG260076,EFSRT5,2026-II,12,2026-11-05,P
VG260076,EFSRT5,2026-II,13,2026-11-12,P
VG260076,EFSRT5,2026-II,14,2026-11-19,P
VG260076,EFSRT5,2026-II,15,2026-11-26,P
VG260076,EFSRT5,2026-II,16,2026-12-03,P
VG260077,APS,2026-II,1,2026-08-17,P
VG260077,APS,2026-II,2,2026-08-24,P
VG260077,APS,2026-II,3,2026-08-31,P
VG260077,APS,2026-II,4,2026-09-07,P
VG260077,APS,2026-II,5,2026-09-14,P
VG260077,APS,2026-II,6,2026-09-21,P
VG260077,APS,2026-II,7,2026-09-28,T
VG260077,APS,2026-II,8,2026-10-05,P
VG260077,APS,2026-II,9,2026-10-12,P
VG260077,APS,2026-II,10,2026-10-19,P
VG260077,APS,2026-II,11,2026-10-26,T
VG260077,APS,2026-II,12,2026-11-02,P
VG260077,APS,2026-II,13,2026-11-09,P
VG260077,APS,2026-II,14,2026-11-16,T
VG260077,APS,2026-II,15,2026-11-23,P
VG260077,APS,2026-II,16,2026-11-30,P
VG260077,TBD,2026-II,1,2026-08-18,P
VG260077,TBD,2026-II,2,2026-08-25,P
VG260077,TBD,2026-II,3,2026-09-01,P
VG260077,TBD,2026-II,4,2026-09-08,P
VG260077,TBD,2026-II,5,2026-09-15,P
VG260077,TBD,2026-II,6,2026-09-22,P
VG260077,TBD,2026-II,7,2026-09-29,P
VG260077,TBD,2026-II,8,2026-10-06,P
VG260077,TBD,2026-II,9,2026-10-13,P
VG260077,TBD,2026-II,10,2026-10-20,P
VG260077,TBD,2026-II,11,2026-10-27,P
VG260077,TBD,2026-II,12,2026-11-03,P
VG260077,TBD,2026-II,13,2026-11-10,P
VG260077,TBD,2026-II,14,2026-11-17,J
VG260077,TBD,2026-II,15,2026-11-24,P
VG260077,TBD,2026-II,16,2026-12-01,P
VG260077,FIA,2026-II,1,2026-08-19,P
VG260077,FIA,2026-II,2,2026-08-26,P
VG260077,FIA,2026-II,3,2026-09-02,P
VG260077,FIA,2026-II,4,2026-09-09,P
VG260077,FIA,2026-II,5,2026-09-16,P
VG260077,FIA,2026-II,6,2026-09-23,P
VG260077,FIA,2026-II,7,2026-09-30,P
VG260077,FIA,2026-II,8,2026-10-07,P
VG260077,FIA,2026-II,9,2026-10-14,P
VG260077,FIA,2026-II,10,2026-10-21,T
VG260077,FIA,2026-II,11,2026-10-28,P
VG260077,FIA,2026-II,12,2026-11-04,P
VG260077,FIA,2026-II,13,2026-11-11,P
VG260077,FIA,2026-II,14,2026-11-18,P
VG260077,FIA,2026-II,15,2026-11-25,P
VG260077,FIA,2026-II,16,2026-12-02,P
VG260077,SDE,2026-II,1,2026-08-20,T
VG260077,SDE,2026-II,2,2026-08-27,P
VG260077,SDE,2026-II,3,2026-09-03,T
VG260077,SDE,2026-II,4,2026-09-10,T
VG260077,SDE,2026-II,5,2026-09-17,P
VG260077,SDE,2026-II,6,2026-09-24,P
VG260077,SDE,2026-II,7,2026-10-01,P
VG260077,SDE,2026-II,8,2026-10-08,P
VG260077,SDE,2026-II,9,2026-10-15,P
VG260077,SDE,2026-II,10,2026-10-22,P
VG260077,SDE,2026-II,11,2026-10-29,P
VG260077,SDE,2026-II,12,2026-11-05,P
VG260077,SDE,2026-II,13,2026-11-12,P
VG260077,SDE,2026-II,14,2026-11-19,P
VG260077,SDE,2026-II,15,2026-11-26,P
VG260077,SDE,2026-II,16,2026-12-03,P
VG260077,FCS,2026-II,1,2026-08-21,P
VG260077,FCS,2026-II,2,2026-08-28,P
VG260077,FCS,2026-II,3,2026-09-04,P
VG260077,FCS,2026-II,4,2026-09-11,P
VG260077,FCS,2026-II,5,2026-09-18,P
VG260077,FCS,2026-II,6,2026-09-25,P
VG260077,FCS,2026-II,7,2026-10-02,P
VG260077,FCS,2026-II,8,2026-10-09,P
VG260077,FCS,2026-II,9,2026-10-16,P
VG260077,FCS,2026-II,10,2026-10-23,P
VG260077,FCS,2026-II,11,2026-10-30,P
VG260077,FCS,2026-II,12,2026-11-06,P
VG260077,FCS,2026-II,13,2026-11-13,P
VG260077,FCS,2026-II,14,2026-11-20,P
VG260077,FCS,2026-II,15,2026-11-27,T
VG260077,FCS,2026-II,16,2026-12-04,P
VG260077,EIA,2026-II,1,2026-08-17,P
VG260077,EIA,2026-II,2,2026-08-24,T
VG260077,EIA,2026-II,3,2026-08-31,P
VG260077,EIA,2026-II,4,2026-09-07,P
VG260077,EIA,2026-II,5,2026-09-14,P
VG260077,EIA,2026-II,6,2026-09-21,P
VG260077,EIA,2026-II,7,2026-09-28,P
VG260077,EIA,2026-II,8,2026-10-05,P
VG260077,EIA,2026-II,9,2026-10-12,P
VG260077,EIA,2026-II,10,2026-10-19,P
VG260077,EIA,2026-II,11,2026-10-26,P
VG260077,EIA,2026-II,12,2026-11-02,P
VG260077,EIA,2026-II,13,2026-11-09,P
VG260077,EIA,2026-II,14,2026-11-16,P
VG260077,EIA,2026-II,15,2026-11-23,P
VG260077,EIA,2026-II,16,2026-11-30,P
VG260077,CII,2026-II,1,2026-08-18,P
VG260077,CII,2026-II,2,2026-08-25,P
VG260077,CII,2026-II,3,2026-09-01,P
VG260077,CII,2026-II,4,2026-09-08,P
VG260077,CII,2026-II,5,2026-09-15,P
VG260077,CII,2026-II,6,2026-09-22,P
VG260077,CII,2026-II,7,2026-09-29,P
VG260077,CII,2026-II,8,2026-10-06,P
VG260077,CII,2026-II,9,2026-10-13,P
VG260077,CII,2026-II,10,2026-10-20,P
VG260077,CII,2026-II,11,2026-10-27,P
VG260077,CII,2026-II,12,2026-11-03,P
VG260077,CII,2026-II,13,2026-11-10,P
VG260077,CII,2026-II,14,2026-11-17,P
VG260077,CII,2026-II,15,2026-11-24,P
VG260077,CII,2026-II,16,2026-12-01,P
VG260077,EIT,2026-II,1,2026-08-19,P
VG260077,EIT,2026-II,2,2026-08-26,P
VG260077,EIT,2026-II,3,2026-09-02,P
VG260077,EIT,2026-II,4,2026-09-09,P
VG260077,EIT,2026-II,5,2026-09-16,P
VG260077,EIT,2026-II,6,2026-09-23,T
VG260077,EIT,2026-II,7,2026-09-30,F
VG260077,EIT,2026-II,8,2026-10-07,P
VG260077,EIT,2026-II,9,2026-10-14,P
VG260077,EIT,2026-II,10,2026-10-21,P
VG260077,EIT,2026-II,11,2026-10-28,P
VG260077,EIT,2026-II,12,2026-11-04,P
VG260077,EIT,2026-II,13,2026-11-11,P
VG260077,EIT,2026-II,14,2026-11-18,T
VG260077,EIT,2026-II,15,2026-11-25,T
VG260077,EIT,2026-II,16,2026-12-02,T
VG260077,EFSRT5,2026-II,1,2026-08-20,P
VG260077,EFSRT5,2026-II,2,2026-08-27,P
VG260077,EFSRT5,2026-II,3,2026-09-03,P
VG260077,EFSRT5,2026-II,4,2026-09-10,P
VG260077,EFSRT5,2026-II,5,2026-09-17,P
VG260077,EFSRT5,2026-II,6,2026-09-24,P
VG260077,EFSRT5,2026-II,7,2026-10-01,P
VG260077,EFSRT5,2026-II,8,2026-10-08,P
VG260077,EFSRT5,2026-II,9,2026-10-15,P
VG260077,EFSRT5,2026-II,10,2026-10-22,P
VG260077,EFSRT5,2026-II,11,2026-10-29,P
VG260077,EFSRT5,2026-II,12,2026-11-05,P
VG260077,EFSRT5,2026-II,13,2026-11-12,P
VG260077,EFSRT5,2026-II,14,2026-11-19,P
VG260077,EFSRT5,2026-II,15,2026-11-26,T
VG260077,EFSRT5,2026-II,16,2026-12-03,P
VG260078,APS,2026-II,1,2026-08-17,P
VG260078,APS,2026-II,2,2026-08-24,P
VG260078,APS,2026-II,3,2026-08-31,P
VG260078,APS,2026-II,4,2026-09-07,P
VG260078,APS,2026-II,5,2026-09-14,P
VG260078,APS,2026-II,6,2026-09-21,P
VG260078,APS,2026-II,7,2026-09-28,P
VG260078,APS,2026-II,8,2026-10-05,P
VG260078,APS,2026-II,9,2026-10-12,T
VG260078,APS,2026-II,10,2026-10-19,P
VG260078,APS,2026-II,11,2026-10-26,P
VG260078,APS,2026-II,12,2026-11-02,P
VG260078,APS,2026-II,13,2026-11-09,P
VG260078,APS,2026-II,14,2026-11-16,P
VG260078,APS,2026-II,15,2026-11-23,P
VG260078,APS,2026-II,16,2026-11-30,P
VG260078,TBD,2026-II,1,2026-08-18,P
VG260078,TBD,2026-II,2,2026-08-25,P
VG260078,TBD,2026-II,3,2026-09-01,P
VG260078,TBD,2026-II,4,2026-09-08,P
VG260078,TBD,2026-II,5,2026-09-15,T
VG260078,TBD,2026-II,6,2026-09-22,P
VG260078,TBD,2026-II,7,2026-09-29,P
VG260078,TBD,2026-II,8,2026-10-06,P
VG260078,TBD,2026-II,9,2026-10-13,P
VG260078,TBD,2026-II,10,2026-10-20,P
VG260078,TBD,2026-II,11,2026-10-27,P
VG260078,TBD,2026-II,12,2026-11-03,P
VG260078,TBD,2026-II,13,2026-11-10,P
VG260078,TBD,2026-II,14,2026-11-17,P
VG260078,TBD,2026-II,15,2026-11-24,P
VG260078,TBD,2026-II,16,2026-12-01,P
VG260078,FIA,2026-II,1,2026-08-19,P
VG260078,FIA,2026-II,2,2026-08-26,P
VG260078,FIA,2026-II,3,2026-09-02,P
VG260078,FIA,2026-II,4,2026-09-09,P
VG260078,FIA,2026-II,5,2026-09-16,P
VG260078,FIA,2026-II,6,2026-09-23,P
VG260078,FIA,2026-II,7,2026-09-30,P
VG260078,FIA,2026-II,8,2026-10-07,P
VG260078,FIA,2026-II,9,2026-10-14,P
VG260078,FIA,2026-II,10,2026-10-21,P
VG260078,FIA,2026-II,11,2026-10-28,P
VG260078,FIA,2026-II,12,2026-11-04,P
VG260078,FIA,2026-II,13,2026-11-11,P
VG260078,FIA,2026-II,14,2026-11-18,P
VG260078,FIA,2026-II,15,2026-11-25,P
VG260078,FIA,2026-II,16,2026-12-02,T
VG260078,SDE,2026-II,1,2026-08-20,P
VG260078,SDE,2026-II,2,2026-08-27,P
VG260078,SDE,2026-II,3,2026-09-03,P
VG260078,SDE,2026-II,4,2026-09-10,P
VG260078,SDE,2026-II,5,2026-09-17,P
VG260078,SDE,2026-II,6,2026-09-24,P
VG260078,SDE,2026-II,7,2026-10-01,P
VG260078,SDE,2026-II,8,2026-10-08,P
VG260078,SDE,2026-II,9,2026-10-15,P
VG260078,SDE,2026-II,10,2026-10-22,P
VG260078,SDE,2026-II,11,2026-10-29,P
VG260078,SDE,2026-II,12,2026-11-05,P
VG260078,SDE,2026-II,13,2026-11-12,P
VG260078,SDE,2026-II,14,2026-11-19,P
VG260078,SDE,2026-II,15,2026-11-26,P
VG260078,SDE,2026-II,16,2026-12-03,P
VG260078,FCS,2026-II,1,2026-08-21,P
VG260078,FCS,2026-II,2,2026-08-28,P
VG260078,FCS,2026-II,3,2026-09-04,P
VG260078,FCS,2026-II,4,2026-09-11,P
VG260078,FCS,2026-II,5,2026-09-18,P
VG260078,FCS,2026-II,6,2026-09-25,P
VG260078,FCS,2026-II,7,2026-10-02,P
VG260078,FCS,2026-II,8,2026-10-09,T
VG260078,FCS,2026-II,9,2026-10-16,P
VG260078,FCS,2026-II,10,2026-10-23,P
VG260078,FCS,2026-II,11,2026-10-30,P
VG260078,FCS,2026-II,12,2026-11-06,P
VG260078,FCS,2026-II,13,2026-11-13,T
VG260078,FCS,2026-II,14,2026-11-20,P
VG260078,FCS,2026-II,15,2026-11-27,T
VG260078,FCS,2026-II,16,2026-12-04,P
VG260078,EIA,2026-II,1,2026-08-17,P
VG260078,EIA,2026-II,2,2026-08-24,P
VG260078,EIA,2026-II,3,2026-08-31,P
VG260078,EIA,2026-II,4,2026-09-07,P
VG260078,EIA,2026-II,5,2026-09-14,T
VG260078,EIA,2026-II,6,2026-09-21,P
VG260078,EIA,2026-II,7,2026-09-28,P
VG260078,EIA,2026-II,8,2026-10-05,T
VG260078,EIA,2026-II,9,2026-10-12,P
VG260078,EIA,2026-II,10,2026-10-19,P
VG260078,EIA,2026-II,11,2026-10-26,P
VG260078,EIA,2026-II,12,2026-11-02,P
VG260078,EIA,2026-II,13,2026-11-09,P
VG260078,EIA,2026-II,14,2026-11-16,P
VG260078,EIA,2026-II,15,2026-11-23,T
VG260078,EIA,2026-II,16,2026-11-30,T
VG260078,CII,2026-II,1,2026-08-18,P
VG260078,CII,2026-II,2,2026-08-25,P
VG260078,CII,2026-II,3,2026-09-01,P
VG260078,CII,2026-II,4,2026-09-08,P
VG260078,CII,2026-II,5,2026-09-15,P
VG260078,CII,2026-II,6,2026-09-22,P
VG260078,CII,2026-II,7,2026-09-29,P
VG260078,CII,2026-II,8,2026-10-06,P
VG260078,CII,2026-II,9,2026-10-13,P
VG260078,CII,2026-II,10,2026-10-20,P
VG260078,CII,2026-II,11,2026-10-27,P
VG260078,CII,2026-II,12,2026-11-03,P
VG260078,CII,2026-II,13,2026-11-10,P
VG260078,CII,2026-II,14,2026-11-17,T
VG260078,CII,2026-II,15,2026-11-24,P
VG260078,CII,2026-II,16,2026-12-01,P
VG260078,EIT,2026-II,1,2026-08-19,P
VG260078,EIT,2026-II,2,2026-08-26,P
VG260078,EIT,2026-II,3,2026-09-02,P
VG260078,EIT,2026-II,4,2026-09-09,P
VG260078,EIT,2026-II,5,2026-09-16,P
VG260078,EIT,2026-II,6,2026-09-23,P
VG260078,EIT,2026-II,7,2026-09-30,P
VG260078,EIT,2026-II,8,2026-10-07,P
VG260078,EIT,2026-II,9,2026-10-14,P
VG260078,EIT,2026-II,10,2026-10-21,P
VG260078,EIT,2026-II,11,2026-10-28,P
VG260078,EIT,2026-II,12,2026-11-04,P
VG260078,EIT,2026-II,13,2026-11-11,P
VG260078,EIT,2026-II,14,2026-11-18,P
VG260078,EIT,2026-II,15,2026-11-25,P
VG260078,EIT,2026-II,16,2026-12-02,P
VG260078,EFSRT5,2026-II,1,2026-08-20,P
VG260078,EFSRT5,2026-II,2,2026-08-27,P
VG260078,EFSRT5,2026-II,3,2026-09-03,P
VG260078,EFSRT5,2026-II,4,2026-09-10,P
VG260078,EFSRT5,2026-II,5,2026-09-17,P
VG260078,EFSRT5,2026-II,6,2026-09-24,T
VG260078,EFSRT5,2026-II,7,2026-10-01,P
VG260078,EFSRT5,2026-II,8,2026-10-08,P
VG260078,EFSRT5,2026-II,9,2026-10-15,P
VG260078,EFSRT5,2026-II,10,2026-10-22,P
VG260078,EFSRT5,2026-II,11,2026-10-29,P
VG260078,EFSRT5,2026-II,12,2026-11-05,P
VG260078,EFSRT5,2026-II,13,2026-11-12,P
VG260078,EFSRT5,2026-II,14,2026-11-19,P
VG260078,EFSRT5,2026-II,15,2026-11-26,P
VG260078,EFSRT5,2026-II,16,2026-12-03,P
VG260079,APS,2026-II,1,2026-08-17,P
VG260079,APS,2026-II,2,2026-08-24,P
VG260079,APS,2026-II,3,2026-08-31,P
VG260079,APS,2026-II,4,2026-09-07,P
VG260079,APS,2026-II,5,2026-09-14,P
VG260079,APS,2026-II,6,2026-09-21,J
VG260079,APS,2026-II,7,2026-09-28,P
VG260079,APS,2026-II,8,2026-10-05,P
VG260079,APS,2026-II,9,2026-10-12,P
VG260079,APS,2026-II,10,2026-10-19,P
VG260079,APS,2026-II,11,2026-10-26,P
VG260079,APS,2026-II,12,2026-11-02,P
VG260079,APS,2026-II,13,2026-11-09,P
VG260079,APS,2026-II,14,2026-11-16,P
VG260079,APS,2026-II,15,2026-11-23,P
VG260079,APS,2026-II,16,2026-11-30,T
VG260079,TBD,2026-II,1,2026-08-18,P
VG260079,TBD,2026-II,2,2026-08-25,P
VG260079,TBD,2026-II,3,2026-09-01,P
VG260079,TBD,2026-II,4,2026-09-08,P
VG260079,TBD,2026-II,5,2026-09-15,P
VG260079,TBD,2026-II,6,2026-09-22,P
VG260079,TBD,2026-II,7,2026-09-29,P
VG260079,TBD,2026-II,8,2026-10-06,F
VG260079,TBD,2026-II,9,2026-10-13,P
VG260079,TBD,2026-II,10,2026-10-20,P
VG260079,TBD,2026-II,11,2026-10-27,P
VG260079,TBD,2026-II,12,2026-11-03,P
VG260079,TBD,2026-II,13,2026-11-10,F
VG260079,TBD,2026-II,14,2026-11-17,P
VG260079,TBD,2026-II,15,2026-11-24,P
VG260079,TBD,2026-II,16,2026-12-01,P
VG260079,FIA,2026-II,1,2026-08-19,P
VG260079,FIA,2026-II,2,2026-08-26,P
VG260079,FIA,2026-II,3,2026-09-02,P
VG260079,FIA,2026-II,4,2026-09-09,P
VG260079,FIA,2026-II,5,2026-09-16,T
VG260079,FIA,2026-II,6,2026-09-23,P
VG260079,FIA,2026-II,7,2026-09-30,P
VG260079,FIA,2026-II,8,2026-10-07,P
VG260079,FIA,2026-II,9,2026-10-14,F
VG260079,FIA,2026-II,10,2026-10-21,T
VG260079,FIA,2026-II,11,2026-10-28,P
VG260079,FIA,2026-II,12,2026-11-04,P
VG260079,FIA,2026-II,13,2026-11-11,T
VG260079,FIA,2026-II,14,2026-11-18,F
VG260079,FIA,2026-II,15,2026-11-25,P
VG260079,FIA,2026-II,16,2026-12-02,P
VG260079,SDE,2026-II,1,2026-08-20,P
VG260079,SDE,2026-II,2,2026-08-27,P
VG260079,SDE,2026-II,3,2026-09-03,J
VG260079,SDE,2026-II,4,2026-09-10,P
VG260079,SDE,2026-II,5,2026-09-17,F
VG260079,SDE,2026-II,6,2026-09-24,P
VG260079,SDE,2026-II,7,2026-10-01,J
VG260079,SDE,2026-II,8,2026-10-08,P
VG260079,SDE,2026-II,9,2026-10-15,P
VG260079,SDE,2026-II,10,2026-10-22,F
VG260079,SDE,2026-II,11,2026-10-29,P
VG260079,SDE,2026-II,12,2026-11-05,J
VG260079,SDE,2026-II,13,2026-11-12,P
VG260079,SDE,2026-II,14,2026-11-19,P
VG260079,SDE,2026-II,15,2026-11-26,P
VG260079,SDE,2026-II,16,2026-12-03,T
VG260079,FCS,2026-II,1,2026-08-21,F
VG260079,FCS,2026-II,2,2026-08-28,P
VG260079,FCS,2026-II,3,2026-09-04,P
VG260079,FCS,2026-II,4,2026-09-11,P
VG260079,FCS,2026-II,5,2026-09-18,T
VG260079,FCS,2026-II,6,2026-09-25,P
VG260079,FCS,2026-II,7,2026-10-02,P
VG260079,FCS,2026-II,8,2026-10-09,P
VG260079,FCS,2026-II,9,2026-10-16,J
VG260079,FCS,2026-II,10,2026-10-23,P
VG260079,FCS,2026-II,11,2026-10-30,T
VG260079,FCS,2026-II,12,2026-11-06,P
VG260079,FCS,2026-II,13,2026-11-13,T
VG260079,FCS,2026-II,14,2026-11-20,P
VG260079,FCS,2026-II,15,2026-11-27,P
VG260079,FCS,2026-II,16,2026-12-04,F
VG260079,EIA,2026-II,1,2026-08-17,T
VG260079,EIA,2026-II,2,2026-08-24,F
VG260079,EIA,2026-II,3,2026-08-31,P
VG260079,EIA,2026-II,4,2026-09-07,P
VG260079,EIA,2026-II,5,2026-09-14,P
VG260079,EIA,2026-II,6,2026-09-21,P
VG260079,EIA,2026-II,7,2026-09-28,P
VG260079,EIA,2026-II,8,2026-10-05,P
VG260079,EIA,2026-II,9,2026-10-12,P
VG260079,EIA,2026-II,10,2026-10-19,P
VG260079,EIA,2026-II,11,2026-10-26,P
VG260079,EIA,2026-II,12,2026-11-02,P
VG260079,EIA,2026-II,13,2026-11-09,P
VG260079,EIA,2026-II,14,2026-11-16,P
VG260079,EIA,2026-II,15,2026-11-23,P
VG260079,EIA,2026-II,16,2026-11-30,P
VG260079,CII,2026-II,1,2026-08-18,P
VG260079,CII,2026-II,2,2026-08-25,P
VG260079,CII,2026-II,3,2026-09-01,P
VG260079,CII,2026-II,4,2026-09-08,P
VG260079,CII,2026-II,5,2026-09-15,P
VG260079,CII,2026-II,6,2026-09-22,P
VG260079,CII,2026-II,7,2026-09-29,J
VG260079,CII,2026-II,8,2026-10-06,P
VG260079,CII,2026-II,9,2026-10-13,P
VG260079,CII,2026-II,10,2026-10-20,P
VG260079,CII,2026-II,11,2026-10-27,P
VG260079,CII,2026-II,12,2026-11-03,P
VG260079,CII,2026-II,13,2026-11-10,J
VG260079,CII,2026-II,14,2026-11-17,P
VG260079,CII,2026-II,15,2026-11-24,P
VG260079,CII,2026-II,16,2026-12-01,P
VG260079,EIT,2026-II,1,2026-08-19,T
VG260079,EIT,2026-II,2,2026-08-26,F
VG260079,EIT,2026-II,3,2026-09-02,P
VG260079,EIT,2026-II,4,2026-09-09,P
VG260079,EIT,2026-II,5,2026-09-16,P
VG260079,EIT,2026-II,6,2026-09-23,T
VG260079,EIT,2026-II,7,2026-09-30,P
VG260079,EIT,2026-II,8,2026-10-07,P
VG260079,EIT,2026-II,9,2026-10-14,F
VG260079,EIT,2026-II,10,2026-10-21,P
VG260079,EIT,2026-II,11,2026-10-28,F
VG260079,EIT,2026-II,12,2026-11-04,P
VG260079,EIT,2026-II,13,2026-11-11,P
VG260079,EIT,2026-II,14,2026-11-18,P
VG260079,EIT,2026-II,15,2026-11-25,F
VG260079,EIT,2026-II,16,2026-12-02,P
VG260079,EFSRT5,2026-II,1,2026-08-20,F
VG260079,EFSRT5,2026-II,2,2026-08-27,P
VG260079,EFSRT5,2026-II,3,2026-09-03,P
VG260079,EFSRT5,2026-II,4,2026-09-10,P
VG260079,EFSRT5,2026-II,5,2026-09-17,P
VG260079,EFSRT5,2026-II,6,2026-09-24,F
VG260079,EFSRT5,2026-II,7,2026-10-01,P
VG260079,EFSRT5,2026-II,8,2026-10-08,P
VG260079,EFSRT5,2026-II,9,2026-10-15,P
VG260079,EFSRT5,2026-II,10,2026-10-22,P
VG260079,EFSRT5,2026-II,11,2026-10-29,P
VG260079,EFSRT5,2026-II,12,2026-11-05,P
VG260079,EFSRT5,2026-II,13,2026-11-12,P
VG260079,EFSRT5,2026-II,14,2026-11-19,P
VG260079,EFSRT5,2026-II,15,2026-11-26,F
VG260079,EFSRT5,2026-II,16,2026-12-03,P
VG260080,APS,2026-II,1,2026-08-17,P
VG260080,APS,2026-II,2,2026-08-24,P
VG260080,APS,2026-II,3,2026-08-31,P
VG260080,APS,2026-II,4,2026-09-07,P
VG260080,APS,2026-II,5,2026-09-14,P
VG260080,APS,2026-II,6,2026-09-21,P
VG260080,APS,2026-II,7,2026-09-28,P
VG260080,APS,2026-II,8,2026-10-05,P
VG260080,APS,2026-II,9,2026-10-12,P
VG260080,APS,2026-II,10,2026-10-19,P
VG260080,APS,2026-II,11,2026-10-26,P
VG260080,APS,2026-II,12,2026-11-02,P
VG260080,APS,2026-II,13,2026-11-09,P
VG260080,APS,2026-II,14,2026-11-16,P
VG260080,APS,2026-II,15,2026-11-23,P
VG260080,APS,2026-II,16,2026-11-30,P
VG260080,TBD,2026-II,1,2026-08-18,P
VG260080,TBD,2026-II,2,2026-08-25,P
VG260080,TBD,2026-II,3,2026-09-01,P
VG260080,TBD,2026-II,4,2026-09-08,P
VG260080,TBD,2026-II,5,2026-09-15,P
VG260080,TBD,2026-II,6,2026-09-22,P
VG260080,TBD,2026-II,7,2026-09-29,P
VG260080,TBD,2026-II,8,2026-10-06,P
VG260080,TBD,2026-II,9,2026-10-13,P
VG260080,TBD,2026-II,10,2026-10-20,P
VG260080,TBD,2026-II,11,2026-10-27,P
VG260080,TBD,2026-II,12,2026-11-03,P
VG260080,TBD,2026-II,13,2026-11-10,P
VG260080,TBD,2026-II,14,2026-11-17,T
VG260080,TBD,2026-II,15,2026-11-24,P
VG260080,TBD,2026-II,16,2026-12-01,P
VG260080,FIA,2026-II,1,2026-08-19,P
VG260080,FIA,2026-II,2,2026-08-26,P
VG260080,FIA,2026-II,3,2026-09-02,P
VG260080,FIA,2026-II,4,2026-09-09,P
VG260080,FIA,2026-II,5,2026-09-16,P
VG260080,FIA,2026-II,6,2026-09-23,P
VG260080,FIA,2026-II,7,2026-09-30,P
VG260080,FIA,2026-II,8,2026-10-07,P
VG260080,FIA,2026-II,9,2026-10-14,P
VG260080,FIA,2026-II,10,2026-10-21,P
VG260080,FIA,2026-II,11,2026-10-28,P
VG260080,FIA,2026-II,12,2026-11-04,P
VG260080,FIA,2026-II,13,2026-11-11,P
VG260080,FIA,2026-II,14,2026-11-18,P
VG260080,FIA,2026-II,15,2026-11-25,P
VG260080,FIA,2026-II,16,2026-12-02,P
VG260080,SDE,2026-II,1,2026-08-20,P
VG260080,SDE,2026-II,2,2026-08-27,J
VG260080,SDE,2026-II,3,2026-09-03,P
VG260080,SDE,2026-II,4,2026-09-10,P
VG260080,SDE,2026-II,5,2026-09-17,P
VG260080,SDE,2026-II,6,2026-09-24,P
VG260080,SDE,2026-II,7,2026-10-01,P
VG260080,SDE,2026-II,8,2026-10-08,P
VG260080,SDE,2026-II,9,2026-10-15,P
VG260080,SDE,2026-II,10,2026-10-22,P
VG260080,SDE,2026-II,11,2026-10-29,P
VG260080,SDE,2026-II,12,2026-11-05,P
VG260080,SDE,2026-II,13,2026-11-12,P
VG260080,SDE,2026-II,14,2026-11-19,P
VG260080,SDE,2026-II,15,2026-11-26,P
VG260080,SDE,2026-II,16,2026-12-03,P
VG260080,FCS,2026-II,1,2026-08-21,P
VG260080,FCS,2026-II,2,2026-08-28,P
VG260080,FCS,2026-II,3,2026-09-04,P
VG260080,FCS,2026-II,4,2026-09-11,P
VG260080,FCS,2026-II,5,2026-09-18,P
VG260080,FCS,2026-II,6,2026-09-25,P
VG260080,FCS,2026-II,7,2026-10-02,T
VG260080,FCS,2026-II,8,2026-10-09,T
VG260080,FCS,2026-II,9,2026-10-16,P
VG260080,FCS,2026-II,10,2026-10-23,T
VG260080,FCS,2026-II,11,2026-10-30,P
VG260080,FCS,2026-II,12,2026-11-06,P
VG260080,FCS,2026-II,13,2026-11-13,P
VG260080,FCS,2026-II,14,2026-11-20,P
VG260080,FCS,2026-II,15,2026-11-27,P
VG260080,FCS,2026-II,16,2026-12-04,P
VG260080,EIA,2026-II,1,2026-08-17,P
VG260080,EIA,2026-II,2,2026-08-24,P
VG260080,EIA,2026-II,3,2026-08-31,P
VG260080,EIA,2026-II,4,2026-09-07,P
VG260080,EIA,2026-II,5,2026-09-14,P
VG260080,EIA,2026-II,6,2026-09-21,F
VG260080,EIA,2026-II,7,2026-09-28,P
VG260080,EIA,2026-II,8,2026-10-05,P
VG260080,EIA,2026-II,9,2026-10-12,T
VG260080,EIA,2026-II,10,2026-10-19,P
VG260080,EIA,2026-II,11,2026-10-26,P
VG260080,EIA,2026-II,12,2026-11-02,P
VG260080,EIA,2026-II,13,2026-11-09,P
VG260080,EIA,2026-II,14,2026-11-16,P
VG260080,EIA,2026-II,15,2026-11-23,P
VG260080,EIA,2026-II,16,2026-11-30,P
VG260080,CII,2026-II,1,2026-08-18,P
VG260080,CII,2026-II,2,2026-08-25,P
VG260080,CII,2026-II,3,2026-09-01,P
VG260080,CII,2026-II,4,2026-09-08,P
VG260080,CII,2026-II,5,2026-09-15,P
VG260080,CII,2026-II,6,2026-09-22,P
VG260080,CII,2026-II,7,2026-09-29,P
VG260080,CII,2026-II,8,2026-10-06,J
VG260080,CII,2026-II,9,2026-10-13,P
VG260080,CII,2026-II,10,2026-10-20,P
VG260080,CII,2026-II,11,2026-10-27,P
VG260080,CII,2026-II,12,2026-11-03,P
VG260080,CII,2026-II,13,2026-11-10,P
VG260080,CII,2026-II,14,2026-11-17,P
VG260080,CII,2026-II,15,2026-11-24,P
VG260080,CII,2026-II,16,2026-12-01,P
VG260080,EIT,2026-II,1,2026-08-19,T
VG260080,EIT,2026-II,2,2026-08-26,P
VG260080,EIT,2026-II,3,2026-09-02,P
VG260080,EIT,2026-II,4,2026-09-09,P
VG260080,EIT,2026-II,5,2026-09-16,P
VG260080,EIT,2026-II,6,2026-09-23,P
VG260080,EIT,2026-II,7,2026-09-30,P
VG260080,EIT,2026-II,8,2026-10-07,P
VG260080,EIT,2026-II,9,2026-10-14,P
VG260080,EIT,2026-II,10,2026-10-21,P
VG260080,EIT,2026-II,11,2026-10-28,P
VG260080,EIT,2026-II,12,2026-11-04,T
VG260080,EIT,2026-II,13,2026-11-11,P
VG260080,EIT,2026-II,14,2026-11-18,P
VG260080,EIT,2026-II,15,2026-11-25,T
VG260080,EIT,2026-II,16,2026-12-02,P
VG260080,EFSRT5,2026-II,1,2026-08-20,P
VG260080,EFSRT5,2026-II,2,2026-08-27,P
VG260080,EFSRT5,2026-II,3,2026-09-03,P
VG260080,EFSRT5,2026-II,4,2026-09-10,P
VG260080,EFSRT5,2026-II,5,2026-09-17,P
VG260080,EFSRT5,2026-II,6,2026-09-24,P
VG260080,EFSRT5,2026-II,7,2026-10-01,P
VG260080,EFSRT5,2026-II,8,2026-10-08,P
VG260080,EFSRT5,2026-II,9,2026-10-15,P
VG260080,EFSRT5,2026-II,10,2026-10-22,P
VG260080,EFSRT5,2026-II,11,2026-10-29,P
VG260080,EFSRT5,2026-II,12,2026-11-05,P
VG260080,EFSRT5,2026-II,13,2026-11-12,P
VG260080,EFSRT5,2026-II,14,2026-11-19,P
VG260080,EFSRT5,2026-II,15,2026-11-26,P
VG260080,EFSRT5,2026-II,16,2026-12-03,P
VG260081,APS,2026-II,1,2026-08-17,P
VG260081,APS,2026-II,2,2026-08-24,P
VG260081,APS,2026-II,3,2026-08-31,P
VG260081,APS,2026-II,4,2026-09-07,P
VG260081,APS,2026-II,5,2026-09-14,P
VG260081,APS,2026-II,6,2026-09-21,P
VG260081,APS,2026-II,7,2026-09-28,P
VG260081,APS,2026-II,8,2026-10-05,P
VG260081,APS,2026-II,9,2026-10-12,P
VG260081,APS,2026-II,10,2026-10-19,F
VG260081,APS,2026-II,11,2026-10-26,T
VG260081,APS,2026-II,12,2026-11-02,F
VG260081,APS,2026-II,13,2026-11-09,P
VG260081,APS,2026-II,14,2026-11-16,P
VG260081,APS,2026-II,15,2026-11-23,P
VG260081,APS,2026-II,16,2026-11-30,P
VG260081,TBD,2026-II,1,2026-08-18,P
VG260081,TBD,2026-II,2,2026-08-25,P
VG260081,TBD,2026-II,3,2026-09-01,P
VG260081,TBD,2026-II,4,2026-09-08,P
VG260081,TBD,2026-II,5,2026-09-15,P
VG260081,TBD,2026-II,6,2026-09-22,P
VG260081,TBD,2026-II,7,2026-09-29,P
VG260081,TBD,2026-II,8,2026-10-06,P
VG260081,TBD,2026-II,9,2026-10-13,P
VG260081,TBD,2026-II,10,2026-10-20,P
VG260081,TBD,2026-II,11,2026-10-27,P
VG260081,TBD,2026-II,12,2026-11-03,P
VG260081,TBD,2026-II,13,2026-11-10,P
VG260081,TBD,2026-II,14,2026-11-17,P
VG260081,TBD,2026-II,15,2026-11-24,P
VG260081,TBD,2026-II,16,2026-12-01,P
VG260081,FIA,2026-II,1,2026-08-19,P
VG260081,FIA,2026-II,2,2026-08-26,P
VG260081,FIA,2026-II,3,2026-09-02,P
VG260081,FIA,2026-II,4,2026-09-09,P
VG260081,FIA,2026-II,5,2026-09-16,P
VG260081,FIA,2026-II,6,2026-09-23,P
VG260081,FIA,2026-II,7,2026-09-30,P
VG260081,FIA,2026-II,8,2026-10-07,P
VG260081,FIA,2026-II,9,2026-10-14,F
VG260081,FIA,2026-II,10,2026-10-21,P
VG260081,FIA,2026-II,11,2026-10-28,P
VG260081,FIA,2026-II,12,2026-11-04,P
VG260081,FIA,2026-II,13,2026-11-11,P
VG260081,FIA,2026-II,14,2026-11-18,P
VG260081,FIA,2026-II,15,2026-11-25,P
VG260081,FIA,2026-II,16,2026-12-02,P
VG260081,SDE,2026-II,1,2026-08-20,P
VG260081,SDE,2026-II,2,2026-08-27,P
VG260081,SDE,2026-II,3,2026-09-03,P
VG260081,SDE,2026-II,4,2026-09-10,T
VG260081,SDE,2026-II,5,2026-09-17,P
VG260081,SDE,2026-II,6,2026-09-24,P
VG260081,SDE,2026-II,7,2026-10-01,P
VG260081,SDE,2026-II,8,2026-10-08,J
VG260081,SDE,2026-II,9,2026-10-15,P
VG260081,SDE,2026-II,10,2026-10-22,P
VG260081,SDE,2026-II,11,2026-10-29,P
VG260081,SDE,2026-II,12,2026-11-05,P
VG260081,SDE,2026-II,13,2026-11-12,P
VG260081,SDE,2026-II,14,2026-11-19,P
VG260081,SDE,2026-II,15,2026-11-26,P
VG260081,SDE,2026-II,16,2026-12-03,P
VG260081,FCS,2026-II,1,2026-08-21,P
VG260081,FCS,2026-II,2,2026-08-28,P
VG260081,FCS,2026-II,3,2026-09-04,P
VG260081,FCS,2026-II,4,2026-09-11,P
VG260081,FCS,2026-II,5,2026-09-18,P
VG260081,FCS,2026-II,6,2026-09-25,P
VG260081,FCS,2026-II,7,2026-10-02,P
VG260081,FCS,2026-II,8,2026-10-09,P
VG260081,FCS,2026-II,9,2026-10-16,P
VG260081,FCS,2026-II,10,2026-10-23,P
VG260081,FCS,2026-II,11,2026-10-30,P
VG260081,FCS,2026-II,12,2026-11-06,P
VG260081,FCS,2026-II,13,2026-11-13,P
VG260081,FCS,2026-II,14,2026-11-20,P
VG260081,FCS,2026-II,15,2026-11-27,P
VG260081,FCS,2026-II,16,2026-12-04,P
VG260081,EIA,2026-II,1,2026-08-17,P
VG260081,EIA,2026-II,2,2026-08-24,P
VG260081,EIA,2026-II,3,2026-08-31,P
VG260081,EIA,2026-II,4,2026-09-07,P
VG260081,EIA,2026-II,5,2026-09-14,P
VG260081,EIA,2026-II,6,2026-09-21,P
VG260081,EIA,2026-II,7,2026-09-28,P
VG260081,EIA,2026-II,8,2026-10-05,F
VG260081,EIA,2026-II,9,2026-10-12,P
VG260081,EIA,2026-II,10,2026-10-19,P
VG260081,EIA,2026-II,11,2026-10-26,P
VG260081,EIA,2026-II,12,2026-11-02,P
VG260081,EIA,2026-II,13,2026-11-09,P
VG260081,EIA,2026-II,14,2026-11-16,T
VG260081,EIA,2026-II,15,2026-11-23,P
VG260081,EIA,2026-II,16,2026-11-30,P
VG260081,CII,2026-II,1,2026-08-18,P
VG260081,CII,2026-II,2,2026-08-25,P
VG260081,CII,2026-II,3,2026-09-01,P
VG260081,CII,2026-II,4,2026-09-08,P
VG260081,CII,2026-II,5,2026-09-15,P
VG260081,CII,2026-II,6,2026-09-22,J
VG260081,CII,2026-II,7,2026-09-29,P
VG260081,CII,2026-II,8,2026-10-06,P
VG260081,CII,2026-II,9,2026-10-13,P
VG260081,CII,2026-II,10,2026-10-20,P
VG260081,CII,2026-II,11,2026-10-27,P
VG260081,CII,2026-II,12,2026-11-03,P
VG260081,CII,2026-II,13,2026-11-10,P
VG260081,CII,2026-II,14,2026-11-17,P
VG260081,CII,2026-II,15,2026-11-24,P
VG260081,CII,2026-II,16,2026-12-01,T
VG260081,EIT,2026-II,1,2026-08-19,P
VG260081,EIT,2026-II,2,2026-08-26,P
VG260081,EIT,2026-II,3,2026-09-02,P
VG260081,EIT,2026-II,4,2026-09-09,P
VG260081,EIT,2026-II,5,2026-09-16,P
VG260081,EIT,2026-II,6,2026-09-23,F
VG260081,EIT,2026-II,7,2026-09-30,P
VG260081,EIT,2026-II,8,2026-10-07,P
VG260081,EIT,2026-II,9,2026-10-14,P
VG260081,EIT,2026-II,10,2026-10-21,P
VG260081,EIT,2026-II,11,2026-10-28,P
VG260081,EIT,2026-II,12,2026-11-04,P
VG260081,EIT,2026-II,13,2026-11-11,P
VG260081,EIT,2026-II,14,2026-11-18,P
VG260081,EIT,2026-II,15,2026-11-25,P
VG260081,EIT,2026-II,16,2026-12-02,P
VG260081,EFSRT5,2026-II,1,2026-08-20,F
VG260081,EFSRT5,2026-II,2,2026-08-27,P
VG260081,EFSRT5,2026-II,3,2026-09-03,T
VG260081,EFSRT5,2026-II,4,2026-09-10,P
VG260081,EFSRT5,2026-II,5,2026-09-17,P
VG260081,EFSRT5,2026-II,6,2026-09-24,P
VG260081,EFSRT5,2026-II,7,2026-10-01,P
VG260081,EFSRT5,2026-II,8,2026-10-08,P
VG260081,EFSRT5,2026-II,9,2026-10-15,P
VG260081,EFSRT5,2026-II,10,2026-10-22,P
VG260081,EFSRT5,2026-II,11,2026-10-29,P
VG260081,EFSRT5,2026-II,12,2026-11-05,P
VG260081,EFSRT5,2026-II,13,2026-11-12,P
VG260081,EFSRT5,2026-II,14,2026-11-19,P
VG260081,EFSRT5,2026-II,15,2026-11-26,F
VG260081,EFSRT5,2026-II,16,2026-12-03,P
VG260082,APS,2026-II,1,2026-08-17,P
VG260082,APS,2026-II,2,2026-08-24,P
VG260082,APS,2026-II,3,2026-08-31,P
VG260082,APS,2026-II,4,2026-09-07,P
VG260082,APS,2026-II,5,2026-09-14,P
VG260082,APS,2026-II,6,2026-09-21,P
VG260082,APS,2026-II,7,2026-09-28,P
VG260082,APS,2026-II,8,2026-10-05,P
VG260082,APS,2026-II,9,2026-10-12,P
VG260082,APS,2026-II,10,2026-10-19,P
VG260082,APS,2026-II,11,2026-10-26,P
VG260082,APS,2026-II,12,2026-11-02,F
VG260082,APS,2026-II,13,2026-11-09,P
VG260082,APS,2026-II,14,2026-11-16,P
VG260082,APS,2026-II,15,2026-11-23,P
VG260082,APS,2026-II,16,2026-11-30,P
VG260082,TBD,2026-II,1,2026-08-18,J
VG260082,TBD,2026-II,2,2026-08-25,P
VG260082,TBD,2026-II,3,2026-09-01,F
VG260082,TBD,2026-II,4,2026-09-08,P
VG260082,TBD,2026-II,5,2026-09-15,P
VG260082,TBD,2026-II,6,2026-09-22,P
VG260082,TBD,2026-II,7,2026-09-29,P
VG260082,TBD,2026-II,8,2026-10-06,T
VG260082,TBD,2026-II,9,2026-10-13,F
VG260082,TBD,2026-II,10,2026-10-20,P
VG260082,TBD,2026-II,11,2026-10-27,P
VG260082,TBD,2026-II,12,2026-11-03,P
VG260082,TBD,2026-II,13,2026-11-10,P
VG260082,TBD,2026-II,14,2026-11-17,P
VG260082,TBD,2026-II,15,2026-11-24,P
VG260082,TBD,2026-II,16,2026-12-01,P
VG260082,FIA,2026-II,1,2026-08-19,P
VG260082,FIA,2026-II,2,2026-08-26,P
VG260082,FIA,2026-II,3,2026-09-02,P
VG260082,FIA,2026-II,4,2026-09-09,P
VG260082,FIA,2026-II,5,2026-09-16,P
VG260082,FIA,2026-II,6,2026-09-23,P
VG260082,FIA,2026-II,7,2026-09-30,P
VG260082,FIA,2026-II,8,2026-10-07,F
VG260082,FIA,2026-II,9,2026-10-14,P
VG260082,FIA,2026-II,10,2026-10-21,T
VG260082,FIA,2026-II,11,2026-10-28,P
VG260082,FIA,2026-II,12,2026-11-04,P
VG260082,FIA,2026-II,13,2026-11-11,P
VG260082,FIA,2026-II,14,2026-11-18,P
VG260082,FIA,2026-II,15,2026-11-25,F
VG260082,FIA,2026-II,16,2026-12-02,T
VG260082,SDE,2026-II,1,2026-08-20,P
VG260082,SDE,2026-II,2,2026-08-27,P
VG260082,SDE,2026-II,3,2026-09-03,P
VG260082,SDE,2026-II,4,2026-09-10,P
VG260082,SDE,2026-II,5,2026-09-17,T
VG260082,SDE,2026-II,6,2026-09-24,P
VG260082,SDE,2026-II,7,2026-10-01,P
VG260082,SDE,2026-II,8,2026-10-08,P
VG260082,SDE,2026-II,9,2026-10-15,T
VG260082,SDE,2026-II,10,2026-10-22,P
VG260082,SDE,2026-II,11,2026-10-29,F
VG260082,SDE,2026-II,12,2026-11-05,P
VG260082,SDE,2026-II,13,2026-11-12,P
VG260082,SDE,2026-II,14,2026-11-19,F
VG260082,SDE,2026-II,15,2026-11-26,J
VG260082,SDE,2026-II,16,2026-12-03,J
VG260082,FCS,2026-II,1,2026-08-21,F
VG260082,FCS,2026-II,2,2026-08-28,P
VG260082,FCS,2026-II,3,2026-09-04,P
VG260082,FCS,2026-II,4,2026-09-11,T
VG260082,FCS,2026-II,5,2026-09-18,P
VG260082,FCS,2026-II,6,2026-09-25,F
VG260082,FCS,2026-II,7,2026-10-02,P
VG260082,FCS,2026-II,8,2026-10-09,F
VG260082,FCS,2026-II,9,2026-10-16,P
VG260082,FCS,2026-II,10,2026-10-23,P
VG260082,FCS,2026-II,11,2026-10-30,P
VG260082,FCS,2026-II,12,2026-11-06,T
VG260082,FCS,2026-II,13,2026-11-13,J
VG260082,FCS,2026-II,14,2026-11-20,P
VG260082,FCS,2026-II,15,2026-11-27,P
VG260082,FCS,2026-II,16,2026-12-04,P
VG260082,EIA,2026-II,1,2026-08-17,T
VG260082,EIA,2026-II,2,2026-08-24,P
VG260082,EIA,2026-II,3,2026-08-31,P
VG260082,EIA,2026-II,4,2026-09-07,P
VG260082,EIA,2026-II,5,2026-09-14,P
VG260082,EIA,2026-II,6,2026-09-21,J
VG260082,EIA,2026-II,7,2026-09-28,P
VG260082,EIA,2026-II,8,2026-10-05,F
VG260082,EIA,2026-II,9,2026-10-12,P
VG260082,EIA,2026-II,10,2026-10-19,P
VG260082,EIA,2026-II,11,2026-10-26,F
VG260082,EIA,2026-II,12,2026-11-02,P
VG260082,EIA,2026-II,13,2026-11-09,P
VG260082,EIA,2026-II,14,2026-11-16,P
VG260082,EIA,2026-II,15,2026-11-23,P
VG260082,EIA,2026-II,16,2026-11-30,P
VG260082,CII,2026-II,1,2026-08-18,P
VG260082,CII,2026-II,2,2026-08-25,P
VG260082,CII,2026-II,3,2026-09-01,P
VG260082,CII,2026-II,4,2026-09-08,P
VG260082,CII,2026-II,5,2026-09-15,P
VG260082,CII,2026-II,6,2026-09-22,P
VG260082,CII,2026-II,7,2026-09-29,P
VG260082,CII,2026-II,8,2026-10-06,P
VG260082,CII,2026-II,9,2026-10-13,P
VG260082,CII,2026-II,10,2026-10-20,P
VG260082,CII,2026-II,11,2026-10-27,P
VG260082,CII,2026-II,12,2026-11-03,F
VG260082,CII,2026-II,13,2026-11-10,P
VG260082,CII,2026-II,14,2026-11-17,F
VG260082,CII,2026-II,15,2026-11-24,P
VG260082,CII,2026-II,16,2026-12-01,P
VG260082,EIT,2026-II,1,2026-08-19,P
VG260082,EIT,2026-II,2,2026-08-26,P
VG260082,EIT,2026-II,3,2026-09-02,T
VG260082,EIT,2026-II,4,2026-09-09,F
VG260082,EIT,2026-II,5,2026-09-16,P
VG260082,EIT,2026-II,6,2026-09-23,P
VG260082,EIT,2026-II,7,2026-09-30,P
VG260082,EIT,2026-II,8,2026-10-07,P
VG260082,EIT,2026-II,9,2026-10-14,P
VG260082,EIT,2026-II,10,2026-10-21,P
VG260082,EIT,2026-II,11,2026-10-28,P
VG260082,EIT,2026-II,12,2026-11-04,P
VG260082,EIT,2026-II,13,2026-11-11,F
VG260082,EIT,2026-II,14,2026-11-18,P
VG260082,EIT,2026-II,15,2026-11-25,P
VG260082,EIT,2026-II,16,2026-12-02,P
VG260082,EFSRT5,2026-II,1,2026-08-20,P
VG260082,EFSRT5,2026-II,2,2026-08-27,P
VG260082,EFSRT5,2026-II,3,2026-09-03,P
VG260082,EFSRT5,2026-II,4,2026-09-10,J
VG260082,EFSRT5,2026-II,5,2026-09-17,F
VG260082,EFSRT5,2026-II,6,2026-09-24,P
VG260082,EFSRT5,2026-II,7,2026-10-01,P
VG260082,EFSRT5,2026-II,8,2026-10-08,F
VG260082,EFSRT5,2026-II,9,2026-10-15,P
VG260082,EFSRT5,2026-II,10,2026-10-22,P
VG260082,EFSRT5,2026-II,11,2026-10-29,P
VG260082,EFSRT5,2026-II,12,2026-11-05,F
VG260082,EFSRT5,2026-II,13,2026-11-12,P
VG260082,EFSRT5,2026-II,14,2026-11-19,P
VG260082,EFSRT5,2026-II,15,2026-11-26,P
VG260082,EFSRT5,2026-II,16,2026-12-03,P
VG260083,APS,2026-II,1,2026-08-17,P
VG260083,APS,2026-II,2,2026-08-24,P
VG260083,APS,2026-II,3,2026-08-31,P
VG260083,APS,2026-II,4,2026-09-07,P
VG260083,APS,2026-II,5,2026-09-14,P
VG260083,APS,2026-II,6,2026-09-21,P
VG260083,APS,2026-II,7,2026-09-28,P
VG260083,APS,2026-II,8,2026-10-05,P
VG260083,APS,2026-II,9,2026-10-12,F
VG260083,APS,2026-II,10,2026-10-19,P
VG260083,APS,2026-II,11,2026-10-26,P
VG260083,APS,2026-II,12,2026-11-02,P
VG260083,APS,2026-II,13,2026-11-09,P
VG260083,APS,2026-II,14,2026-11-16,F
VG260083,APS,2026-II,15,2026-11-23,P
VG260083,APS,2026-II,16,2026-11-30,P
VG260083,TBD,2026-II,1,2026-08-18,P
VG260083,TBD,2026-II,2,2026-08-25,P
VG260083,TBD,2026-II,3,2026-09-01,J
VG260083,TBD,2026-II,4,2026-09-08,P
VG260083,TBD,2026-II,5,2026-09-15,P
VG260083,TBD,2026-II,6,2026-09-22,F
VG260083,TBD,2026-II,7,2026-09-29,P
VG260083,TBD,2026-II,8,2026-10-06,P
VG260083,TBD,2026-II,9,2026-10-13,F
VG260083,TBD,2026-II,10,2026-10-20,P
VG260083,TBD,2026-II,11,2026-10-27,P
VG260083,TBD,2026-II,12,2026-11-03,P
VG260083,TBD,2026-II,13,2026-11-10,P
VG260083,TBD,2026-II,14,2026-11-17,P
VG260083,TBD,2026-II,15,2026-11-24,P
VG260083,TBD,2026-II,16,2026-12-01,P
VG260083,FIA,2026-II,1,2026-08-19,T
VG260083,FIA,2026-II,2,2026-08-26,P
VG260083,FIA,2026-II,3,2026-09-02,P
VG260083,FIA,2026-II,4,2026-09-09,F
VG260083,FIA,2026-II,5,2026-09-16,P
VG260083,FIA,2026-II,6,2026-09-23,P
VG260083,FIA,2026-II,7,2026-09-30,P
VG260083,FIA,2026-II,8,2026-10-07,F
VG260083,FIA,2026-II,9,2026-10-14,T
VG260083,FIA,2026-II,10,2026-10-21,P
VG260083,FIA,2026-II,11,2026-10-28,P
VG260083,FIA,2026-II,12,2026-11-04,P
VG260083,FIA,2026-II,13,2026-11-11,P
VG260083,FIA,2026-II,14,2026-11-18,P
VG260083,FIA,2026-II,15,2026-11-25,P
VG260083,FIA,2026-II,16,2026-12-02,P
VG260083,SDE,2026-II,1,2026-08-20,P
VG260083,SDE,2026-II,2,2026-08-27,P
VG260083,SDE,2026-II,3,2026-09-03,P
VG260083,SDE,2026-II,4,2026-09-10,P
VG260083,SDE,2026-II,5,2026-09-17,P
VG260083,SDE,2026-II,6,2026-09-24,P
VG260083,SDE,2026-II,7,2026-10-01,P
VG260083,SDE,2026-II,8,2026-10-08,P
VG260083,SDE,2026-II,9,2026-10-15,P
VG260083,SDE,2026-II,10,2026-10-22,F
VG260083,SDE,2026-II,11,2026-10-29,P
VG260083,SDE,2026-II,12,2026-11-05,P
VG260083,SDE,2026-II,13,2026-11-12,F
VG260083,SDE,2026-II,14,2026-11-19,P
VG260083,SDE,2026-II,15,2026-11-26,P
VG260083,SDE,2026-II,16,2026-12-03,P
VG260083,FCS,2026-II,1,2026-08-21,P
VG260083,FCS,2026-II,2,2026-08-28,P
VG260083,FCS,2026-II,3,2026-09-04,P
VG260083,FCS,2026-II,4,2026-09-11,P
VG260083,FCS,2026-II,5,2026-09-18,P
VG260083,FCS,2026-II,6,2026-09-25,P
VG260083,FCS,2026-II,7,2026-10-02,P
VG260083,FCS,2026-II,8,2026-10-09,P
VG260083,FCS,2026-II,9,2026-10-16,P
VG260083,FCS,2026-II,10,2026-10-23,P
VG260083,FCS,2026-II,11,2026-10-30,P
VG260083,FCS,2026-II,12,2026-11-06,T
VG260083,FCS,2026-II,13,2026-11-13,P
VG260083,FCS,2026-II,14,2026-11-20,P
VG260083,FCS,2026-II,15,2026-11-27,P
VG260083,FCS,2026-II,16,2026-12-04,P
VG260083,EIA,2026-II,1,2026-08-17,P
VG260083,EIA,2026-II,2,2026-08-24,P
VG260083,EIA,2026-II,3,2026-08-31,P
VG260083,EIA,2026-II,4,2026-09-07,P
VG260083,EIA,2026-II,5,2026-09-14,P
VG260083,EIA,2026-II,6,2026-09-21,P
VG260083,EIA,2026-II,7,2026-09-28,P
VG260083,EIA,2026-II,8,2026-10-05,P
VG260083,EIA,2026-II,9,2026-10-12,P
VG260083,EIA,2026-II,10,2026-10-19,P
VG260083,EIA,2026-II,11,2026-10-26,P
VG260083,EIA,2026-II,12,2026-11-02,P
VG260083,EIA,2026-II,13,2026-11-09,J
VG260083,EIA,2026-II,14,2026-11-16,P
VG260083,EIA,2026-II,15,2026-11-23,P
VG260083,EIA,2026-II,16,2026-11-30,P
VG260083,CII,2026-II,1,2026-08-18,F
VG260083,CII,2026-II,2,2026-08-25,T
VG260083,CII,2026-II,3,2026-09-01,F
VG260083,CII,2026-II,4,2026-09-08,P
VG260083,CII,2026-II,5,2026-09-15,P
VG260083,CII,2026-II,6,2026-09-22,P
VG260083,CII,2026-II,7,2026-09-29,P
VG260083,CII,2026-II,8,2026-10-06,P
VG260083,CII,2026-II,9,2026-10-13,P
VG260083,CII,2026-II,10,2026-10-20,P
VG260083,CII,2026-II,11,2026-10-27,P
VG260083,CII,2026-II,12,2026-11-03,P
VG260083,CII,2026-II,13,2026-11-10,P
VG260083,CII,2026-II,14,2026-11-17,P
VG260083,CII,2026-II,15,2026-11-24,P
VG260083,CII,2026-II,16,2026-12-01,P
VG260083,EIT,2026-II,1,2026-08-19,P
VG260083,EIT,2026-II,2,2026-08-26,P
VG260083,EIT,2026-II,3,2026-09-02,P
VG260083,EIT,2026-II,4,2026-09-09,P
VG260083,EIT,2026-II,5,2026-09-16,P
VG260083,EIT,2026-II,6,2026-09-23,F
VG260083,EIT,2026-II,7,2026-09-30,P
VG260083,EIT,2026-II,8,2026-10-07,F
VG260083,EIT,2026-II,9,2026-10-14,P
VG260083,EIT,2026-II,10,2026-10-21,P
VG260083,EIT,2026-II,11,2026-10-28,P
VG260083,EIT,2026-II,12,2026-11-04,P
VG260083,EIT,2026-II,13,2026-11-11,J
VG260083,EIT,2026-II,14,2026-11-18,P
VG260083,EIT,2026-II,15,2026-11-25,P
VG260083,EIT,2026-II,16,2026-12-02,P
VG260083,EFSRT5,2026-II,1,2026-08-20,P
VG260083,EFSRT5,2026-II,2,2026-08-27,P
VG260083,EFSRT5,2026-II,3,2026-09-03,J
VG260083,EFSRT5,2026-II,4,2026-09-10,P
VG260083,EFSRT5,2026-II,5,2026-09-17,P
VG260083,EFSRT5,2026-II,6,2026-09-24,P
VG260083,EFSRT5,2026-II,7,2026-10-01,P
VG260083,EFSRT5,2026-II,8,2026-10-08,P
VG260083,EFSRT5,2026-II,9,2026-10-15,F
VG260083,EFSRT5,2026-II,10,2026-10-22,F
VG260083,EFSRT5,2026-II,11,2026-10-29,P
VG260083,EFSRT5,2026-II,12,2026-11-05,P
VG260083,EFSRT5,2026-II,13,2026-11-12,P
VG260083,EFSRT5,2026-II,14,2026-11-19,P
VG260083,EFSRT5,2026-II,15,2026-11-26,P
VG260083,EFSRT5,2026-II,16,2026-12-03,P
VG260084,APS,2026-II,1,2026-08-17,P
VG260084,APS,2026-II,2,2026-08-24,F
VG260084,APS,2026-II,3,2026-08-31,P
VG260084,APS,2026-II,4,2026-09-07,P
VG260084,APS,2026-II,5,2026-09-14,P
VG260084,APS,2026-II,6,2026-09-21,P
VG260084,APS,2026-II,7,2026-09-28,P
VG260084,APS,2026-II,8,2026-10-05,P
VG260084,APS,2026-II,9,2026-10-12,P
VG260084,APS,2026-II,10,2026-10-19,P
VG260084,APS,2026-II,11,2026-10-26,P
VG260084,APS,2026-II,12,2026-11-02,P
VG260084,APS,2026-II,13,2026-11-09,P
VG260084,APS,2026-II,14,2026-11-16,P
VG260084,APS,2026-II,15,2026-11-23,P
VG260084,APS,2026-II,16,2026-11-30,P
VG260084,TBD,2026-II,1,2026-08-18,P
VG260084,TBD,2026-II,2,2026-08-25,P
VG260084,TBD,2026-II,3,2026-09-01,P
VG260084,TBD,2026-II,4,2026-09-08,P
VG260084,TBD,2026-II,5,2026-09-15,P
VG260084,TBD,2026-II,6,2026-09-22,P
VG260084,TBD,2026-II,7,2026-09-29,P
VG260084,TBD,2026-II,8,2026-10-06,P
VG260084,TBD,2026-II,9,2026-10-13,P
VG260084,TBD,2026-II,10,2026-10-20,T
VG260084,TBD,2026-II,11,2026-10-27,P
VG260084,TBD,2026-II,12,2026-11-03,P
VG260084,TBD,2026-II,13,2026-11-10,J
VG260084,TBD,2026-II,14,2026-11-17,P
VG260084,TBD,2026-II,15,2026-11-24,P
VG260084,TBD,2026-II,16,2026-12-01,P
VG260084,FIA,2026-II,1,2026-08-19,P
VG260084,FIA,2026-II,2,2026-08-26,P
VG260084,FIA,2026-II,3,2026-09-02,P
VG260084,FIA,2026-II,4,2026-09-09,P
VG260084,FIA,2026-II,5,2026-09-16,T
VG260084,FIA,2026-II,6,2026-09-23,P
VG260084,FIA,2026-II,7,2026-09-30,P
VG260084,FIA,2026-II,8,2026-10-07,P
VG260084,FIA,2026-II,9,2026-10-14,P
VG260084,FIA,2026-II,10,2026-10-21,P
VG260084,FIA,2026-II,11,2026-10-28,P
VG260084,FIA,2026-II,12,2026-11-04,T
VG260084,FIA,2026-II,13,2026-11-11,P
VG260084,FIA,2026-II,14,2026-11-18,P
VG260084,FIA,2026-II,15,2026-11-25,P
VG260084,FIA,2026-II,16,2026-12-02,P
VG260084,SDE,2026-II,1,2026-08-20,T
VG260084,SDE,2026-II,2,2026-08-27,P
VG260084,SDE,2026-II,3,2026-09-03,P
VG260084,SDE,2026-II,4,2026-09-10,P
VG260084,SDE,2026-II,5,2026-09-17,P
VG260084,SDE,2026-II,6,2026-09-24,P
VG260084,SDE,2026-II,7,2026-10-01,P
VG260084,SDE,2026-II,8,2026-10-08,P
VG260084,SDE,2026-II,9,2026-10-15,P
VG260084,SDE,2026-II,10,2026-10-22,P
VG260084,SDE,2026-II,11,2026-10-29,P
VG260084,SDE,2026-II,12,2026-11-05,P
VG260084,SDE,2026-II,13,2026-11-12,T
VG260084,SDE,2026-II,14,2026-11-19,P
VG260084,SDE,2026-II,15,2026-11-26,P
VG260084,SDE,2026-II,16,2026-12-03,P
VG260084,FCS,2026-II,1,2026-08-21,T
VG260084,FCS,2026-II,2,2026-08-28,P
VG260084,FCS,2026-II,3,2026-09-04,P
VG260084,FCS,2026-II,4,2026-09-11,P
VG260084,FCS,2026-II,5,2026-09-18,P
VG260084,FCS,2026-II,6,2026-09-25,P
VG260084,FCS,2026-II,7,2026-10-02,P
VG260084,FCS,2026-II,8,2026-10-09,P
VG260084,FCS,2026-II,9,2026-10-16,P
VG260084,FCS,2026-II,10,2026-10-23,P
VG260084,FCS,2026-II,11,2026-10-30,P
VG260084,FCS,2026-II,12,2026-11-06,P
VG260084,FCS,2026-II,13,2026-11-13,T
VG260084,FCS,2026-II,14,2026-11-20,P
VG260084,FCS,2026-II,15,2026-11-27,P
VG260084,FCS,2026-II,16,2026-12-04,P
VG260084,EIA,2026-II,1,2026-08-17,P
VG260084,EIA,2026-II,2,2026-08-24,P
VG260084,EIA,2026-II,3,2026-08-31,P
VG260084,EIA,2026-II,4,2026-09-07,P
VG260084,EIA,2026-II,5,2026-09-14,P
VG260084,EIA,2026-II,6,2026-09-21,T
VG260084,EIA,2026-II,7,2026-09-28,P
VG260084,EIA,2026-II,8,2026-10-05,P
VG260084,EIA,2026-II,9,2026-10-12,P
VG260084,EIA,2026-II,10,2026-10-19,P
VG260084,EIA,2026-II,11,2026-10-26,P
VG260084,EIA,2026-II,12,2026-11-02,P
VG260084,EIA,2026-II,13,2026-11-09,P
VG260084,EIA,2026-II,14,2026-11-16,P
VG260084,EIA,2026-II,15,2026-11-23,P
VG260084,EIA,2026-II,16,2026-11-30,P
VG260084,CII,2026-II,1,2026-08-18,P
VG260084,CII,2026-II,2,2026-08-25,P
VG260084,CII,2026-II,3,2026-09-01,P
VG260084,CII,2026-II,4,2026-09-08,P
VG260084,CII,2026-II,5,2026-09-15,P
VG260084,CII,2026-II,6,2026-09-22,F
VG260084,CII,2026-II,7,2026-09-29,P
VG260084,CII,2026-II,8,2026-10-06,P
VG260084,CII,2026-II,9,2026-10-13,P
VG260084,CII,2026-II,10,2026-10-20,P
VG260084,CII,2026-II,11,2026-10-27,T
VG260084,CII,2026-II,12,2026-11-03,P
VG260084,CII,2026-II,13,2026-11-10,P
VG260084,CII,2026-II,14,2026-11-17,P
VG260084,CII,2026-II,15,2026-11-24,P
VG260084,CII,2026-II,16,2026-12-01,P
VG260084,EIT,2026-II,1,2026-08-19,P
VG260084,EIT,2026-II,2,2026-08-26,P
VG260084,EIT,2026-II,3,2026-09-02,P
VG260084,EIT,2026-II,4,2026-09-09,P
VG260084,EIT,2026-II,5,2026-09-16,P
VG260084,EIT,2026-II,6,2026-09-23,P
VG260084,EIT,2026-II,7,2026-09-30,P
VG260084,EIT,2026-II,8,2026-10-07,T
VG260084,EIT,2026-II,9,2026-10-14,P
VG260084,EIT,2026-II,10,2026-10-21,P
VG260084,EIT,2026-II,11,2026-10-28,P
VG260084,EIT,2026-II,12,2026-11-04,P
VG260084,EIT,2026-II,13,2026-11-11,J
VG260084,EIT,2026-II,14,2026-11-18,P
VG260084,EIT,2026-II,15,2026-11-25,P
VG260084,EIT,2026-II,16,2026-12-02,F
VG260084,EFSRT5,2026-II,1,2026-08-20,P
VG260084,EFSRT5,2026-II,2,2026-08-27,F
VG260084,EFSRT5,2026-II,3,2026-09-03,P
VG260084,EFSRT5,2026-II,4,2026-09-10,P
VG260084,EFSRT5,2026-II,5,2026-09-17,P
VG260084,EFSRT5,2026-II,6,2026-09-24,P
VG260084,EFSRT5,2026-II,7,2026-10-01,P
VG260084,EFSRT5,2026-II,8,2026-10-08,P
VG260084,EFSRT5,2026-II,9,2026-10-15,P
VG260084,EFSRT5,2026-II,10,2026-10-22,P
VG260084,EFSRT5,2026-II,11,2026-10-29,P
VG260084,EFSRT5,2026-II,12,2026-11-05,P
VG260084,EFSRT5,2026-II,13,2026-11-12,P
VG260084,EFSRT5,2026-II,14,2026-11-19,P
VG260084,EFSRT5,2026-II,15,2026-11-26,P
VG260084,EFSRT5,2026-II,16,2026-12-03,P
VG260085,APS,2026-II,1,2026-08-17,P
VG260085,APS,2026-II,2,2026-08-24,P
VG260085,APS,2026-II,3,2026-08-31,P
VG260085,APS,2026-II,4,2026-09-07,P
VG260085,APS,2026-II,5,2026-09-14,P
VG260085,APS,2026-II,6,2026-09-21,T
VG260085,APS,2026-II,7,2026-09-28,P
VG260085,APS,2026-II,8,2026-10-05,P
VG260085,APS,2026-II,9,2026-10-12,P
VG260085,APS,2026-II,10,2026-10-19,P
VG260085,APS,2026-II,11,2026-10-26,P
VG260085,APS,2026-II,12,2026-11-02,P
VG260085,APS,2026-II,13,2026-11-09,P
VG260085,APS,2026-II,14,2026-11-16,P
VG260085,APS,2026-II,15,2026-11-23,P
VG260085,APS,2026-II,16,2026-11-30,P
VG260085,TBD,2026-II,1,2026-08-18,P
VG260085,TBD,2026-II,2,2026-08-25,P
VG260085,TBD,2026-II,3,2026-09-01,P
VG260085,TBD,2026-II,4,2026-09-08,P
VG260085,TBD,2026-II,5,2026-09-15,P
VG260085,TBD,2026-II,6,2026-09-22,P
VG260085,TBD,2026-II,7,2026-09-29,P
VG260085,TBD,2026-II,8,2026-10-06,P
VG260085,TBD,2026-II,9,2026-10-13,P
VG260085,TBD,2026-II,10,2026-10-20,P
VG260085,TBD,2026-II,11,2026-10-27,T
VG260085,TBD,2026-II,12,2026-11-03,P
VG260085,TBD,2026-II,13,2026-11-10,P
VG260085,TBD,2026-II,14,2026-11-17,P
VG260085,TBD,2026-II,15,2026-11-24,T
VG260085,TBD,2026-II,16,2026-12-01,P
VG260085,FIA,2026-II,1,2026-08-19,P
VG260085,FIA,2026-II,2,2026-08-26,P
VG260085,FIA,2026-II,3,2026-09-02,P
VG260085,FIA,2026-II,4,2026-09-09,P
VG260085,FIA,2026-II,5,2026-09-16,P
VG260085,FIA,2026-II,6,2026-09-23,P
VG260085,FIA,2026-II,7,2026-09-30,P
VG260085,FIA,2026-II,8,2026-10-07,P
VG260085,FIA,2026-II,9,2026-10-14,P
VG260085,FIA,2026-II,10,2026-10-21,P
VG260085,FIA,2026-II,11,2026-10-28,P
VG260085,FIA,2026-II,12,2026-11-04,P
VG260085,FIA,2026-II,13,2026-11-11,P
VG260085,FIA,2026-II,14,2026-11-18,P
VG260085,FIA,2026-II,15,2026-11-25,P
VG260085,FIA,2026-II,16,2026-12-02,P
VG260085,SDE,2026-II,1,2026-08-20,P
VG260085,SDE,2026-II,2,2026-08-27,P
VG260085,SDE,2026-II,3,2026-09-03,T
VG260085,SDE,2026-II,4,2026-09-10,P
VG260085,SDE,2026-II,5,2026-09-17,P
VG260085,SDE,2026-II,6,2026-09-24,P
VG260085,SDE,2026-II,7,2026-10-01,P
VG260085,SDE,2026-II,8,2026-10-08,F
VG260085,SDE,2026-II,9,2026-10-15,P
VG260085,SDE,2026-II,10,2026-10-22,P
VG260085,SDE,2026-II,11,2026-10-29,P
VG260085,SDE,2026-II,12,2026-11-05,P
VG260085,SDE,2026-II,13,2026-11-12,T
VG260085,SDE,2026-II,14,2026-11-19,P
VG260085,SDE,2026-II,15,2026-11-26,P
VG260085,SDE,2026-II,16,2026-12-03,P
VG260085,FCS,2026-II,1,2026-08-21,T
VG260085,FCS,2026-II,2,2026-08-28,P
VG260085,FCS,2026-II,3,2026-09-04,P
VG260085,FCS,2026-II,4,2026-09-11,P
VG260085,FCS,2026-II,5,2026-09-18,T
VG260085,FCS,2026-II,6,2026-09-25,P
VG260085,FCS,2026-II,7,2026-10-02,P
VG260085,FCS,2026-II,8,2026-10-09,P
VG260085,FCS,2026-II,9,2026-10-16,P
VG260085,FCS,2026-II,10,2026-10-23,P
VG260085,FCS,2026-II,11,2026-10-30,T
VG260085,FCS,2026-II,12,2026-11-06,P
VG260085,FCS,2026-II,13,2026-11-13,P
VG260085,FCS,2026-II,14,2026-11-20,P
VG260085,FCS,2026-II,15,2026-11-27,T
VG260085,FCS,2026-II,16,2026-12-04,P
VG260085,EIA,2026-II,1,2026-08-17,P
VG260085,EIA,2026-II,2,2026-08-24,P
VG260085,EIA,2026-II,3,2026-08-31,P
VG260085,EIA,2026-II,4,2026-09-07,P
VG260085,EIA,2026-II,5,2026-09-14,P
VG260085,EIA,2026-II,6,2026-09-21,J
VG260085,EIA,2026-II,7,2026-09-28,P
VG260085,EIA,2026-II,8,2026-10-05,P
VG260085,EIA,2026-II,9,2026-10-12,P
VG260085,EIA,2026-II,10,2026-10-19,P
VG260085,EIA,2026-II,11,2026-10-26,P
VG260085,EIA,2026-II,12,2026-11-02,P
VG260085,EIA,2026-II,13,2026-11-09,P
VG260085,EIA,2026-II,14,2026-11-16,P
VG260085,EIA,2026-II,15,2026-11-23,T
VG260085,EIA,2026-II,16,2026-11-30,P
VG260085,CII,2026-II,1,2026-08-18,P
VG260085,CII,2026-II,2,2026-08-25,P
VG260085,CII,2026-II,3,2026-09-01,P
VG260085,CII,2026-II,4,2026-09-08,P
VG260085,CII,2026-II,5,2026-09-15,P
VG260085,CII,2026-II,6,2026-09-22,P
VG260085,CII,2026-II,7,2026-09-29,P
VG260085,CII,2026-II,8,2026-10-06,T
VG260085,CII,2026-II,9,2026-10-13,P
VG260085,CII,2026-II,10,2026-10-20,P
VG260085,CII,2026-II,11,2026-10-27,P
VG260085,CII,2026-II,12,2026-11-03,P
VG260085,CII,2026-II,13,2026-11-10,P
VG260085,CII,2026-II,14,2026-11-17,P
VG260085,CII,2026-II,15,2026-11-24,P
VG260085,CII,2026-II,16,2026-12-01,P
VG260085,EIT,2026-II,1,2026-08-19,P
VG260085,EIT,2026-II,2,2026-08-26,P
VG260085,EIT,2026-II,3,2026-09-02,P
VG260085,EIT,2026-II,4,2026-09-09,P
VG260085,EIT,2026-II,5,2026-09-16,P
VG260085,EIT,2026-II,6,2026-09-23,P
VG260085,EIT,2026-II,7,2026-09-30,P
VG260085,EIT,2026-II,8,2026-10-07,T
VG260085,EIT,2026-II,9,2026-10-14,P
VG260085,EIT,2026-II,10,2026-10-21,P
VG260085,EIT,2026-II,11,2026-10-28,P
VG260085,EIT,2026-II,12,2026-11-04,P
VG260085,EIT,2026-II,13,2026-11-11,P
VG260085,EIT,2026-II,14,2026-11-18,P
VG260085,EIT,2026-II,15,2026-11-25,P
VG260085,EIT,2026-II,16,2026-12-02,P
VG260085,EFSRT5,2026-II,1,2026-08-20,P
VG260085,EFSRT5,2026-II,2,2026-08-27,P
VG260085,EFSRT5,2026-II,3,2026-09-03,P
VG260085,EFSRT5,2026-II,4,2026-09-10,P
VG260085,EFSRT5,2026-II,5,2026-09-17,P
VG260085,EFSRT5,2026-II,6,2026-09-24,P
VG260085,EFSRT5,2026-II,7,2026-10-01,P
VG260085,EFSRT5,2026-II,8,2026-10-08,P
VG260085,EFSRT5,2026-II,9,2026-10-15,P
VG260085,EFSRT5,2026-II,10,2026-10-22,P
VG260085,EFSRT5,2026-II,11,2026-10-29,P
VG260085,EFSRT5,2026-II,12,2026-11-05,P
VG260085,EFSRT5,2026-II,13,2026-11-12,P
VG260085,EFSRT5,2026-II,14,2026-11-19,P
VG260085,EFSRT5,2026-II,15,2026-11-26,P
VG260085,EFSRT5,2026-II,16,2026-12-03,P
VG260086,APS,2026-II,1,2026-08-17,P
VG260086,APS,2026-II,2,2026-08-24,P
VG260086,APS,2026-II,3,2026-08-31,P
VG260086,APS,2026-II,4,2026-09-07,P
VG260086,APS,2026-II,5,2026-09-14,T
VG260086,APS,2026-II,6,2026-09-21,P
VG260086,APS,2026-II,7,2026-09-28,P
VG260086,APS,2026-II,8,2026-10-05,P
VG260086,APS,2026-II,9,2026-10-12,F
VG260086,APS,2026-II,10,2026-10-19,P
VG260086,APS,2026-II,11,2026-10-26,P
VG260086,APS,2026-II,12,2026-11-02,P
VG260086,APS,2026-II,13,2026-11-09,P
VG260086,APS,2026-II,14,2026-11-16,P
VG260086,APS,2026-II,15,2026-11-23,J
VG260086,APS,2026-II,16,2026-11-30,P
VG260086,TBD,2026-II,1,2026-08-18,P
VG260086,TBD,2026-II,2,2026-08-25,P
VG260086,TBD,2026-II,3,2026-09-01,P
VG260086,TBD,2026-II,4,2026-09-08,P
VG260086,TBD,2026-II,5,2026-09-15,F
VG260086,TBD,2026-II,6,2026-09-22,P
VG260086,TBD,2026-II,7,2026-09-29,P
VG260086,TBD,2026-II,8,2026-10-06,T
VG260086,TBD,2026-II,9,2026-10-13,P
VG260086,TBD,2026-II,10,2026-10-20,P
VG260086,TBD,2026-II,11,2026-10-27,F
VG260086,TBD,2026-II,12,2026-11-03,P
VG260086,TBD,2026-II,13,2026-11-10,P
VG260086,TBD,2026-II,14,2026-11-17,P
VG260086,TBD,2026-II,15,2026-11-24,P
VG260086,TBD,2026-II,16,2026-12-01,P
VG260086,FIA,2026-II,1,2026-08-19,P
VG260086,FIA,2026-II,2,2026-08-26,P
VG260086,FIA,2026-II,3,2026-09-02,P
VG260086,FIA,2026-II,4,2026-09-09,P
VG260086,FIA,2026-II,5,2026-09-16,P
VG260086,FIA,2026-II,6,2026-09-23,P
VG260086,FIA,2026-II,7,2026-09-30,P
VG260086,FIA,2026-II,8,2026-10-07,T
VG260086,FIA,2026-II,9,2026-10-14,P
VG260086,FIA,2026-II,10,2026-10-21,P
VG260086,FIA,2026-II,11,2026-10-28,F
VG260086,FIA,2026-II,12,2026-11-04,P
VG260086,FIA,2026-II,13,2026-11-11,P
VG260086,FIA,2026-II,14,2026-11-18,P
VG260086,FIA,2026-II,15,2026-11-25,P
VG260086,FIA,2026-II,16,2026-12-02,P
VG260086,SDE,2026-II,1,2026-08-20,P
VG260086,SDE,2026-II,2,2026-08-27,T
VG260086,SDE,2026-II,3,2026-09-03,P
VG260086,SDE,2026-II,4,2026-09-10,P
VG260086,SDE,2026-II,5,2026-09-17,P
VG260086,SDE,2026-II,6,2026-09-24,T
VG260086,SDE,2026-II,7,2026-10-01,P
VG260086,SDE,2026-II,8,2026-10-08,P
VG260086,SDE,2026-II,9,2026-10-15,P
VG260086,SDE,2026-II,10,2026-10-22,P
VG260086,SDE,2026-II,11,2026-10-29,P
VG260086,SDE,2026-II,12,2026-11-05,T
VG260086,SDE,2026-II,13,2026-11-12,P
VG260086,SDE,2026-II,14,2026-11-19,P
VG260086,SDE,2026-II,15,2026-11-26,T
VG260086,SDE,2026-II,16,2026-12-03,P
VG260086,FCS,2026-II,1,2026-08-21,P
VG260086,FCS,2026-II,2,2026-08-28,P
VG260086,FCS,2026-II,3,2026-09-04,P
VG260086,FCS,2026-II,4,2026-09-11,P
VG260086,FCS,2026-II,5,2026-09-18,P
VG260086,FCS,2026-II,6,2026-09-25,P
VG260086,FCS,2026-II,7,2026-10-02,P
VG260086,FCS,2026-II,8,2026-10-09,P
VG260086,FCS,2026-II,9,2026-10-16,P
VG260086,FCS,2026-II,10,2026-10-23,P
VG260086,FCS,2026-II,11,2026-10-30,P
VG260086,FCS,2026-II,12,2026-11-06,P
VG260086,FCS,2026-II,13,2026-11-13,P
VG260086,FCS,2026-II,14,2026-11-20,P
VG260086,FCS,2026-II,15,2026-11-27,P
VG260086,FCS,2026-II,16,2026-12-04,P
VG260086,EIA,2026-II,1,2026-08-17,P
VG260086,EIA,2026-II,2,2026-08-24,P
VG260086,EIA,2026-II,3,2026-08-31,P
VG260086,EIA,2026-II,4,2026-09-07,P
VG260086,EIA,2026-II,5,2026-09-14,P
VG260086,EIA,2026-II,6,2026-09-21,P
VG260086,EIA,2026-II,7,2026-09-28,P
VG260086,EIA,2026-II,8,2026-10-05,P
VG260086,EIA,2026-II,9,2026-10-12,P
VG260086,EIA,2026-II,10,2026-10-19,P
VG260086,EIA,2026-II,11,2026-10-26,P
VG260086,EIA,2026-II,12,2026-11-02,T
VG260086,EIA,2026-II,13,2026-11-09,P
VG260086,EIA,2026-II,14,2026-11-16,T
VG260086,EIA,2026-II,15,2026-11-23,P
VG260086,EIA,2026-II,16,2026-11-30,P
VG260086,CII,2026-II,1,2026-08-18,P
VG260086,CII,2026-II,2,2026-08-25,P
VG260086,CII,2026-II,3,2026-09-01,T
VG260086,CII,2026-II,4,2026-09-08,P
VG260086,CII,2026-II,5,2026-09-15,P
VG260086,CII,2026-II,6,2026-09-22,P
VG260086,CII,2026-II,7,2026-09-29,P
VG260086,CII,2026-II,8,2026-10-06,P
VG260086,CII,2026-II,9,2026-10-13,P
VG260086,CII,2026-II,10,2026-10-20,P
VG260086,CII,2026-II,11,2026-10-27,P
VG260086,CII,2026-II,12,2026-11-03,P
VG260086,CII,2026-II,13,2026-11-10,P
VG260086,CII,2026-II,14,2026-11-17,P
VG260086,CII,2026-II,15,2026-11-24,P
VG260086,CII,2026-II,16,2026-12-01,P
VG260086,EIT,2026-II,1,2026-08-19,P
VG260086,EIT,2026-II,2,2026-08-26,P
VG260086,EIT,2026-II,3,2026-09-02,P
VG260086,EIT,2026-II,4,2026-09-09,P
VG260086,EIT,2026-II,5,2026-09-16,P
VG260086,EIT,2026-II,6,2026-09-23,F
VG260086,EIT,2026-II,7,2026-09-30,P
VG260086,EIT,2026-II,8,2026-10-07,T
VG260086,EIT,2026-II,9,2026-10-14,P
VG260086,EIT,2026-II,10,2026-10-21,F
VG260086,EIT,2026-II,11,2026-10-28,P
VG260086,EIT,2026-II,12,2026-11-04,P
VG260086,EIT,2026-II,13,2026-11-11,P
VG260086,EIT,2026-II,14,2026-11-18,T
VG260086,EIT,2026-II,15,2026-11-25,P
VG260086,EIT,2026-II,16,2026-12-02,T
VG260086,EFSRT5,2026-II,1,2026-08-20,P
VG260086,EFSRT5,2026-II,2,2026-08-27,F
VG260086,EFSRT5,2026-II,3,2026-09-03,P
VG260086,EFSRT5,2026-II,4,2026-09-10,P
VG260086,EFSRT5,2026-II,5,2026-09-17,P
VG260086,EFSRT5,2026-II,6,2026-09-24,P
VG260086,EFSRT5,2026-II,7,2026-10-01,T
VG260086,EFSRT5,2026-II,8,2026-10-08,P
VG260086,EFSRT5,2026-II,9,2026-10-15,T
VG260086,EFSRT5,2026-II,10,2026-10-22,P
VG260086,EFSRT5,2026-II,11,2026-10-29,P
VG260086,EFSRT5,2026-II,12,2026-11-05,P
VG260086,EFSRT5,2026-II,13,2026-11-12,P
VG260086,EFSRT5,2026-II,14,2026-11-19,P
VG260086,EFSRT5,2026-II,15,2026-11-26,P
VG260086,EFSRT5,2026-II,16,2026-12-03,P
VG260087,APS,2026-II,1,2026-08-17,P
VG260087,APS,2026-II,2,2026-08-24,P
VG260087,APS,2026-II,3,2026-08-31,P
VG260087,APS,2026-II,4,2026-09-07,T
VG260087,APS,2026-II,5,2026-09-14,P
VG260087,APS,2026-II,6,2026-09-21,P
VG260087,APS,2026-II,7,2026-09-28,P
VG260087,APS,2026-II,8,2026-10-05,P
VG260087,APS,2026-II,9,2026-10-12,P
VG260087,APS,2026-II,10,2026-10-19,P
VG260087,APS,2026-II,11,2026-10-26,P
VG260087,APS,2026-II,12,2026-11-02,P
VG260087,APS,2026-II,13,2026-11-09,P
VG260087,APS,2026-II,14,2026-11-16,P
VG260087,APS,2026-II,15,2026-11-23,P
VG260087,APS,2026-II,16,2026-11-30,P
VG260087,TBD,2026-II,1,2026-08-18,P
VG260087,TBD,2026-II,2,2026-08-25,P
VG260087,TBD,2026-II,3,2026-09-01,P
VG260087,TBD,2026-II,4,2026-09-08,P
VG260087,TBD,2026-II,5,2026-09-15,P
VG260087,TBD,2026-II,6,2026-09-22,P
VG260087,TBD,2026-II,7,2026-09-29,P
VG260087,TBD,2026-II,8,2026-10-06,P
VG260087,TBD,2026-II,9,2026-10-13,P
VG260087,TBD,2026-II,10,2026-10-20,P
VG260087,TBD,2026-II,11,2026-10-27,P
VG260087,TBD,2026-II,12,2026-11-03,P
VG260087,TBD,2026-II,13,2026-11-10,P
VG260087,TBD,2026-II,14,2026-11-17,P
VG260087,TBD,2026-II,15,2026-11-24,J
VG260087,TBD,2026-II,16,2026-12-01,P
VG260087,FIA,2026-II,1,2026-08-19,P
VG260087,FIA,2026-II,2,2026-08-26,P
VG260087,FIA,2026-II,3,2026-09-02,P
VG260087,FIA,2026-II,4,2026-09-09,P
VG260087,FIA,2026-II,5,2026-09-16,P
VG260087,FIA,2026-II,6,2026-09-23,P
VG260087,FIA,2026-II,7,2026-09-30,P
VG260087,FIA,2026-II,8,2026-10-07,P
VG260087,FIA,2026-II,9,2026-10-14,T
VG260087,FIA,2026-II,10,2026-10-21,P
VG260087,FIA,2026-II,11,2026-10-28,P
VG260087,FIA,2026-II,12,2026-11-04,P
VG260087,FIA,2026-II,13,2026-11-11,P
VG260087,FIA,2026-II,14,2026-11-18,P
VG260087,FIA,2026-II,15,2026-11-25,P
VG260087,FIA,2026-II,16,2026-12-02,P
VG260087,SDE,2026-II,1,2026-08-20,F
VG260087,SDE,2026-II,2,2026-08-27,P
VG260087,SDE,2026-II,3,2026-09-03,F
VG260087,SDE,2026-II,4,2026-09-10,P
VG260087,SDE,2026-II,5,2026-09-17,P
VG260087,SDE,2026-II,6,2026-09-24,F
VG260087,SDE,2026-II,7,2026-10-01,J
VG260087,SDE,2026-II,8,2026-10-08,P
VG260087,SDE,2026-II,9,2026-10-15,P
VG260087,SDE,2026-II,10,2026-10-22,P
VG260087,SDE,2026-II,11,2026-10-29,P
VG260087,SDE,2026-II,12,2026-11-05,P
VG260087,SDE,2026-II,13,2026-11-12,P
VG260087,SDE,2026-II,14,2026-11-19,P
VG260087,SDE,2026-II,15,2026-11-26,P
VG260087,SDE,2026-II,16,2026-12-03,P
VG260087,FCS,2026-II,1,2026-08-21,F
VG260087,FCS,2026-II,2,2026-08-28,P
VG260087,FCS,2026-II,3,2026-09-04,P
VG260087,FCS,2026-II,4,2026-09-11,P
VG260087,FCS,2026-II,5,2026-09-18,P
VG260087,FCS,2026-II,6,2026-09-25,F
VG260087,FCS,2026-II,7,2026-10-02,P
VG260087,FCS,2026-II,8,2026-10-09,T
VG260087,FCS,2026-II,9,2026-10-16,P
VG260087,FCS,2026-II,10,2026-10-23,P
VG260087,FCS,2026-II,11,2026-10-30,P
VG260087,FCS,2026-II,12,2026-11-06,F
VG260087,FCS,2026-II,13,2026-11-13,P
VG260087,FCS,2026-II,14,2026-11-20,T
VG260087,FCS,2026-II,15,2026-11-27,P
VG260087,FCS,2026-II,16,2026-12-04,P
VG260087,EIA,2026-II,1,2026-08-17,P
VG260087,EIA,2026-II,2,2026-08-24,P
VG260087,EIA,2026-II,3,2026-08-31,T
VG260087,EIA,2026-II,4,2026-09-07,T
VG260087,EIA,2026-II,5,2026-09-14,P
VG260087,EIA,2026-II,6,2026-09-21,P
VG260087,EIA,2026-II,7,2026-09-28,P
VG260087,EIA,2026-II,8,2026-10-05,P
VG260087,EIA,2026-II,9,2026-10-12,P
VG260087,EIA,2026-II,10,2026-10-19,T
VG260087,EIA,2026-II,11,2026-10-26,P
VG260087,EIA,2026-II,12,2026-11-02,P
VG260087,EIA,2026-II,13,2026-11-09,P
VG260087,EIA,2026-II,14,2026-11-16,P
VG260087,EIA,2026-II,15,2026-11-23,P
VG260087,EIA,2026-II,16,2026-11-30,P
VG260087,CII,2026-II,1,2026-08-18,F
VG260087,CII,2026-II,2,2026-08-25,P
VG260087,CII,2026-II,3,2026-09-01,P
VG260087,CII,2026-II,4,2026-09-08,P
VG260087,CII,2026-II,5,2026-09-15,P
VG260087,CII,2026-II,6,2026-09-22,P
VG260087,CII,2026-II,7,2026-09-29,P
VG260087,CII,2026-II,8,2026-10-06,P
VG260087,CII,2026-II,9,2026-10-13,P
VG260087,CII,2026-II,10,2026-10-20,P
VG260087,CII,2026-II,11,2026-10-27,P
VG260087,CII,2026-II,12,2026-11-03,P
VG260087,CII,2026-II,13,2026-11-10,P
VG260087,CII,2026-II,14,2026-11-17,F
VG260087,CII,2026-II,15,2026-11-24,F
VG260087,CII,2026-II,16,2026-12-01,P
VG260087,EIT,2026-II,1,2026-08-19,P
VG260087,EIT,2026-II,2,2026-08-26,P
VG260087,EIT,2026-II,3,2026-09-02,P
VG260087,EIT,2026-II,4,2026-09-09,P
VG260087,EIT,2026-II,5,2026-09-16,P
VG260087,EIT,2026-II,6,2026-09-23,P
VG260087,EIT,2026-II,7,2026-09-30,T
VG260087,EIT,2026-II,8,2026-10-07,P
VG260087,EIT,2026-II,9,2026-10-14,P
VG260087,EIT,2026-II,10,2026-10-21,P
VG260087,EIT,2026-II,11,2026-10-28,P
VG260087,EIT,2026-II,12,2026-11-04,P
VG260087,EIT,2026-II,13,2026-11-11,T
VG260087,EIT,2026-II,14,2026-11-18,P
VG260087,EIT,2026-II,15,2026-11-25,P
VG260087,EIT,2026-II,16,2026-12-02,P
VG260087,EFSRT5,2026-II,1,2026-08-20,P
VG260087,EFSRT5,2026-II,2,2026-08-27,P
VG260087,EFSRT5,2026-II,3,2026-09-03,P
VG260087,EFSRT5,2026-II,4,2026-09-10,P
VG260087,EFSRT5,2026-II,5,2026-09-17,P
VG260087,EFSRT5,2026-II,6,2026-09-24,P
VG260087,EFSRT5,2026-II,7,2026-10-01,P
VG260087,EFSRT5,2026-II,8,2026-10-08,P
VG260087,EFSRT5,2026-II,9,2026-10-15,P
VG260087,EFSRT5,2026-II,10,2026-10-22,P
VG260087,EFSRT5,2026-II,11,2026-10-29,P
VG260087,EFSRT5,2026-II,12,2026-11-05,P
VG260087,EFSRT5,2026-II,13,2026-11-12,P
VG260087,EFSRT5,2026-II,14,2026-11-19,P
VG260087,EFSRT5,2026-II,15,2026-11-26,P
VG260087,EFSRT5,2026-II,16,2026-12-03,P
VG260088,APS,2026-II,1,2026-08-17,P
VG260088,APS,2026-II,2,2026-08-24,T
VG260088,APS,2026-II,3,2026-08-31,P
VG260088,APS,2026-II,4,2026-09-07,P
VG260088,APS,2026-II,5,2026-09-14,P
VG260088,APS,2026-II,6,2026-09-21,P
VG260088,APS,2026-II,7,2026-09-28,P
VG260088,APS,2026-II,8,2026-10-05,P
VG260088,APS,2026-II,9,2026-10-12,P
VG260088,APS,2026-II,10,2026-10-19,P
VG260088,APS,2026-II,11,2026-10-26,P
VG260088,APS,2026-II,12,2026-11-02,P
VG260088,APS,2026-II,13,2026-11-09,P
VG260088,APS,2026-II,14,2026-11-16,P
VG260088,APS,2026-II,15,2026-11-23,P
VG260088,APS,2026-II,16,2026-11-30,P
VG260088,TBD,2026-II,1,2026-08-18,P
VG260088,TBD,2026-II,2,2026-08-25,P
VG260088,TBD,2026-II,3,2026-09-01,P
VG260088,TBD,2026-II,4,2026-09-08,P
VG260088,TBD,2026-II,5,2026-09-15,P
VG260088,TBD,2026-II,6,2026-09-22,P
VG260088,TBD,2026-II,7,2026-09-29,P
VG260088,TBD,2026-II,8,2026-10-06,T
VG260088,TBD,2026-II,9,2026-10-13,P
VG260088,TBD,2026-II,10,2026-10-20,P
VG260088,TBD,2026-II,11,2026-10-27,P
VG260088,TBD,2026-II,12,2026-11-03,P
VG260088,TBD,2026-II,13,2026-11-10,P
VG260088,TBD,2026-II,14,2026-11-17,P
VG260088,TBD,2026-II,15,2026-11-24,P
VG260088,TBD,2026-II,16,2026-12-01,P
VG260088,FIA,2026-II,1,2026-08-19,P
VG260088,FIA,2026-II,2,2026-08-26,P
VG260088,FIA,2026-II,3,2026-09-02,P
VG260088,FIA,2026-II,4,2026-09-09,P
VG260088,FIA,2026-II,5,2026-09-16,P
VG260088,FIA,2026-II,6,2026-09-23,P
VG260088,FIA,2026-II,7,2026-09-30,P
VG260088,FIA,2026-II,8,2026-10-07,P
VG260088,FIA,2026-II,9,2026-10-14,P
VG260088,FIA,2026-II,10,2026-10-21,P
VG260088,FIA,2026-II,11,2026-10-28,P
VG260088,FIA,2026-II,12,2026-11-04,P
VG260088,FIA,2026-II,13,2026-11-11,P
VG260088,FIA,2026-II,14,2026-11-18,P
VG260088,FIA,2026-II,15,2026-11-25,P
VG260088,FIA,2026-II,16,2026-12-02,P
VG260088,SDE,2026-II,1,2026-08-20,P
VG260088,SDE,2026-II,2,2026-08-27,P
VG260088,SDE,2026-II,3,2026-09-03,P
VG260088,SDE,2026-II,4,2026-09-10,P
VG260088,SDE,2026-II,5,2026-09-17,P
VG260088,SDE,2026-II,6,2026-09-24,P
VG260088,SDE,2026-II,7,2026-10-01,P
VG260088,SDE,2026-II,8,2026-10-08,P
VG260088,SDE,2026-II,9,2026-10-15,P
VG260088,SDE,2026-II,10,2026-10-22,P
VG260088,SDE,2026-II,11,2026-10-29,P
VG260088,SDE,2026-II,12,2026-11-05,P
VG260088,SDE,2026-II,13,2026-11-12,T
VG260088,SDE,2026-II,14,2026-11-19,P
VG260088,SDE,2026-II,15,2026-11-26,F
VG260088,SDE,2026-II,16,2026-12-03,P
VG260088,FCS,2026-II,1,2026-08-21,P
VG260088,FCS,2026-II,2,2026-08-28,P
VG260088,FCS,2026-II,3,2026-09-04,P
VG260088,FCS,2026-II,4,2026-09-11,P
VG260088,FCS,2026-II,5,2026-09-18,P
VG260088,FCS,2026-II,6,2026-09-25,P
VG260088,FCS,2026-II,7,2026-10-02,P
VG260088,FCS,2026-II,8,2026-10-09,P
VG260088,FCS,2026-II,9,2026-10-16,P
VG260088,FCS,2026-II,10,2026-10-23,T
VG260088,FCS,2026-II,11,2026-10-30,P
VG260088,FCS,2026-II,12,2026-11-06,T
VG260088,FCS,2026-II,13,2026-11-13,P
VG260088,FCS,2026-II,14,2026-11-20,F
VG260088,FCS,2026-II,15,2026-11-27,P
VG260088,FCS,2026-II,16,2026-12-04,P
VG260088,EIA,2026-II,1,2026-08-17,P
VG260088,EIA,2026-II,2,2026-08-24,P
VG260088,EIA,2026-II,3,2026-08-31,P
VG260088,EIA,2026-II,4,2026-09-07,P
VG260088,EIA,2026-II,5,2026-09-14,P
VG260088,EIA,2026-II,6,2026-09-21,P
VG260088,EIA,2026-II,7,2026-09-28,P
VG260088,EIA,2026-II,8,2026-10-05,P
VG260088,EIA,2026-II,9,2026-10-12,P
VG260088,EIA,2026-II,10,2026-10-19,F
VG260088,EIA,2026-II,11,2026-10-26,P
VG260088,EIA,2026-II,12,2026-11-02,P
VG260088,EIA,2026-II,13,2026-11-09,P
VG260088,EIA,2026-II,14,2026-11-16,P
VG260088,EIA,2026-II,15,2026-11-23,P
VG260088,EIA,2026-II,16,2026-11-30,P
VG260088,CII,2026-II,1,2026-08-18,P
VG260088,CII,2026-II,2,2026-08-25,P
VG260088,CII,2026-II,3,2026-09-01,P
VG260088,CII,2026-II,4,2026-09-08,P
VG260088,CII,2026-II,5,2026-09-15,P
VG260088,CII,2026-II,6,2026-09-22,P
VG260088,CII,2026-II,7,2026-09-29,P
VG260088,CII,2026-II,8,2026-10-06,P
VG260088,CII,2026-II,9,2026-10-13,P
VG260088,CII,2026-II,10,2026-10-20,P
VG260088,CII,2026-II,11,2026-10-27,P
VG260088,CII,2026-II,12,2026-11-03,P
VG260088,CII,2026-II,13,2026-11-10,P
VG260088,CII,2026-II,14,2026-11-17,P
VG260088,CII,2026-II,15,2026-11-24,T
VG260088,CII,2026-II,16,2026-12-01,P
VG260088,EIT,2026-II,1,2026-08-19,P
VG260088,EIT,2026-II,2,2026-08-26,P
VG260088,EIT,2026-II,3,2026-09-02,P
VG260088,EIT,2026-II,4,2026-09-09,P
VG260088,EIT,2026-II,5,2026-09-16,T
VG260088,EIT,2026-II,6,2026-09-23,F
VG260088,EIT,2026-II,7,2026-09-30,P
VG260088,EIT,2026-II,8,2026-10-07,P
VG260088,EIT,2026-II,9,2026-10-14,P
VG260088,EIT,2026-II,10,2026-10-21,P
VG260088,EIT,2026-II,11,2026-10-28,P
VG260088,EIT,2026-II,12,2026-11-04,P
VG260088,EIT,2026-II,13,2026-11-11,P
VG260088,EIT,2026-II,14,2026-11-18,P
VG260088,EIT,2026-II,15,2026-11-25,P
VG260088,EIT,2026-II,16,2026-12-02,T
VG260088,EFSRT5,2026-II,1,2026-08-20,P
VG260088,EFSRT5,2026-II,2,2026-08-27,P
VG260088,EFSRT5,2026-II,3,2026-09-03,T
VG260088,EFSRT5,2026-II,4,2026-09-10,P
VG260088,EFSRT5,2026-II,5,2026-09-17,P
VG260088,EFSRT5,2026-II,6,2026-09-24,P
VG260088,EFSRT5,2026-II,7,2026-10-01,P
VG260088,EFSRT5,2026-II,8,2026-10-08,P
VG260088,EFSRT5,2026-II,9,2026-10-15,P
VG260088,EFSRT5,2026-II,10,2026-10-22,P
VG260088,EFSRT5,2026-II,11,2026-10-29,P
VG260088,EFSRT5,2026-II,12,2026-11-05,F
VG260088,EFSRT5,2026-II,13,2026-11-12,P
VG260088,EFSRT5,2026-II,14,2026-11-19,T
VG260088,EFSRT5,2026-II,15,2026-11-26,P
VG260088,EFSRT5,2026-II,16,2026-12-03,T
VG260089,APS,2026-II,1,2026-08-17,P
VG260089,APS,2026-II,2,2026-08-24,P
VG260089,APS,2026-II,3,2026-08-31,F
VG260089,APS,2026-II,4,2026-09-07,P
VG260089,APS,2026-II,5,2026-09-14,P
VG260089,APS,2026-II,6,2026-09-21,P
VG260089,APS,2026-II,7,2026-09-28,P
VG260089,APS,2026-II,8,2026-10-05,P
VG260089,APS,2026-II,9,2026-10-12,P
VG260089,APS,2026-II,10,2026-10-19,P
VG260089,APS,2026-II,11,2026-10-26,P
VG260089,APS,2026-II,12,2026-11-02,P
VG260089,APS,2026-II,13,2026-11-09,P
VG260089,APS,2026-II,14,2026-11-16,P
VG260089,APS,2026-II,15,2026-11-23,P
VG260089,APS,2026-II,16,2026-11-30,F
VG260089,TBD,2026-II,1,2026-08-18,P
VG260089,TBD,2026-II,2,2026-08-25,P
VG260089,TBD,2026-II,3,2026-09-01,P
VG260089,TBD,2026-II,4,2026-09-08,P
VG260089,TBD,2026-II,5,2026-09-15,P
VG260089,TBD,2026-II,6,2026-09-22,T
VG260089,TBD,2026-II,7,2026-09-29,P
VG260089,TBD,2026-II,8,2026-10-06,F
VG260089,TBD,2026-II,9,2026-10-13,P
VG260089,TBD,2026-II,10,2026-10-20,P
VG260089,TBD,2026-II,11,2026-10-27,P
VG260089,TBD,2026-II,12,2026-11-03,T
VG260089,TBD,2026-II,13,2026-11-10,J
VG260089,TBD,2026-II,14,2026-11-17,P
VG260089,TBD,2026-II,15,2026-11-24,F
VG260089,TBD,2026-II,16,2026-12-01,F
VG260089,FIA,2026-II,1,2026-08-19,P
VG260089,FIA,2026-II,2,2026-08-26,P
VG260089,FIA,2026-II,3,2026-09-02,F
VG260089,FIA,2026-II,4,2026-09-09,P
VG260089,FIA,2026-II,5,2026-09-16,P
VG260089,FIA,2026-II,6,2026-09-23,P
VG260089,FIA,2026-II,7,2026-09-30,P
VG260089,FIA,2026-II,8,2026-10-07,P
VG260089,FIA,2026-II,9,2026-10-14,P
VG260089,FIA,2026-II,10,2026-10-21,P
VG260089,FIA,2026-II,11,2026-10-28,P
VG260089,FIA,2026-II,12,2026-11-04,P
VG260089,FIA,2026-II,13,2026-11-11,P
VG260089,FIA,2026-II,14,2026-11-18,P
VG260089,FIA,2026-II,15,2026-11-25,P
VG260089,FIA,2026-II,16,2026-12-02,P
VG260089,SDE,2026-II,1,2026-08-20,F
VG260089,SDE,2026-II,2,2026-08-27,F
VG260089,SDE,2026-II,3,2026-09-03,F
VG260089,SDE,2026-II,4,2026-09-10,P
VG260089,SDE,2026-II,5,2026-09-17,P
VG260089,SDE,2026-II,6,2026-09-24,P
VG260089,SDE,2026-II,7,2026-10-01,P
VG260089,SDE,2026-II,8,2026-10-08,P
VG260089,SDE,2026-II,9,2026-10-15,P
VG260089,SDE,2026-II,10,2026-10-22,P
VG260089,SDE,2026-II,11,2026-10-29,P
VG260089,SDE,2026-II,12,2026-11-05,F
VG260089,SDE,2026-II,13,2026-11-12,T
VG260089,SDE,2026-II,14,2026-11-19,P
VG260089,SDE,2026-II,15,2026-11-26,P
VG260089,SDE,2026-II,16,2026-12-03,P
VG260089,FCS,2026-II,1,2026-08-21,P
VG260089,FCS,2026-II,2,2026-08-28,T
VG260089,FCS,2026-II,3,2026-09-04,P
VG260089,FCS,2026-II,4,2026-09-11,F
VG260089,FCS,2026-II,5,2026-09-18,P
VG260089,FCS,2026-II,6,2026-09-25,P
VG260089,FCS,2026-II,7,2026-10-02,F
VG260089,FCS,2026-II,8,2026-10-09,P
VG260089,FCS,2026-II,9,2026-10-16,P
VG260089,FCS,2026-II,10,2026-10-23,P
VG260089,FCS,2026-II,11,2026-10-30,P
VG260089,FCS,2026-II,12,2026-11-06,P
VG260089,FCS,2026-II,13,2026-11-13,P
VG260089,FCS,2026-II,14,2026-11-20,P
VG260089,FCS,2026-II,15,2026-11-27,F
VG260089,FCS,2026-II,16,2026-12-04,P
VG260089,EIA,2026-II,1,2026-08-17,P
VG260089,EIA,2026-II,2,2026-08-24,P
VG260089,EIA,2026-II,3,2026-08-31,T
VG260089,EIA,2026-II,4,2026-09-07,P
VG260089,EIA,2026-II,5,2026-09-14,P
VG260089,EIA,2026-II,6,2026-09-21,P
VG260089,EIA,2026-II,7,2026-09-28,P
VG260089,EIA,2026-II,8,2026-10-05,P
VG260089,EIA,2026-II,9,2026-10-12,F
VG260089,EIA,2026-II,10,2026-10-19,P
VG260089,EIA,2026-II,11,2026-10-26,P
VG260089,EIA,2026-II,12,2026-11-02,P
VG260089,EIA,2026-II,13,2026-11-09,P
VG260089,EIA,2026-II,14,2026-11-16,P
VG260089,EIA,2026-II,15,2026-11-23,P
VG260089,EIA,2026-II,16,2026-11-30,P
VG260089,CII,2026-II,1,2026-08-18,T
VG260089,CII,2026-II,2,2026-08-25,P
VG260089,CII,2026-II,3,2026-09-01,P
VG260089,CII,2026-II,4,2026-09-08,P
VG260089,CII,2026-II,5,2026-09-15,F
VG260089,CII,2026-II,6,2026-09-22,P
VG260089,CII,2026-II,7,2026-09-29,F
VG260089,CII,2026-II,8,2026-10-06,P
VG260089,CII,2026-II,9,2026-10-13,P
VG260089,CII,2026-II,10,2026-10-20,P
VG260089,CII,2026-II,11,2026-10-27,P
VG260089,CII,2026-II,12,2026-11-03,P
VG260089,CII,2026-II,13,2026-11-10,P
VG260089,CII,2026-II,14,2026-11-17,P
VG260089,CII,2026-II,15,2026-11-24,P
VG260089,CII,2026-II,16,2026-12-01,P
VG260089,EIT,2026-II,1,2026-08-19,P
VG260089,EIT,2026-II,2,2026-08-26,T
VG260089,EIT,2026-II,3,2026-09-02,P
VG260089,EIT,2026-II,4,2026-09-09,P
VG260089,EIT,2026-II,5,2026-09-16,P
VG260089,EIT,2026-II,6,2026-09-23,T
VG260089,EIT,2026-II,7,2026-09-30,F
VG260089,EIT,2026-II,8,2026-10-07,F
VG260089,EIT,2026-II,9,2026-10-14,P
VG260089,EIT,2026-II,10,2026-10-21,P
VG260089,EIT,2026-II,11,2026-10-28,T
VG260089,EIT,2026-II,12,2026-11-04,P
VG260089,EIT,2026-II,13,2026-11-11,P
VG260089,EIT,2026-II,14,2026-11-18,P
VG260089,EIT,2026-II,15,2026-11-25,P
VG260089,EIT,2026-II,16,2026-12-02,P
VG260089,EFSRT5,2026-II,1,2026-08-20,P
VG260089,EFSRT5,2026-II,2,2026-08-27,P
VG260089,EFSRT5,2026-II,3,2026-09-03,P
VG260089,EFSRT5,2026-II,4,2026-09-10,P
VG260089,EFSRT5,2026-II,5,2026-09-17,P
VG260089,EFSRT5,2026-II,6,2026-09-24,P
VG260089,EFSRT5,2026-II,7,2026-10-01,P
VG260089,EFSRT5,2026-II,8,2026-10-08,J
VG260089,EFSRT5,2026-II,9,2026-10-15,P
VG260089,EFSRT5,2026-II,10,2026-10-22,T
VG260089,EFSRT5,2026-II,11,2026-10-29,P
VG260089,EFSRT5,2026-II,12,2026-11-05,P
VG260089,EFSRT5,2026-II,13,2026-11-12,P
VG260089,EFSRT5,2026-II,14,2026-11-19,P
VG260089,EFSRT5,2026-II,15,2026-11-26,P
VG260089,EFSRT5,2026-II,16,2026-12-03,P
VG260090,APS,2026-II,1,2026-08-17,P
VG260090,APS,2026-II,2,2026-08-24,T
VG260090,APS,2026-II,3,2026-08-31,P
VG260090,APS,2026-II,4,2026-09-07,P
VG260090,APS,2026-II,5,2026-09-14,J
VG260090,APS,2026-II,6,2026-09-21,P
VG260090,APS,2026-II,7,2026-09-28,P
VG260090,APS,2026-II,8,2026-10-05,P
VG260090,APS,2026-II,9,2026-10-12,P
VG260090,APS,2026-II,10,2026-10-19,F
VG260090,APS,2026-II,11,2026-10-26,P
VG260090,APS,2026-II,12,2026-11-02,P
VG260090,APS,2026-II,13,2026-11-09,P
VG260090,APS,2026-II,14,2026-11-16,P
VG260090,APS,2026-II,15,2026-11-23,P
VG260090,APS,2026-II,16,2026-11-30,P
VG260090,TBD,2026-II,1,2026-08-18,P
VG260090,TBD,2026-II,2,2026-08-25,P
VG260090,TBD,2026-II,3,2026-09-01,P
VG260090,TBD,2026-II,4,2026-09-08,P
VG260090,TBD,2026-II,5,2026-09-15,P
VG260090,TBD,2026-II,6,2026-09-22,P
VG260090,TBD,2026-II,7,2026-09-29,P
VG260090,TBD,2026-II,8,2026-10-06,T
VG260090,TBD,2026-II,9,2026-10-13,P
VG260090,TBD,2026-II,10,2026-10-20,F
VG260090,TBD,2026-II,11,2026-10-27,P
VG260090,TBD,2026-II,12,2026-11-03,P
VG260090,TBD,2026-II,13,2026-11-10,P
VG260090,TBD,2026-II,14,2026-11-17,P
VG260090,TBD,2026-II,15,2026-11-24,P
VG260090,TBD,2026-II,16,2026-12-01,P
VG260090,FIA,2026-II,1,2026-08-19,P
VG260090,FIA,2026-II,2,2026-08-26,P
VG260090,FIA,2026-II,3,2026-09-02,T
VG260090,FIA,2026-II,4,2026-09-09,P
VG260090,FIA,2026-II,5,2026-09-16,P
VG260090,FIA,2026-II,6,2026-09-23,P
VG260090,FIA,2026-II,7,2026-09-30,P
VG260090,FIA,2026-II,8,2026-10-07,P
VG260090,FIA,2026-II,9,2026-10-14,F
VG260090,FIA,2026-II,10,2026-10-21,P
VG260090,FIA,2026-II,11,2026-10-28,P
VG260090,FIA,2026-II,12,2026-11-04,P
VG260090,FIA,2026-II,13,2026-11-11,P
VG260090,FIA,2026-II,14,2026-11-18,F
VG260090,FIA,2026-II,15,2026-11-25,F
VG260090,FIA,2026-II,16,2026-12-02,P
VG260090,SDE,2026-II,1,2026-08-20,P
VG260090,SDE,2026-II,2,2026-08-27,P
VG260090,SDE,2026-II,3,2026-09-03,P
VG260090,SDE,2026-II,4,2026-09-10,P
VG260090,SDE,2026-II,5,2026-09-17,P
VG260090,SDE,2026-II,6,2026-09-24,J
VG260090,SDE,2026-II,7,2026-10-01,P
VG260090,SDE,2026-II,8,2026-10-08,F
VG260090,SDE,2026-II,9,2026-10-15,P
VG260090,SDE,2026-II,10,2026-10-22,P
VG260090,SDE,2026-II,11,2026-10-29,P
VG260090,SDE,2026-II,12,2026-11-05,P
VG260090,SDE,2026-II,13,2026-11-12,P
VG260090,SDE,2026-II,14,2026-11-19,P
VG260090,SDE,2026-II,15,2026-11-26,P
VG260090,SDE,2026-II,16,2026-12-03,P
VG260090,FCS,2026-II,1,2026-08-21,P
VG260090,FCS,2026-II,2,2026-08-28,P
VG260090,FCS,2026-II,3,2026-09-04,T
VG260090,FCS,2026-II,4,2026-09-11,P
VG260090,FCS,2026-II,5,2026-09-18,P
VG260090,FCS,2026-II,6,2026-09-25,P
VG260090,FCS,2026-II,7,2026-10-02,T
VG260090,FCS,2026-II,8,2026-10-09,P
VG260090,FCS,2026-II,9,2026-10-16,P
VG260090,FCS,2026-II,10,2026-10-23,T
VG260090,FCS,2026-II,11,2026-10-30,P
VG260090,FCS,2026-II,12,2026-11-06,P
VG260090,FCS,2026-II,13,2026-11-13,P
VG260090,FCS,2026-II,14,2026-11-20,P
VG260090,FCS,2026-II,15,2026-11-27,P
VG260090,FCS,2026-II,16,2026-12-04,F
VG260090,EIA,2026-II,1,2026-08-17,P
VG260090,EIA,2026-II,2,2026-08-24,F
VG260090,EIA,2026-II,3,2026-08-31,P
VG260090,EIA,2026-II,4,2026-09-07,P
VG260090,EIA,2026-II,5,2026-09-14,F
VG260090,EIA,2026-II,6,2026-09-21,P
VG260090,EIA,2026-II,7,2026-09-28,T
VG260090,EIA,2026-II,8,2026-10-05,P
VG260090,EIA,2026-II,9,2026-10-12,P
VG260090,EIA,2026-II,10,2026-10-19,P
VG260090,EIA,2026-II,11,2026-10-26,P
VG260090,EIA,2026-II,12,2026-11-02,T
VG260090,EIA,2026-II,13,2026-11-09,P
VG260090,EIA,2026-II,14,2026-11-16,P
VG260090,EIA,2026-II,15,2026-11-23,P
VG260090,EIA,2026-II,16,2026-11-30,T
VG260090,CII,2026-II,1,2026-08-18,P
VG260090,CII,2026-II,2,2026-08-25,P
VG260090,CII,2026-II,3,2026-09-01,P
VG260090,CII,2026-II,4,2026-09-08,P
VG260090,CII,2026-II,5,2026-09-15,P
VG260090,CII,2026-II,6,2026-09-22,F
VG260090,CII,2026-II,7,2026-09-29,P
VG260090,CII,2026-II,8,2026-10-06,P
VG260090,CII,2026-II,9,2026-10-13,F
VG260090,CII,2026-II,10,2026-10-20,T
VG260090,CII,2026-II,11,2026-10-27,P
VG260090,CII,2026-II,12,2026-11-03,P
VG260090,CII,2026-II,13,2026-11-10,P
VG260090,CII,2026-II,14,2026-11-17,P
VG260090,CII,2026-II,15,2026-11-24,P
VG260090,CII,2026-II,16,2026-12-01,T
VG260090,EIT,2026-II,1,2026-08-19,P
VG260090,EIT,2026-II,2,2026-08-26,F
VG260090,EIT,2026-II,3,2026-09-02,P
VG260090,EIT,2026-II,4,2026-09-09,P
VG260090,EIT,2026-II,5,2026-09-16,F
VG260090,EIT,2026-II,6,2026-09-23,P
VG260090,EIT,2026-II,7,2026-09-30,T
VG260090,EIT,2026-II,8,2026-10-07,T
VG260090,EIT,2026-II,9,2026-10-14,P
VG260090,EIT,2026-II,10,2026-10-21,P
VG260090,EIT,2026-II,11,2026-10-28,T
VG260090,EIT,2026-II,12,2026-11-04,P
VG260090,EIT,2026-II,13,2026-11-11,P
VG260090,EIT,2026-II,14,2026-11-18,P
VG260090,EIT,2026-II,15,2026-11-25,P
VG260090,EIT,2026-II,16,2026-12-02,P
VG260090,EFSRT5,2026-II,1,2026-08-20,J
VG260090,EFSRT5,2026-II,2,2026-08-27,P
VG260090,EFSRT5,2026-II,3,2026-09-03,P
VG260090,EFSRT5,2026-II,4,2026-09-10,P
VG260090,EFSRT5,2026-II,5,2026-09-17,P
VG260090,EFSRT5,2026-II,6,2026-09-24,P
VG260090,EFSRT5,2026-II,7,2026-10-01,P
VG260090,EFSRT5,2026-II,8,2026-10-08,P
VG260090,EFSRT5,2026-II,9,2026-10-15,F
VG260090,EFSRT5,2026-II,10,2026-10-22,P
VG260090,EFSRT5,2026-II,11,2026-10-29,P
VG260090,EFSRT5,2026-II,12,2026-11-05,P
VG260090,EFSRT5,2026-II,13,2026-11-12,P
VG260090,EFSRT5,2026-II,14,2026-11-19,P
VG260090,EFSRT5,2026-II,15,2026-11-26,P
VG260090,EFSRT5,2026-II,16,2026-12-03,P
VG260091,APS,2026-II,1,2026-08-17,P
VG260091,APS,2026-II,2,2026-08-24,P
VG260091,APS,2026-II,3,2026-08-31,P
VG260091,APS,2026-II,4,2026-09-07,T
VG260091,APS,2026-II,5,2026-09-14,P
VG260091,APS,2026-II,6,2026-09-21,F
VG260091,APS,2026-II,7,2026-09-28,P
VG260091,APS,2026-II,8,2026-10-05,P
VG260091,APS,2026-II,9,2026-10-12,T
VG260091,APS,2026-II,10,2026-10-19,P
VG260091,APS,2026-II,11,2026-10-26,P
VG260091,APS,2026-II,12,2026-11-02,P
VG260091,APS,2026-II,13,2026-11-09,P
VG260091,APS,2026-II,14,2026-11-16,P
VG260091,APS,2026-II,15,2026-11-23,F
VG260091,APS,2026-II,16,2026-11-30,P
VG260091,TBD,2026-II,1,2026-08-18,P
VG260091,TBD,2026-II,2,2026-08-25,P
VG260091,TBD,2026-II,3,2026-09-01,P
VG260091,TBD,2026-II,4,2026-09-08,F
VG260091,TBD,2026-II,5,2026-09-15,P
VG260091,TBD,2026-II,6,2026-09-22,P
VG260091,TBD,2026-II,7,2026-09-29,T
VG260091,TBD,2026-II,8,2026-10-06,F
VG260091,TBD,2026-II,9,2026-10-13,P
VG260091,TBD,2026-II,10,2026-10-20,P
VG260091,TBD,2026-II,11,2026-10-27,P
VG260091,TBD,2026-II,12,2026-11-03,P
VG260091,TBD,2026-II,13,2026-11-10,P
VG260091,TBD,2026-II,14,2026-11-17,P
VG260091,TBD,2026-II,15,2026-11-24,P
VG260091,TBD,2026-II,16,2026-12-01,P
VG260091,FIA,2026-II,1,2026-08-19,P
VG260091,FIA,2026-II,2,2026-08-26,T
VG260091,FIA,2026-II,3,2026-09-02,P
VG260091,FIA,2026-II,4,2026-09-09,F
VG260091,FIA,2026-II,5,2026-09-16,P
VG260091,FIA,2026-II,6,2026-09-23,P
VG260091,FIA,2026-II,7,2026-09-30,P
VG260091,FIA,2026-II,8,2026-10-07,J
VG260091,FIA,2026-II,9,2026-10-14,P
VG260091,FIA,2026-II,10,2026-10-21,P
VG260091,FIA,2026-II,11,2026-10-28,P
VG260091,FIA,2026-II,12,2026-11-04,P
VG260091,FIA,2026-II,13,2026-11-11,P
VG260091,FIA,2026-II,14,2026-11-18,P
VG260091,FIA,2026-II,15,2026-11-25,P
VG260091,FIA,2026-II,16,2026-12-02,P
VG260091,SDE,2026-II,1,2026-08-20,P
VG260091,SDE,2026-II,2,2026-08-27,P
VG260091,SDE,2026-II,3,2026-09-03,P
VG260091,SDE,2026-II,4,2026-09-10,P
VG260091,SDE,2026-II,5,2026-09-17,P
VG260091,SDE,2026-II,6,2026-09-24,F
VG260091,SDE,2026-II,7,2026-10-01,P
VG260091,SDE,2026-II,8,2026-10-08,P
VG260091,SDE,2026-II,9,2026-10-15,F
VG260091,SDE,2026-II,10,2026-10-22,P
VG260091,SDE,2026-II,11,2026-10-29,P
VG260091,SDE,2026-II,12,2026-11-05,J
VG260091,SDE,2026-II,13,2026-11-12,F
VG260091,SDE,2026-II,14,2026-11-19,F
VG260091,SDE,2026-II,15,2026-11-26,P
VG260091,SDE,2026-II,16,2026-12-03,F
VG260091,FCS,2026-II,1,2026-08-21,P
VG260091,FCS,2026-II,2,2026-08-28,P
VG260091,FCS,2026-II,3,2026-09-04,P
VG260091,FCS,2026-II,4,2026-09-11,P
VG260091,FCS,2026-II,5,2026-09-18,P
VG260091,FCS,2026-II,6,2026-09-25,P
VG260091,FCS,2026-II,7,2026-10-02,P
VG260091,FCS,2026-II,8,2026-10-09,F
VG260091,FCS,2026-II,9,2026-10-16,T
VG260091,FCS,2026-II,10,2026-10-23,P
VG260091,FCS,2026-II,11,2026-10-30,P
VG260091,FCS,2026-II,12,2026-11-06,J
VG260091,FCS,2026-II,13,2026-11-13,J
VG260091,FCS,2026-II,14,2026-11-20,J
VG260091,FCS,2026-II,15,2026-11-27,P
VG260091,FCS,2026-II,16,2026-12-04,P
VG260091,EIA,2026-II,1,2026-08-17,P
VG260091,EIA,2026-II,2,2026-08-24,F
VG260091,EIA,2026-II,3,2026-08-31,T
VG260091,EIA,2026-II,4,2026-09-07,F
VG260091,EIA,2026-II,5,2026-09-14,P
VG260091,EIA,2026-II,6,2026-09-21,J
VG260091,EIA,2026-II,7,2026-09-28,P
VG260091,EIA,2026-II,8,2026-10-05,P
VG260091,EIA,2026-II,9,2026-10-12,P
VG260091,EIA,2026-II,10,2026-10-19,P
VG260091,EIA,2026-II,11,2026-10-26,P
VG260091,EIA,2026-II,12,2026-11-02,P
VG260091,EIA,2026-II,13,2026-11-09,P
VG260091,EIA,2026-II,14,2026-11-16,P
VG260091,EIA,2026-II,15,2026-11-23,P
VG260091,EIA,2026-II,16,2026-11-30,P
VG260091,CII,2026-II,1,2026-08-18,P
VG260091,CII,2026-II,2,2026-08-25,P
VG260091,CII,2026-II,3,2026-09-01,P
VG260091,CII,2026-II,4,2026-09-08,P
VG260091,CII,2026-II,5,2026-09-15,P
VG260091,CII,2026-II,6,2026-09-22,P
VG260091,CII,2026-II,7,2026-09-29,F
VG260091,CII,2026-II,8,2026-10-06,P
VG260091,CII,2026-II,9,2026-10-13,P
VG260091,CII,2026-II,10,2026-10-20,P
VG260091,CII,2026-II,11,2026-10-27,P
VG260091,CII,2026-II,12,2026-11-03,P
VG260091,CII,2026-II,13,2026-11-10,P
VG260091,CII,2026-II,14,2026-11-17,P
VG260091,CII,2026-II,15,2026-11-24,P
VG260091,CII,2026-II,16,2026-12-01,P
VG260091,EIT,2026-II,1,2026-08-19,P
VG260091,EIT,2026-II,2,2026-08-26,P
VG260091,EIT,2026-II,3,2026-09-02,P
VG260091,EIT,2026-II,4,2026-09-09,P
VG260091,EIT,2026-II,5,2026-09-16,F
VG260091,EIT,2026-II,6,2026-09-23,P
VG260091,EIT,2026-II,7,2026-09-30,P
VG260091,EIT,2026-II,8,2026-10-07,P
VG260091,EIT,2026-II,9,2026-10-14,F
VG260091,EIT,2026-II,10,2026-10-21,F
VG260091,EIT,2026-II,11,2026-10-28,J
VG260091,EIT,2026-II,12,2026-11-04,F
VG260091,EIT,2026-II,13,2026-11-11,T
VG260091,EIT,2026-II,14,2026-11-18,T
VG260091,EIT,2026-II,15,2026-11-25,P
VG260091,EIT,2026-II,16,2026-12-02,P
VG260091,EFSRT5,2026-II,1,2026-08-20,P
VG260091,EFSRT5,2026-II,2,2026-08-27,P
VG260091,EFSRT5,2026-II,3,2026-09-03,F
VG260091,EFSRT5,2026-II,4,2026-09-10,F
VG260091,EFSRT5,2026-II,5,2026-09-17,P
VG260091,EFSRT5,2026-II,6,2026-09-24,P
VG260091,EFSRT5,2026-II,7,2026-10-01,J
VG260091,EFSRT5,2026-II,8,2026-10-08,P
VG260091,EFSRT5,2026-II,9,2026-10-15,P
VG260091,EFSRT5,2026-II,10,2026-10-22,T
VG260091,EFSRT5,2026-II,11,2026-10-29,F
VG260091,EFSRT5,2026-II,12,2026-11-05,P
VG260091,EFSRT5,2026-II,13,2026-11-12,P
VG260091,EFSRT5,2026-II,14,2026-11-19,P
VG260091,EFSRT5,2026-II,15,2026-11-26,P
VG260091,EFSRT5,2026-II,16,2026-12-03,P
VG260092,APS,2026-II,1,2026-08-17,P
VG260092,APS,2026-II,2,2026-08-24,P
VG260092,APS,2026-II,3,2026-08-31,P
VG260092,APS,2026-II,4,2026-09-07,P
VG260092,APS,2026-II,5,2026-09-14,T
VG260092,APS,2026-II,6,2026-09-21,F
VG260092,APS,2026-II,7,2026-09-28,T
VG260092,APS,2026-II,8,2026-10-05,P
VG260092,APS,2026-II,9,2026-10-12,P
VG260092,APS,2026-II,10,2026-10-19,P
VG260092,APS,2026-II,11,2026-10-26,P
VG260092,APS,2026-II,12,2026-11-02,P
VG260092,APS,2026-II,13,2026-11-09,P
VG260092,APS,2026-II,14,2026-11-16,P
VG260092,APS,2026-II,15,2026-11-23,P
VG260092,APS,2026-II,16,2026-11-30,P
VG260092,TBD,2026-II,1,2026-08-18,P
VG260092,TBD,2026-II,2,2026-08-25,P
VG260092,TBD,2026-II,3,2026-09-01,P
VG260092,TBD,2026-II,4,2026-09-08,P
VG260092,TBD,2026-II,5,2026-09-15,P
VG260092,TBD,2026-II,6,2026-09-22,P
VG260092,TBD,2026-II,7,2026-09-29,P
VG260092,TBD,2026-II,8,2026-10-06,P
VG260092,TBD,2026-II,9,2026-10-13,T
VG260092,TBD,2026-II,10,2026-10-20,F
VG260092,TBD,2026-II,11,2026-10-27,P
VG260092,TBD,2026-II,12,2026-11-03,P
VG260092,TBD,2026-II,13,2026-11-10,P
VG260092,TBD,2026-II,14,2026-11-17,T
VG260092,TBD,2026-II,15,2026-11-24,T
VG260092,TBD,2026-II,16,2026-12-01,P
VG260092,FIA,2026-II,1,2026-08-19,P
VG260092,FIA,2026-II,2,2026-08-26,P
VG260092,FIA,2026-II,3,2026-09-02,P
VG260092,FIA,2026-II,4,2026-09-09,P
VG260092,FIA,2026-II,5,2026-09-16,P
VG260092,FIA,2026-II,6,2026-09-23,P
VG260092,FIA,2026-II,7,2026-09-30,P
VG260092,FIA,2026-II,8,2026-10-07,F
VG260092,FIA,2026-II,9,2026-10-14,P
VG260092,FIA,2026-II,10,2026-10-21,T
VG260092,FIA,2026-II,11,2026-10-28,F
VG260092,FIA,2026-II,12,2026-11-04,P
VG260092,FIA,2026-II,13,2026-11-11,P
VG260092,FIA,2026-II,14,2026-11-18,P
VG260092,FIA,2026-II,15,2026-11-25,P
VG260092,FIA,2026-II,16,2026-12-02,P
VG260092,SDE,2026-II,1,2026-08-20,P
VG260092,SDE,2026-II,2,2026-08-27,P
VG260092,SDE,2026-II,3,2026-09-03,P
VG260092,SDE,2026-II,4,2026-09-10,J
VG260092,SDE,2026-II,5,2026-09-17,J
VG260092,SDE,2026-II,6,2026-09-24,P
VG260092,SDE,2026-II,7,2026-10-01,J
VG260092,SDE,2026-II,8,2026-10-08,P
VG260092,SDE,2026-II,9,2026-10-15,J
VG260092,SDE,2026-II,10,2026-10-22,P
VG260092,SDE,2026-II,11,2026-10-29,P
VG260092,SDE,2026-II,12,2026-11-05,F
VG260092,SDE,2026-II,13,2026-11-12,P
VG260092,SDE,2026-II,14,2026-11-19,P
VG260092,SDE,2026-II,15,2026-11-26,P
VG260092,SDE,2026-II,16,2026-12-03,P
VG260092,FCS,2026-II,1,2026-08-21,T
VG260092,FCS,2026-II,2,2026-08-28,F
VG260092,FCS,2026-II,3,2026-09-04,P
VG260092,FCS,2026-II,4,2026-09-11,F
VG260092,FCS,2026-II,5,2026-09-18,P
VG260092,FCS,2026-II,6,2026-09-25,P
VG260092,FCS,2026-II,7,2026-10-02,P
VG260092,FCS,2026-II,8,2026-10-09,P
VG260092,FCS,2026-II,9,2026-10-16,F
VG260092,FCS,2026-II,10,2026-10-23,P
VG260092,FCS,2026-II,11,2026-10-30,F
VG260092,FCS,2026-II,12,2026-11-06,P
VG260092,FCS,2026-II,13,2026-11-13,P
VG260092,FCS,2026-II,14,2026-11-20,P
VG260092,FCS,2026-II,15,2026-11-27,P
VG260092,FCS,2026-II,16,2026-12-04,F
VG260092,EIA,2026-II,1,2026-08-17,F
VG260092,EIA,2026-II,2,2026-08-24,P
VG260092,EIA,2026-II,3,2026-08-31,P
VG260092,EIA,2026-II,4,2026-09-07,P
VG260092,EIA,2026-II,5,2026-09-14,T
VG260092,EIA,2026-II,6,2026-09-21,P
VG260092,EIA,2026-II,7,2026-09-28,T
VG260092,EIA,2026-II,8,2026-10-05,T
VG260092,EIA,2026-II,9,2026-10-12,T
VG260092,EIA,2026-II,10,2026-10-19,P
VG260092,EIA,2026-II,11,2026-10-26,P
VG260092,EIA,2026-II,12,2026-11-02,T
VG260092,EIA,2026-II,13,2026-11-09,P
VG260092,EIA,2026-II,14,2026-11-16,P
VG260092,EIA,2026-II,15,2026-11-23,F
VG260092,EIA,2026-II,16,2026-11-30,T
VG260092,CII,2026-II,1,2026-08-18,J
VG260092,CII,2026-II,2,2026-08-25,P
VG260092,CII,2026-II,3,2026-09-01,P
VG260092,CII,2026-II,4,2026-09-08,P
VG260092,CII,2026-II,5,2026-09-15,P
VG260092,CII,2026-II,6,2026-09-22,P
VG260092,CII,2026-II,7,2026-09-29,P
VG260092,CII,2026-II,8,2026-10-06,P
VG260092,CII,2026-II,9,2026-10-13,T
VG260092,CII,2026-II,10,2026-10-20,F
VG260092,CII,2026-II,11,2026-10-27,P
VG260092,CII,2026-II,12,2026-11-03,P
VG260092,CII,2026-II,13,2026-11-10,P
VG260092,CII,2026-II,14,2026-11-17,P
VG260092,CII,2026-II,15,2026-11-24,P
VG260092,CII,2026-II,16,2026-12-01,P
VG260092,EIT,2026-II,1,2026-08-19,P
VG260092,EIT,2026-II,2,2026-08-26,F
VG260092,EIT,2026-II,3,2026-09-02,T
VG260092,EIT,2026-II,4,2026-09-09,P
VG260092,EIT,2026-II,5,2026-09-16,P
VG260092,EIT,2026-II,6,2026-09-23,P
VG260092,EIT,2026-II,7,2026-09-30,P
VG260092,EIT,2026-II,8,2026-10-07,F
VG260092,EIT,2026-II,9,2026-10-14,P
VG260092,EIT,2026-II,10,2026-10-21,P
VG260092,EIT,2026-II,11,2026-10-28,P
VG260092,EIT,2026-II,12,2026-11-04,F
VG260092,EIT,2026-II,13,2026-11-11,F
VG260092,EIT,2026-II,14,2026-11-18,P
VG260092,EIT,2026-II,15,2026-11-25,P
VG260092,EIT,2026-II,16,2026-12-02,P
VG260092,EFSRT5,2026-II,1,2026-08-20,F
VG260092,EFSRT5,2026-II,2,2026-08-27,F
VG260092,EFSRT5,2026-II,3,2026-09-03,P
VG260092,EFSRT5,2026-II,4,2026-09-10,P
VG260092,EFSRT5,2026-II,5,2026-09-17,F
VG260092,EFSRT5,2026-II,6,2026-09-24,P
VG260092,EFSRT5,2026-II,7,2026-10-01,P
VG260092,EFSRT5,2026-II,8,2026-10-08,P
VG260092,EFSRT5,2026-II,9,2026-10-15,P
VG260092,EFSRT5,2026-II,10,2026-10-22,P
VG260092,EFSRT5,2026-II,11,2026-10-29,P
VG260092,EFSRT5,2026-II,12,2026-11-05,P
VG260092,EFSRT5,2026-II,13,2026-11-12,P
VG260092,EFSRT5,2026-II,14,2026-11-19,P
VG260092,EFSRT5,2026-II,15,2026-11-26,P
VG260092,EFSRT5,2026-II,16,2026-12-03,P
VG260093,APS,2026-II,1,2026-08-17,P
VG260093,APS,2026-II,2,2026-08-24,P
VG260093,APS,2026-II,3,2026-08-31,P
VG260093,APS,2026-II,4,2026-09-07,P
VG260093,APS,2026-II,5,2026-09-14,P
VG260093,APS,2026-II,6,2026-09-21,P
VG260093,APS,2026-II,7,2026-09-28,F
VG260093,APS,2026-II,8,2026-10-05,T
VG260093,APS,2026-II,9,2026-10-12,T
VG260093,APS,2026-II,10,2026-10-19,P
VG260093,APS,2026-II,11,2026-10-26,P
VG260093,APS,2026-II,12,2026-11-02,P
VG260093,APS,2026-II,13,2026-11-09,P
VG260093,APS,2026-II,14,2026-11-16,P
VG260093,APS,2026-II,15,2026-11-23,P
VG260093,APS,2026-II,16,2026-11-30,P
VG260093,TBD,2026-II,1,2026-08-18,P
VG260093,TBD,2026-II,2,2026-08-25,P
VG260093,TBD,2026-II,3,2026-09-01,P
VG260093,TBD,2026-II,4,2026-09-08,P
VG260093,TBD,2026-II,5,2026-09-15,P
VG260093,TBD,2026-II,6,2026-09-22,T
VG260093,TBD,2026-II,7,2026-09-29,P
VG260093,TBD,2026-II,8,2026-10-06,P
VG260093,TBD,2026-II,9,2026-10-13,P
VG260093,TBD,2026-II,10,2026-10-20,P
VG260093,TBD,2026-II,11,2026-10-27,P
VG260093,TBD,2026-II,12,2026-11-03,P
VG260093,TBD,2026-II,13,2026-11-10,P
VG260093,TBD,2026-II,14,2026-11-17,P
VG260093,TBD,2026-II,15,2026-11-24,P
VG260093,TBD,2026-II,16,2026-12-01,P
VG260093,FIA,2026-II,1,2026-08-19,P
VG260093,FIA,2026-II,2,2026-08-26,P
VG260093,FIA,2026-II,3,2026-09-02,P
VG260093,FIA,2026-II,4,2026-09-09,P
VG260093,FIA,2026-II,5,2026-09-16,P
VG260093,FIA,2026-II,6,2026-09-23,P
VG260093,FIA,2026-II,7,2026-09-30,P
VG260093,FIA,2026-II,8,2026-10-07,P
VG260093,FIA,2026-II,9,2026-10-14,P
VG260093,FIA,2026-II,10,2026-10-21,F
VG260093,FIA,2026-II,11,2026-10-28,P
VG260093,FIA,2026-II,12,2026-11-04,P
VG260093,FIA,2026-II,13,2026-11-11,P
VG260093,FIA,2026-II,14,2026-11-18,P
VG260093,FIA,2026-II,15,2026-11-25,P
VG260093,FIA,2026-II,16,2026-12-02,P
VG260093,SDE,2026-II,1,2026-08-20,P
VG260093,SDE,2026-II,2,2026-08-27,P
VG260093,SDE,2026-II,3,2026-09-03,P
VG260093,SDE,2026-II,4,2026-09-10,P
VG260093,SDE,2026-II,5,2026-09-17,P
VG260093,SDE,2026-II,6,2026-09-24,P
VG260093,SDE,2026-II,7,2026-10-01,P
VG260093,SDE,2026-II,8,2026-10-08,P
VG260093,SDE,2026-II,9,2026-10-15,P
VG260093,SDE,2026-II,10,2026-10-22,P
VG260093,SDE,2026-II,11,2026-10-29,F
VG260093,SDE,2026-II,12,2026-11-05,P
VG260093,SDE,2026-II,13,2026-11-12,P
VG260093,SDE,2026-II,14,2026-11-19,P
VG260093,SDE,2026-II,15,2026-11-26,P
VG260093,SDE,2026-II,16,2026-12-03,P
VG260093,FCS,2026-II,1,2026-08-21,P
VG260093,FCS,2026-II,2,2026-08-28,P
VG260093,FCS,2026-II,3,2026-09-04,P
VG260093,FCS,2026-II,4,2026-09-11,P
VG260093,FCS,2026-II,5,2026-09-18,P
VG260093,FCS,2026-II,6,2026-09-25,P
VG260093,FCS,2026-II,7,2026-10-02,P
VG260093,FCS,2026-II,8,2026-10-09,P
VG260093,FCS,2026-II,9,2026-10-16,P
VG260093,FCS,2026-II,10,2026-10-23,P
VG260093,FCS,2026-II,11,2026-10-30,P
VG260093,FCS,2026-II,12,2026-11-06,P
VG260093,FCS,2026-II,13,2026-11-13,P
VG260093,FCS,2026-II,14,2026-11-20,T
VG260093,FCS,2026-II,15,2026-11-27,P
VG260093,FCS,2026-II,16,2026-12-04,P
VG260093,EIA,2026-II,1,2026-08-17,P
VG260093,EIA,2026-II,2,2026-08-24,P
VG260093,EIA,2026-II,3,2026-08-31,P
VG260093,EIA,2026-II,4,2026-09-07,P
VG260093,EIA,2026-II,5,2026-09-14,T
VG260093,EIA,2026-II,6,2026-09-21,P
VG260093,EIA,2026-II,7,2026-09-28,P
VG260093,EIA,2026-II,8,2026-10-05,P
VG260093,EIA,2026-II,9,2026-10-12,P
VG260093,EIA,2026-II,10,2026-10-19,P
VG260093,EIA,2026-II,11,2026-10-26,P
VG260093,EIA,2026-II,12,2026-11-02,T
VG260093,EIA,2026-II,13,2026-11-09,P
VG260093,EIA,2026-II,14,2026-11-16,P
VG260093,EIA,2026-II,15,2026-11-23,P
VG260093,EIA,2026-II,16,2026-11-30,P
VG260093,CII,2026-II,1,2026-08-18,P
VG260093,CII,2026-II,2,2026-08-25,P
VG260093,CII,2026-II,3,2026-09-01,P
VG260093,CII,2026-II,4,2026-09-08,P
VG260093,CII,2026-II,5,2026-09-15,P
VG260093,CII,2026-II,6,2026-09-22,P
VG260093,CII,2026-II,7,2026-09-29,P
VG260093,CII,2026-II,8,2026-10-06,P
VG260093,CII,2026-II,9,2026-10-13,P
VG260093,CII,2026-II,10,2026-10-20,T
VG260093,CII,2026-II,11,2026-10-27,P
VG260093,CII,2026-II,12,2026-11-03,T
VG260093,CII,2026-II,13,2026-11-10,P
VG260093,CII,2026-II,14,2026-11-17,P
VG260093,CII,2026-II,15,2026-11-24,P
VG260093,CII,2026-II,16,2026-12-01,P
VG260093,EIT,2026-II,1,2026-08-19,P
VG260093,EIT,2026-II,2,2026-08-26,P
VG260093,EIT,2026-II,3,2026-09-02,P
VG260093,EIT,2026-II,4,2026-09-09,P
VG260093,EIT,2026-II,5,2026-09-16,P
VG260093,EIT,2026-II,6,2026-09-23,T
VG260093,EIT,2026-II,7,2026-09-30,P
VG260093,EIT,2026-II,8,2026-10-07,P
VG260093,EIT,2026-II,9,2026-10-14,P
VG260093,EIT,2026-II,10,2026-10-21,P
VG260093,EIT,2026-II,11,2026-10-28,F
VG260093,EIT,2026-II,12,2026-11-04,P
VG260093,EIT,2026-II,13,2026-11-11,T
VG260093,EIT,2026-II,14,2026-11-18,P
VG260093,EIT,2026-II,15,2026-11-25,P
VG260093,EIT,2026-II,16,2026-12-02,P
VG260093,EFSRT5,2026-II,1,2026-08-20,P
VG260093,EFSRT5,2026-II,2,2026-08-27,P
VG260093,EFSRT5,2026-II,3,2026-09-03,P
VG260093,EFSRT5,2026-II,4,2026-09-10,P
VG260093,EFSRT5,2026-II,5,2026-09-17,P
VG260093,EFSRT5,2026-II,6,2026-09-24,P
VG260093,EFSRT5,2026-II,7,2026-10-01,P
VG260093,EFSRT5,2026-II,8,2026-10-08,P
VG260093,EFSRT5,2026-II,9,2026-10-15,P
VG260093,EFSRT5,2026-II,10,2026-10-22,P
VG260093,EFSRT5,2026-II,11,2026-10-29,P
VG260093,EFSRT5,2026-II,12,2026-11-05,P
VG260093,EFSRT5,2026-II,13,2026-11-12,P
VG260093,EFSRT5,2026-II,14,2026-11-19,P
VG260093,EFSRT5,2026-II,15,2026-11-26,P
VG260093,EFSRT5,2026-II,16,2026-12-03,P
VG260094,APS,2026-II,1,2026-08-17,P
VG260094,APS,2026-II,2,2026-08-24,P
VG260094,APS,2026-II,3,2026-08-31,P
VG260094,APS,2026-II,4,2026-09-07,P
VG260094,APS,2026-II,5,2026-09-14,P
VG260094,APS,2026-II,6,2026-09-21,P
VG260094,APS,2026-II,7,2026-09-28,P
VG260094,APS,2026-II,8,2026-10-05,P
VG260094,APS,2026-II,9,2026-10-12,P
VG260094,APS,2026-II,10,2026-10-19,P
VG260094,APS,2026-II,11,2026-10-26,P
VG260094,APS,2026-II,12,2026-11-02,T
VG260094,APS,2026-II,13,2026-11-09,T
VG260094,APS,2026-II,14,2026-11-16,P
VG260094,APS,2026-II,15,2026-11-23,P
VG260094,APS,2026-II,16,2026-11-30,P
VG260094,TBD,2026-II,1,2026-08-18,P
VG260094,TBD,2026-II,2,2026-08-25,P
VG260094,TBD,2026-II,3,2026-09-01,P
VG260094,TBD,2026-II,4,2026-09-08,P
VG260094,TBD,2026-II,5,2026-09-15,P
VG260094,TBD,2026-II,6,2026-09-22,P
VG260094,TBD,2026-II,7,2026-09-29,T
VG260094,TBD,2026-II,8,2026-10-06,P
VG260094,TBD,2026-II,9,2026-10-13,P
VG260094,TBD,2026-II,10,2026-10-20,P
VG260094,TBD,2026-II,11,2026-10-27,P
VG260094,TBD,2026-II,12,2026-11-03,P
VG260094,TBD,2026-II,13,2026-11-10,P
VG260094,TBD,2026-II,14,2026-11-17,P
VG260094,TBD,2026-II,15,2026-11-24,P
VG260094,TBD,2026-II,16,2026-12-01,P
VG260094,FIA,2026-II,1,2026-08-19,P
VG260094,FIA,2026-II,2,2026-08-26,T
VG260094,FIA,2026-II,3,2026-09-02,P
VG260094,FIA,2026-II,4,2026-09-09,P
VG260094,FIA,2026-II,5,2026-09-16,T
VG260094,FIA,2026-II,6,2026-09-23,P
VG260094,FIA,2026-II,7,2026-09-30,P
VG260094,FIA,2026-II,8,2026-10-07,T
VG260094,FIA,2026-II,9,2026-10-14,T
VG260094,FIA,2026-II,10,2026-10-21,P
VG260094,FIA,2026-II,11,2026-10-28,P
VG260094,FIA,2026-II,12,2026-11-04,P
VG260094,FIA,2026-II,13,2026-11-11,P
VG260094,FIA,2026-II,14,2026-11-18,P
VG260094,FIA,2026-II,15,2026-11-25,P
VG260094,FIA,2026-II,16,2026-12-02,P
VG260094,SDE,2026-II,1,2026-08-20,P
VG260094,SDE,2026-II,2,2026-08-27,P
VG260094,SDE,2026-II,3,2026-09-03,P
VG260094,SDE,2026-II,4,2026-09-10,P
VG260094,SDE,2026-II,5,2026-09-17,P
VG260094,SDE,2026-II,6,2026-09-24,P
VG260094,SDE,2026-II,7,2026-10-01,P
VG260094,SDE,2026-II,8,2026-10-08,P
VG260094,SDE,2026-II,9,2026-10-15,P
VG260094,SDE,2026-II,10,2026-10-22,P
VG260094,SDE,2026-II,11,2026-10-29,P
VG260094,SDE,2026-II,12,2026-11-05,P
VG260094,SDE,2026-II,13,2026-11-12,P
VG260094,SDE,2026-II,14,2026-11-19,P
VG260094,SDE,2026-II,15,2026-11-26,P
VG260094,SDE,2026-II,16,2026-12-03,P
VG260094,FCS,2026-II,1,2026-08-21,P
VG260094,FCS,2026-II,2,2026-08-28,P
VG260094,FCS,2026-II,3,2026-09-04,P
VG260094,FCS,2026-II,4,2026-09-11,P
VG260094,FCS,2026-II,5,2026-09-18,P
VG260094,FCS,2026-II,6,2026-09-25,P
VG260094,FCS,2026-II,7,2026-10-02,P
VG260094,FCS,2026-II,8,2026-10-09,P
VG260094,FCS,2026-II,9,2026-10-16,P
VG260094,FCS,2026-II,10,2026-10-23,P
VG260094,FCS,2026-II,11,2026-10-30,P
VG260094,FCS,2026-II,12,2026-11-06,P
VG260094,FCS,2026-II,13,2026-11-13,P
VG260094,FCS,2026-II,14,2026-11-20,P
VG260094,FCS,2026-II,15,2026-11-27,P
VG260094,FCS,2026-II,16,2026-12-04,P
VG260094,EIA,2026-II,1,2026-08-17,P
VG260094,EIA,2026-II,2,2026-08-24,P
VG260094,EIA,2026-II,3,2026-08-31,P
VG260094,EIA,2026-II,4,2026-09-07,P
VG260094,EIA,2026-II,5,2026-09-14,P
VG260094,EIA,2026-II,6,2026-09-21,P
VG260094,EIA,2026-II,7,2026-09-28,P
VG260094,EIA,2026-II,8,2026-10-05,P
VG260094,EIA,2026-II,9,2026-10-12,P
VG260094,EIA,2026-II,10,2026-10-19,T
VG260094,EIA,2026-II,11,2026-10-26,T
VG260094,EIA,2026-II,12,2026-11-02,P
VG260094,EIA,2026-II,13,2026-11-09,P
VG260094,EIA,2026-II,14,2026-11-16,P
VG260094,EIA,2026-II,15,2026-11-23,P
VG260094,EIA,2026-II,16,2026-11-30,P
VG260094,CII,2026-II,1,2026-08-18,P
VG260094,CII,2026-II,2,2026-08-25,P
VG260094,CII,2026-II,3,2026-09-01,P
VG260094,CII,2026-II,4,2026-09-08,P
VG260094,CII,2026-II,5,2026-09-15,P
VG260094,CII,2026-II,6,2026-09-22,P
VG260094,CII,2026-II,7,2026-09-29,P
VG260094,CII,2026-II,8,2026-10-06,P
VG260094,CII,2026-II,9,2026-10-13,P
VG260094,CII,2026-II,10,2026-10-20,P
VG260094,CII,2026-II,11,2026-10-27,T
VG260094,CII,2026-II,12,2026-11-03,P
VG260094,CII,2026-II,13,2026-11-10,P
VG260094,CII,2026-II,14,2026-11-17,P
VG260094,CII,2026-II,15,2026-11-24,P
VG260094,CII,2026-II,16,2026-12-01,P
VG260094,EIT,2026-II,1,2026-08-19,P
VG260094,EIT,2026-II,2,2026-08-26,P
VG260094,EIT,2026-II,3,2026-09-02,P
VG260094,EIT,2026-II,4,2026-09-09,T
VG260094,EIT,2026-II,5,2026-09-16,P
VG260094,EIT,2026-II,6,2026-09-23,P
VG260094,EIT,2026-II,7,2026-09-30,P
VG260094,EIT,2026-II,8,2026-10-07,P
VG260094,EIT,2026-II,9,2026-10-14,T
VG260094,EIT,2026-II,10,2026-10-21,P
VG260094,EIT,2026-II,11,2026-10-28,P
VG260094,EIT,2026-II,12,2026-11-04,P
VG260094,EIT,2026-II,13,2026-11-11,P
VG260094,EIT,2026-II,14,2026-11-18,P
VG260094,EIT,2026-II,15,2026-11-25,P
VG260094,EIT,2026-II,16,2026-12-02,P
VG260094,EFSRT5,2026-II,1,2026-08-20,P
VG260094,EFSRT5,2026-II,2,2026-08-27,P
VG260094,EFSRT5,2026-II,3,2026-09-03,P
VG260094,EFSRT5,2026-II,4,2026-09-10,P
VG260094,EFSRT5,2026-II,5,2026-09-17,P
VG260094,EFSRT5,2026-II,6,2026-09-24,P
VG260094,EFSRT5,2026-II,7,2026-10-01,P
VG260094,EFSRT5,2026-II,8,2026-10-08,P
VG260094,EFSRT5,2026-II,9,2026-10-15,P
VG260094,EFSRT5,2026-II,10,2026-10-22,P
VG260094,EFSRT5,2026-II,11,2026-10-29,P
VG260094,EFSRT5,2026-II,12,2026-11-05,P
VG260094,EFSRT5,2026-II,13,2026-11-12,P
VG260094,EFSRT5,2026-II,14,2026-11-19,P
VG260094,EFSRT5,2026-II,15,2026-11-26,P
VG260094,EFSRT5,2026-II,16,2026-12-03,P
VG260095,APS,2026-II,1,2026-08-17,P
VG260095,APS,2026-II,2,2026-08-24,P
VG260095,APS,2026-II,3,2026-08-31,P
VG260095,APS,2026-II,4,2026-09-07,P
VG260095,APS,2026-II,5,2026-09-14,P
VG260095,APS,2026-II,6,2026-09-21,P
VG260095,APS,2026-II,7,2026-09-28,P
VG260095,APS,2026-II,8,2026-10-05,P
VG260095,APS,2026-II,9,2026-10-12,P
VG260095,APS,2026-II,10,2026-10-19,P
VG260095,APS,2026-II,11,2026-10-26,P
VG260095,APS,2026-II,12,2026-11-02,P
VG260095,APS,2026-II,13,2026-11-09,P
VG260095,APS,2026-II,14,2026-11-16,P
VG260095,APS,2026-II,15,2026-11-23,P
VG260095,APS,2026-II,16,2026-11-30,P
VG260095,TBD,2026-II,1,2026-08-18,P
VG260095,TBD,2026-II,2,2026-08-25,P
VG260095,TBD,2026-II,3,2026-09-01,F
VG260095,TBD,2026-II,4,2026-09-08,F
VG260095,TBD,2026-II,5,2026-09-15,P
VG260095,TBD,2026-II,6,2026-09-22,T
VG260095,TBD,2026-II,7,2026-09-29,P
VG260095,TBD,2026-II,8,2026-10-06,P
VG260095,TBD,2026-II,9,2026-10-13,P
VG260095,TBD,2026-II,10,2026-10-20,T
VG260095,TBD,2026-II,11,2026-10-27,P
VG260095,TBD,2026-II,12,2026-11-03,P
VG260095,TBD,2026-II,13,2026-11-10,P
VG260095,TBD,2026-II,14,2026-11-17,P
VG260095,TBD,2026-II,15,2026-11-24,P
VG260095,TBD,2026-II,16,2026-12-01,P
VG260095,FIA,2026-II,1,2026-08-19,P
VG260095,FIA,2026-II,2,2026-08-26,J
VG260095,FIA,2026-II,3,2026-09-02,F
VG260095,FIA,2026-II,4,2026-09-09,P
VG260095,FIA,2026-II,5,2026-09-16,P
VG260095,FIA,2026-II,6,2026-09-23,P
VG260095,FIA,2026-II,7,2026-09-30,T
VG260095,FIA,2026-II,8,2026-10-07,P
VG260095,FIA,2026-II,9,2026-10-14,P
VG260095,FIA,2026-II,10,2026-10-21,F
VG260095,FIA,2026-II,11,2026-10-28,F
VG260095,FIA,2026-II,12,2026-11-04,P
VG260095,FIA,2026-II,13,2026-11-11,T
VG260095,FIA,2026-II,14,2026-11-18,P
VG260095,FIA,2026-II,15,2026-11-25,P
VG260095,FIA,2026-II,16,2026-12-02,P
VG260095,SDE,2026-II,1,2026-08-20,P
VG260095,SDE,2026-II,2,2026-08-27,P
VG260095,SDE,2026-II,3,2026-09-03,P
VG260095,SDE,2026-II,4,2026-09-10,P
VG260095,SDE,2026-II,5,2026-09-17,P
VG260095,SDE,2026-II,6,2026-09-24,P
VG260095,SDE,2026-II,7,2026-10-01,P
VG260095,SDE,2026-II,8,2026-10-08,P
VG260095,SDE,2026-II,9,2026-10-15,P
VG260095,SDE,2026-II,10,2026-10-22,P
VG260095,SDE,2026-II,11,2026-10-29,P
VG260095,SDE,2026-II,12,2026-11-05,P
VG260095,SDE,2026-II,13,2026-11-12,P
VG260095,SDE,2026-II,14,2026-11-19,P
VG260095,SDE,2026-II,15,2026-11-26,F
VG260095,SDE,2026-II,16,2026-12-03,P
VG260095,FCS,2026-II,1,2026-08-21,P
VG260095,FCS,2026-II,2,2026-08-28,P
VG260095,FCS,2026-II,3,2026-09-04,P
VG260095,FCS,2026-II,4,2026-09-11,P
VG260095,FCS,2026-II,5,2026-09-18,P
VG260095,FCS,2026-II,6,2026-09-25,F
VG260095,FCS,2026-II,7,2026-10-02,P
VG260095,FCS,2026-II,8,2026-10-09,P
VG260095,FCS,2026-II,9,2026-10-16,P
VG260095,FCS,2026-II,10,2026-10-23,P
VG260095,FCS,2026-II,11,2026-10-30,P
VG260095,FCS,2026-II,12,2026-11-06,P
VG260095,FCS,2026-II,13,2026-11-13,P
VG260095,FCS,2026-II,14,2026-11-20,T
VG260095,FCS,2026-II,15,2026-11-27,P
VG260095,FCS,2026-II,16,2026-12-04,F
VG260095,EIA,2026-II,1,2026-08-17,P
VG260095,EIA,2026-II,2,2026-08-24,P
VG260095,EIA,2026-II,3,2026-08-31,F
VG260095,EIA,2026-II,4,2026-09-07,F
VG260095,EIA,2026-II,5,2026-09-14,P
VG260095,EIA,2026-II,6,2026-09-21,P
VG260095,EIA,2026-II,7,2026-09-28,P
VG260095,EIA,2026-II,8,2026-10-05,P
VG260095,EIA,2026-II,9,2026-10-12,P
VG260095,EIA,2026-II,10,2026-10-19,P
VG260095,EIA,2026-II,11,2026-10-26,P
VG260095,EIA,2026-II,12,2026-11-02,P
VG260095,EIA,2026-II,13,2026-11-09,P
VG260095,EIA,2026-II,14,2026-11-16,P
VG260095,EIA,2026-II,15,2026-11-23,P
VG260095,EIA,2026-II,16,2026-11-30,P
VG260095,CII,2026-II,1,2026-08-18,P
VG260095,CII,2026-II,2,2026-08-25,P
VG260095,CII,2026-II,3,2026-09-01,P
VG260095,CII,2026-II,4,2026-09-08,P
VG260095,CII,2026-II,5,2026-09-15,P
VG260095,CII,2026-II,6,2026-09-22,J
VG260095,CII,2026-II,7,2026-09-29,P
VG260095,CII,2026-II,8,2026-10-06,P
VG260095,CII,2026-II,9,2026-10-13,P
VG260095,CII,2026-II,10,2026-10-20,P
VG260095,CII,2026-II,11,2026-10-27,P
VG260095,CII,2026-II,12,2026-11-03,P
VG260095,CII,2026-II,13,2026-11-10,P
VG260095,CII,2026-II,14,2026-11-17,P
VG260095,CII,2026-II,15,2026-11-24,P
VG260095,CII,2026-II,16,2026-12-01,P
VG260095,EIT,2026-II,1,2026-08-19,P
VG260095,EIT,2026-II,2,2026-08-26,P
VG260095,EIT,2026-II,3,2026-09-02,P
VG260095,EIT,2026-II,4,2026-09-09,P
VG260095,EIT,2026-II,5,2026-09-16,P
VG260095,EIT,2026-II,6,2026-09-23,P
VG260095,EIT,2026-II,7,2026-09-30,P
VG260095,EIT,2026-II,8,2026-10-07,P
VG260095,EIT,2026-II,9,2026-10-14,P
VG260095,EIT,2026-II,10,2026-10-21,P
VG260095,EIT,2026-II,11,2026-10-28,P
VG260095,EIT,2026-II,12,2026-11-04,P
VG260095,EIT,2026-II,13,2026-11-11,P
VG260095,EIT,2026-II,14,2026-11-18,J
VG260095,EIT,2026-II,15,2026-11-25,P
VG260095,EIT,2026-II,16,2026-12-02,P
VG260095,EFSRT5,2026-II,1,2026-08-20,P
VG260095,EFSRT5,2026-II,2,2026-08-27,P
VG260095,EFSRT5,2026-II,3,2026-09-03,P
VG260095,EFSRT5,2026-II,4,2026-09-10,P
VG260095,EFSRT5,2026-II,5,2026-09-17,P
VG260095,EFSRT5,2026-II,6,2026-09-24,F
VG260095,EFSRT5,2026-II,7,2026-10-01,P
VG260095,EFSRT5,2026-II,8,2026-10-08,P
VG260095,EFSRT5,2026-II,9,2026-10-15,P
VG260095,EFSRT5,2026-II,10,2026-10-22,P
VG260095,EFSRT5,2026-II,11,2026-10-29,P
VG260095,EFSRT5,2026-II,12,2026-11-05,P
VG260095,EFSRT5,2026-II,13,2026-11-12,P
VG260095,EFSRT5,2026-II,14,2026-11-19,P
VG260095,EFSRT5,2026-II,15,2026-11-26,P
VG260095,EFSRT5,2026-II,16,2026-12-03,P
VG260096,APS,2026-II,1,2026-08-17,P
VG260096,APS,2026-II,2,2026-08-24,P
VG260096,APS,2026-II,3,2026-08-31,P
VG260096,APS,2026-II,4,2026-09-07,P
VG260096,APS,2026-II,5,2026-09-14,P
VG260096,APS,2026-II,6,2026-09-21,P
VG260096,APS,2026-II,7,2026-09-28,P
VG260096,APS,2026-II,8,2026-10-05,T
VG260096,APS,2026-II,9,2026-10-12,P
VG260096,APS,2026-II,10,2026-10-19,P
VG260096,APS,2026-II,11,2026-10-26,P
VG260096,APS,2026-II,12,2026-11-02,T
VG260096,APS,2026-II,13,2026-11-09,P
VG260096,APS,2026-II,14,2026-11-16,T
VG260096,APS,2026-II,15,2026-11-23,P
VG260096,APS,2026-II,16,2026-11-30,P
VG260096,TBD,2026-II,1,2026-08-18,P
VG260096,TBD,2026-II,2,2026-08-25,P
VG260096,TBD,2026-II,3,2026-09-01,P
VG260096,TBD,2026-II,4,2026-09-08,P
VG260096,TBD,2026-II,5,2026-09-15,P
VG260096,TBD,2026-II,6,2026-09-22,P
VG260096,TBD,2026-II,7,2026-09-29,P
VG260096,TBD,2026-II,8,2026-10-06,P
VG260096,TBD,2026-II,9,2026-10-13,T
VG260096,TBD,2026-II,10,2026-10-20,P
VG260096,TBD,2026-II,11,2026-10-27,T
VG260096,TBD,2026-II,12,2026-11-03,P
VG260096,TBD,2026-II,13,2026-11-10,T
VG260096,TBD,2026-II,14,2026-11-17,P
VG260096,TBD,2026-II,15,2026-11-24,P
VG260096,TBD,2026-II,16,2026-12-01,P
VG260096,FIA,2026-II,1,2026-08-19,P
VG260096,FIA,2026-II,2,2026-08-26,P
VG260096,FIA,2026-II,3,2026-09-02,P
VG260096,FIA,2026-II,4,2026-09-09,P
VG260096,FIA,2026-II,5,2026-09-16,P
VG260096,FIA,2026-II,6,2026-09-23,T
VG260096,FIA,2026-II,7,2026-09-30,P
VG260096,FIA,2026-II,8,2026-10-07,P
VG260096,FIA,2026-II,9,2026-10-14,T
VG260096,FIA,2026-II,10,2026-10-21,T
VG260096,FIA,2026-II,11,2026-10-28,T
VG260096,FIA,2026-II,12,2026-11-04,P
VG260096,FIA,2026-II,13,2026-11-11,P
VG260096,FIA,2026-II,14,2026-11-18,P
VG260096,FIA,2026-II,15,2026-11-25,P
VG260096,FIA,2026-II,16,2026-12-02,P
VG260096,SDE,2026-II,1,2026-08-20,T
VG260096,SDE,2026-II,2,2026-08-27,P
VG260096,SDE,2026-II,3,2026-09-03,P
VG260096,SDE,2026-II,4,2026-09-10,P
VG260096,SDE,2026-II,5,2026-09-17,P
VG260096,SDE,2026-II,6,2026-09-24,P
VG260096,SDE,2026-II,7,2026-10-01,P
VG260096,SDE,2026-II,8,2026-10-08,P
VG260096,SDE,2026-II,9,2026-10-15,P
VG260096,SDE,2026-II,10,2026-10-22,P
VG260096,SDE,2026-II,11,2026-10-29,P
VG260096,SDE,2026-II,12,2026-11-05,P
VG260096,SDE,2026-II,13,2026-11-12,P
VG260096,SDE,2026-II,14,2026-11-19,P
VG260096,SDE,2026-II,15,2026-11-26,P
VG260096,SDE,2026-II,16,2026-12-03,P
VG260096,FCS,2026-II,1,2026-08-21,P
VG260096,FCS,2026-II,2,2026-08-28,P
VG260096,FCS,2026-II,3,2026-09-04,P
VG260096,FCS,2026-II,4,2026-09-11,P
VG260096,FCS,2026-II,5,2026-09-18,P
VG260096,FCS,2026-II,6,2026-09-25,P
VG260096,FCS,2026-II,7,2026-10-02,P
VG260096,FCS,2026-II,8,2026-10-09,P
VG260096,FCS,2026-II,9,2026-10-16,P
VG260096,FCS,2026-II,10,2026-10-23,P
VG260096,FCS,2026-II,11,2026-10-30,P
VG260096,FCS,2026-II,12,2026-11-06,P
VG260096,FCS,2026-II,13,2026-11-13,P
VG260096,FCS,2026-II,14,2026-11-20,P
VG260096,FCS,2026-II,15,2026-11-27,P
VG260096,FCS,2026-II,16,2026-12-04,P
VG260096,EIA,2026-II,1,2026-08-17,P
VG260096,EIA,2026-II,2,2026-08-24,P
VG260096,EIA,2026-II,3,2026-08-31,P
VG260096,EIA,2026-II,4,2026-09-07,P
VG260096,EIA,2026-II,5,2026-09-14,P
VG260096,EIA,2026-II,6,2026-09-21,P
VG260096,EIA,2026-II,7,2026-09-28,P
VG260096,EIA,2026-II,8,2026-10-05,P
VG260096,EIA,2026-II,9,2026-10-12,P
VG260096,EIA,2026-II,10,2026-10-19,P
VG260096,EIA,2026-II,11,2026-10-26,P
VG260096,EIA,2026-II,12,2026-11-02,P
VG260096,EIA,2026-II,13,2026-11-09,P
VG260096,EIA,2026-II,14,2026-11-16,P
VG260096,EIA,2026-II,15,2026-11-23,P
VG260096,EIA,2026-II,16,2026-11-30,P
VG260096,CII,2026-II,1,2026-08-18,P
VG260096,CII,2026-II,2,2026-08-25,P
VG260096,CII,2026-II,3,2026-09-01,P
VG260096,CII,2026-II,4,2026-09-08,P
VG260096,CII,2026-II,5,2026-09-15,P
VG260096,CII,2026-II,6,2026-09-22,P
VG260096,CII,2026-II,7,2026-09-29,P
VG260096,CII,2026-II,8,2026-10-06,P
VG260096,CII,2026-II,9,2026-10-13,T
VG260096,CII,2026-II,10,2026-10-20,P
VG260096,CII,2026-II,11,2026-10-27,P
VG260096,CII,2026-II,12,2026-11-03,P
VG260096,CII,2026-II,13,2026-11-10,P
VG260096,CII,2026-II,14,2026-11-17,P
VG260096,CII,2026-II,15,2026-11-24,T
VG260096,CII,2026-II,16,2026-12-01,P
VG260096,EIT,2026-II,1,2026-08-19,P
VG260096,EIT,2026-II,2,2026-08-26,T
VG260096,EIT,2026-II,3,2026-09-02,P
VG260096,EIT,2026-II,4,2026-09-09,P
VG260096,EIT,2026-II,5,2026-09-16,T
VG260096,EIT,2026-II,6,2026-09-23,P
VG260096,EIT,2026-II,7,2026-09-30,P
VG260096,EIT,2026-II,8,2026-10-07,P
VG260096,EIT,2026-II,9,2026-10-14,P
VG260096,EIT,2026-II,10,2026-10-21,P
VG260096,EIT,2026-II,11,2026-10-28,P
VG260096,EIT,2026-II,12,2026-11-04,P
VG260096,EIT,2026-II,13,2026-11-11,P
VG260096,EIT,2026-II,14,2026-11-18,P
VG260096,EIT,2026-II,15,2026-11-25,P
VG260096,EIT,2026-II,16,2026-12-02,T
VG260096,EFSRT5,2026-II,1,2026-08-20,P
VG260096,EFSRT5,2026-II,2,2026-08-27,P
VG260096,EFSRT5,2026-II,3,2026-09-03,T
VG260096,EFSRT5,2026-II,4,2026-09-10,P
VG260096,EFSRT5,2026-II,5,2026-09-17,P
VG260096,EFSRT5,2026-II,6,2026-09-24,P
VG260096,EFSRT5,2026-II,7,2026-10-01,P
VG260096,EFSRT5,2026-II,8,2026-10-08,P
VG260096,EFSRT5,2026-II,9,2026-10-15,P
VG260096,EFSRT5,2026-II,10,2026-10-22,P
VG260096,EFSRT5,2026-II,11,2026-10-29,P
VG260096,EFSRT5,2026-II,12,2026-11-05,P
VG260096,EFSRT5,2026-II,13,2026-11-12,P
VG260096,EFSRT5,2026-II,14,2026-11-19,P
VG260096,EFSRT5,2026-II,15,2026-11-26,P
VG260096,EFSRT5,2026-II,16,2026-12-03,T
VG260097,APS,2026-II,1,2026-08-17,P
VG260097,APS,2026-II,2,2026-08-24,P
VG260097,APS,2026-II,3,2026-08-31,P
VG260097,APS,2026-II,4,2026-09-07,P
VG260097,APS,2026-II,5,2026-09-14,P
VG260097,APS,2026-II,6,2026-09-21,P
VG260097,APS,2026-II,7,2026-09-28,P
VG260097,APS,2026-II,8,2026-10-05,P
VG260097,APS,2026-II,9,2026-10-12,P
VG260097,APS,2026-II,10,2026-10-19,P
VG260097,APS,2026-II,11,2026-10-26,P
VG260097,APS,2026-II,12,2026-11-02,P
VG260097,APS,2026-II,13,2026-11-09,P
VG260097,APS,2026-II,14,2026-11-16,P
VG260097,APS,2026-II,15,2026-11-23,P
VG260097,APS,2026-II,16,2026-11-30,P
VG260097,TBD,2026-II,1,2026-08-18,P
VG260097,TBD,2026-II,2,2026-08-25,T
VG260097,TBD,2026-II,3,2026-09-01,P
VG260097,TBD,2026-II,4,2026-09-08,P
VG260097,TBD,2026-II,5,2026-09-15,P
VG260097,TBD,2026-II,6,2026-09-22,P
VG260097,TBD,2026-II,7,2026-09-29,P
VG260097,TBD,2026-II,8,2026-10-06,P
VG260097,TBD,2026-II,9,2026-10-13,P
VG260097,TBD,2026-II,10,2026-10-20,P
VG260097,TBD,2026-II,11,2026-10-27,P
VG260097,TBD,2026-II,12,2026-11-03,P
VG260097,TBD,2026-II,13,2026-11-10,P
VG260097,TBD,2026-II,14,2026-11-17,P
VG260097,TBD,2026-II,15,2026-11-24,T
VG260097,TBD,2026-II,16,2026-12-01,P
VG260097,FIA,2026-II,1,2026-08-19,P
VG260097,FIA,2026-II,2,2026-08-26,P
VG260097,FIA,2026-II,3,2026-09-02,P
VG260097,FIA,2026-II,4,2026-09-09,P
VG260097,FIA,2026-II,5,2026-09-16,P
VG260097,FIA,2026-II,6,2026-09-23,P
VG260097,FIA,2026-II,7,2026-09-30,P
VG260097,FIA,2026-II,8,2026-10-07,P
VG260097,FIA,2026-II,9,2026-10-14,P
VG260097,FIA,2026-II,10,2026-10-21,P
VG260097,FIA,2026-II,11,2026-10-28,P
VG260097,FIA,2026-II,12,2026-11-04,P
VG260097,FIA,2026-II,13,2026-11-11,P
VG260097,FIA,2026-II,14,2026-11-18,P
VG260097,FIA,2026-II,15,2026-11-25,P
VG260097,FIA,2026-II,16,2026-12-02,P
VG260097,SDE,2026-II,1,2026-08-20,P
VG260097,SDE,2026-II,2,2026-08-27,T
VG260097,SDE,2026-II,3,2026-09-03,P
VG260097,SDE,2026-II,4,2026-09-10,P
VG260097,SDE,2026-II,5,2026-09-17,P
VG260097,SDE,2026-II,6,2026-09-24,P
VG260097,SDE,2026-II,7,2026-10-01,P
VG260097,SDE,2026-II,8,2026-10-08,P
VG260097,SDE,2026-II,9,2026-10-15,P
VG260097,SDE,2026-II,10,2026-10-22,P
VG260097,SDE,2026-II,11,2026-10-29,P
VG260097,SDE,2026-II,12,2026-11-05,T
VG260097,SDE,2026-II,13,2026-11-12,P
VG260097,SDE,2026-II,14,2026-11-19,T
VG260097,SDE,2026-II,15,2026-11-26,P
VG260097,SDE,2026-II,16,2026-12-03,P
VG260097,FCS,2026-II,1,2026-08-21,P
VG260097,FCS,2026-II,2,2026-08-28,P
VG260097,FCS,2026-II,3,2026-09-04,P
VG260097,FCS,2026-II,4,2026-09-11,P
VG260097,FCS,2026-II,5,2026-09-18,P
VG260097,FCS,2026-II,6,2026-09-25,P
VG260097,FCS,2026-II,7,2026-10-02,P
VG260097,FCS,2026-II,8,2026-10-09,P
VG260097,FCS,2026-II,9,2026-10-16,P
VG260097,FCS,2026-II,10,2026-10-23,P
VG260097,FCS,2026-II,11,2026-10-30,P
VG260097,FCS,2026-II,12,2026-11-06,P
VG260097,FCS,2026-II,13,2026-11-13,P
VG260097,FCS,2026-II,14,2026-11-20,P
VG260097,FCS,2026-II,15,2026-11-27,P
VG260097,FCS,2026-II,16,2026-12-04,P
VG260097,EIA,2026-II,1,2026-08-17,P
VG260097,EIA,2026-II,2,2026-08-24,P
VG260097,EIA,2026-II,3,2026-08-31,P
VG260097,EIA,2026-II,4,2026-09-07,P
VG260097,EIA,2026-II,5,2026-09-14,P
VG260097,EIA,2026-II,6,2026-09-21,T
VG260097,EIA,2026-II,7,2026-09-28,P
VG260097,EIA,2026-II,8,2026-10-05,P
VG260097,EIA,2026-II,9,2026-10-12,P
VG260097,EIA,2026-II,10,2026-10-19,T
VG260097,EIA,2026-II,11,2026-10-26,P
VG260097,EIA,2026-II,12,2026-11-02,P
VG260097,EIA,2026-II,13,2026-11-09,P
VG260097,EIA,2026-II,14,2026-11-16,P
VG260097,EIA,2026-II,15,2026-11-23,P
VG260097,EIA,2026-II,16,2026-11-30,P
VG260097,CII,2026-II,1,2026-08-18,P
VG260097,CII,2026-II,2,2026-08-25,P
VG260097,CII,2026-II,3,2026-09-01,P
VG260097,CII,2026-II,4,2026-09-08,P
VG260097,CII,2026-II,5,2026-09-15,T
VG260097,CII,2026-II,6,2026-09-22,P
VG260097,CII,2026-II,7,2026-09-29,P
VG260097,CII,2026-II,8,2026-10-06,P
VG260097,CII,2026-II,9,2026-10-13,P
VG260097,CII,2026-II,10,2026-10-20,P
VG260097,CII,2026-II,11,2026-10-27,P
VG260097,CII,2026-II,12,2026-11-03,P
VG260097,CII,2026-II,13,2026-11-10,P
VG260097,CII,2026-II,14,2026-11-17,P
VG260097,CII,2026-II,15,2026-11-24,P
VG260097,CII,2026-II,16,2026-12-01,P
VG260097,EIT,2026-II,1,2026-08-19,P
VG260097,EIT,2026-II,2,2026-08-26,P
VG260097,EIT,2026-II,3,2026-09-02,P
VG260097,EIT,2026-II,4,2026-09-09,P
VG260097,EIT,2026-II,5,2026-09-16,P
VG260097,EIT,2026-II,6,2026-09-23,P
VG260097,EIT,2026-II,7,2026-09-30,P
VG260097,EIT,2026-II,8,2026-10-07,P
VG260097,EIT,2026-II,9,2026-10-14,P
VG260097,EIT,2026-II,10,2026-10-21,P
VG260097,EIT,2026-II,11,2026-10-28,P
VG260097,EIT,2026-II,12,2026-11-04,P
VG260097,EIT,2026-II,13,2026-11-11,P
VG260097,EIT,2026-II,14,2026-11-18,P
VG260097,EIT,2026-II,15,2026-11-25,P
VG260097,EIT,2026-II,16,2026-12-02,P
VG260097,EFSRT5,2026-II,1,2026-08-20,P
VG260097,EFSRT5,2026-II,2,2026-08-27,P
VG260097,EFSRT5,2026-II,3,2026-09-03,P
VG260097,EFSRT5,2026-II,4,2026-09-10,P
VG260097,EFSRT5,2026-II,5,2026-09-17,P
VG260097,EFSRT5,2026-II,6,2026-09-24,P
VG260097,EFSRT5,2026-II,7,2026-10-01,P
VG260097,EFSRT5,2026-II,8,2026-10-08,P
VG260097,EFSRT5,2026-II,9,2026-10-15,P
VG260097,EFSRT5,2026-II,10,2026-10-22,P
VG260097,EFSRT5,2026-II,11,2026-10-29,P
VG260097,EFSRT5,2026-II,12,2026-11-05,T
VG260097,EFSRT5,2026-II,13,2026-11-12,P
VG260097,EFSRT5,2026-II,14,2026-11-19,P
VG260097,EFSRT5,2026-II,15,2026-11-26,P
VG260097,EFSRT5,2026-II,16,2026-12-03,P
VG260098,APS,2026-II,1,2026-08-17,P
VG260098,APS,2026-II,2,2026-08-24,P
VG260098,APS,2026-II,3,2026-08-31,P
VG260098,APS,2026-II,4,2026-09-07,P
VG260098,APS,2026-II,5,2026-09-14,P
VG260098,APS,2026-II,6,2026-09-21,P
VG260098,APS,2026-II,7,2026-09-28,P
VG260098,APS,2026-II,8,2026-10-05,P
VG260098,APS,2026-II,9,2026-10-12,P
VG260098,APS,2026-II,10,2026-10-19,P
VG260098,APS,2026-II,11,2026-10-26,P
VG260098,APS,2026-II,12,2026-11-02,P
VG260098,APS,2026-II,13,2026-11-09,P
VG260098,APS,2026-II,14,2026-11-16,P
VG260098,APS,2026-II,15,2026-11-23,P
VG260098,APS,2026-II,16,2026-11-30,P
VG260098,TBD,2026-II,1,2026-08-18,P
VG260098,TBD,2026-II,2,2026-08-25,P
VG260098,TBD,2026-II,3,2026-09-01,P
VG260098,TBD,2026-II,4,2026-09-08,P
VG260098,TBD,2026-II,5,2026-09-15,P
VG260098,TBD,2026-II,6,2026-09-22,P
VG260098,TBD,2026-II,7,2026-09-29,P
VG260098,TBD,2026-II,8,2026-10-06,P
VG260098,TBD,2026-II,9,2026-10-13,P
VG260098,TBD,2026-II,10,2026-10-20,P
VG260098,TBD,2026-II,11,2026-10-27,P
VG260098,TBD,2026-II,12,2026-11-03,P
VG260098,TBD,2026-II,13,2026-11-10,P
VG260098,TBD,2026-II,14,2026-11-17,P
VG260098,TBD,2026-II,15,2026-11-24,T
VG260098,TBD,2026-II,16,2026-12-01,P
VG260098,FIA,2026-II,1,2026-08-19,P
VG260098,FIA,2026-II,2,2026-08-26,P
VG260098,FIA,2026-II,3,2026-09-02,P
VG260098,FIA,2026-II,4,2026-09-09,P
VG260098,FIA,2026-II,5,2026-09-16,P
VG260098,FIA,2026-II,6,2026-09-23,P
VG260098,FIA,2026-II,7,2026-09-30,P
VG260098,FIA,2026-II,8,2026-10-07,P
VG260098,FIA,2026-II,9,2026-10-14,P
VG260098,FIA,2026-II,10,2026-10-21,P
VG260098,FIA,2026-II,11,2026-10-28,P
VG260098,FIA,2026-II,12,2026-11-04,P
VG260098,FIA,2026-II,13,2026-11-11,P
VG260098,FIA,2026-II,14,2026-11-18,P
VG260098,FIA,2026-II,15,2026-11-25,P
VG260098,FIA,2026-II,16,2026-12-02,T
VG260098,SDE,2026-II,1,2026-08-20,P
VG260098,SDE,2026-II,2,2026-08-27,P
VG260098,SDE,2026-II,3,2026-09-03,P
VG260098,SDE,2026-II,4,2026-09-10,P
VG260098,SDE,2026-II,5,2026-09-17,P
VG260098,SDE,2026-II,6,2026-09-24,P
VG260098,SDE,2026-II,7,2026-10-01,P
VG260098,SDE,2026-II,8,2026-10-08,T
VG260098,SDE,2026-II,9,2026-10-15,P
VG260098,SDE,2026-II,10,2026-10-22,P
VG260098,SDE,2026-II,11,2026-10-29,T
VG260098,SDE,2026-II,12,2026-11-05,P
VG260098,SDE,2026-II,13,2026-11-12,P
VG260098,SDE,2026-II,14,2026-11-19,P
VG260098,SDE,2026-II,15,2026-11-26,T
VG260098,SDE,2026-II,16,2026-12-03,P
VG260098,FCS,2026-II,1,2026-08-21,P
VG260098,FCS,2026-II,2,2026-08-28,P
VG260098,FCS,2026-II,3,2026-09-04,P
VG260098,FCS,2026-II,4,2026-09-11,P
VG260098,FCS,2026-II,5,2026-09-18,P
VG260098,FCS,2026-II,6,2026-09-25,P
VG260098,FCS,2026-II,7,2026-10-02,P
VG260098,FCS,2026-II,8,2026-10-09,P
VG260098,FCS,2026-II,9,2026-10-16,P
VG260098,FCS,2026-II,10,2026-10-23,P
VG260098,FCS,2026-II,11,2026-10-30,T
VG260098,FCS,2026-II,12,2026-11-06,P
VG260098,FCS,2026-II,13,2026-11-13,P
VG260098,FCS,2026-II,14,2026-11-20,P
VG260098,FCS,2026-II,15,2026-11-27,P
VG260098,FCS,2026-II,16,2026-12-04,P
VG260098,EIA,2026-II,1,2026-08-17,T
VG260098,EIA,2026-II,2,2026-08-24,P
VG260098,EIA,2026-II,3,2026-08-31,P
VG260098,EIA,2026-II,4,2026-09-07,P
VG260098,EIA,2026-II,5,2026-09-14,P
VG260098,EIA,2026-II,6,2026-09-21,P
VG260098,EIA,2026-II,7,2026-09-28,P
VG260098,EIA,2026-II,8,2026-10-05,P
VG260098,EIA,2026-II,9,2026-10-12,P
VG260098,EIA,2026-II,10,2026-10-19,P
VG260098,EIA,2026-II,11,2026-10-26,P
VG260098,EIA,2026-II,12,2026-11-02,T
VG260098,EIA,2026-II,13,2026-11-09,P
VG260098,EIA,2026-II,14,2026-11-16,P
VG260098,EIA,2026-II,15,2026-11-23,P
VG260098,EIA,2026-II,16,2026-11-30,P
VG260098,CII,2026-II,1,2026-08-18,P
VG260098,CII,2026-II,2,2026-08-25,P
VG260098,CII,2026-II,3,2026-09-01,P
VG260098,CII,2026-II,4,2026-09-08,P
VG260098,CII,2026-II,5,2026-09-15,P
VG260098,CII,2026-II,6,2026-09-22,T
VG260098,CII,2026-II,7,2026-09-29,P
VG260098,CII,2026-II,8,2026-10-06,T
VG260098,CII,2026-II,9,2026-10-13,P
VG260098,CII,2026-II,10,2026-10-20,P
VG260098,CII,2026-II,11,2026-10-27,P
VG260098,CII,2026-II,12,2026-11-03,P
VG260098,CII,2026-II,13,2026-11-10,P
VG260098,CII,2026-II,14,2026-11-17,P
VG260098,CII,2026-II,15,2026-11-24,P
VG260098,CII,2026-II,16,2026-12-01,P
VG260098,EIT,2026-II,1,2026-08-19,T
VG260098,EIT,2026-II,2,2026-08-26,P
VG260098,EIT,2026-II,3,2026-09-02,T
VG260098,EIT,2026-II,4,2026-09-09,P
VG260098,EIT,2026-II,5,2026-09-16,P
VG260098,EIT,2026-II,6,2026-09-23,P
VG260098,EIT,2026-II,7,2026-09-30,P
VG260098,EIT,2026-II,8,2026-10-07,P
VG260098,EIT,2026-II,9,2026-10-14,P
VG260098,EIT,2026-II,10,2026-10-21,P
VG260098,EIT,2026-II,11,2026-10-28,P
VG260098,EIT,2026-II,12,2026-11-04,T
VG260098,EIT,2026-II,13,2026-11-11,P
VG260098,EIT,2026-II,14,2026-11-18,P
VG260098,EIT,2026-II,15,2026-11-25,T
VG260098,EIT,2026-II,16,2026-12-02,P
VG260098,EFSRT5,2026-II,1,2026-08-20,P
VG260098,EFSRT5,2026-II,2,2026-08-27,P
VG260098,EFSRT5,2026-II,3,2026-09-03,T
VG260098,EFSRT5,2026-II,4,2026-09-10,P
VG260098,EFSRT5,2026-II,5,2026-09-17,P
VG260098,EFSRT5,2026-II,6,2026-09-24,P
VG260098,EFSRT5,2026-II,7,2026-10-01,P
VG260098,EFSRT5,2026-II,8,2026-10-08,P
VG260098,EFSRT5,2026-II,9,2026-10-15,P
VG260098,EFSRT5,2026-II,10,2026-10-22,P
VG260098,EFSRT5,2026-II,11,2026-10-29,T
VG260098,EFSRT5,2026-II,12,2026-11-05,P
VG260098,EFSRT5,2026-II,13,2026-11-12,P
VG260098,EFSRT5,2026-II,14,2026-11-19,P
VG260098,EFSRT5,2026-II,15,2026-11-26,T
VG260098,EFSRT5,2026-II,16,2026-12-03,P
VG260099,APS,2026-II,1,2026-08-17,P
VG260099,APS,2026-II,2,2026-08-24,P
VG260099,APS,2026-II,3,2026-08-31,P
VG260099,APS,2026-II,4,2026-09-07,P
VG260099,APS,2026-II,5,2026-09-14,P
VG260099,APS,2026-II,6,2026-09-21,P
VG260099,APS,2026-II,7,2026-09-28,P
VG260099,APS,2026-II,8,2026-10-05,P
VG260099,APS,2026-II,9,2026-10-12,P
VG260099,APS,2026-II,10,2026-10-19,P
VG260099,APS,2026-II,11,2026-10-26,P
VG260099,APS,2026-II,12,2026-11-02,P
VG260099,APS,2026-II,13,2026-11-09,P
VG260099,APS,2026-II,14,2026-11-16,P
VG260099,APS,2026-II,15,2026-11-23,P
VG260099,APS,2026-II,16,2026-11-30,P
VG260099,TBD,2026-II,1,2026-08-18,P
VG260099,TBD,2026-II,2,2026-08-25,P
VG260099,TBD,2026-II,3,2026-09-01,P
VG260099,TBD,2026-II,4,2026-09-08,P
VG260099,TBD,2026-II,5,2026-09-15,T
VG260099,TBD,2026-II,6,2026-09-22,P
VG260099,TBD,2026-II,7,2026-09-29,P
VG260099,TBD,2026-II,8,2026-10-06,P
VG260099,TBD,2026-II,9,2026-10-13,P
VG260099,TBD,2026-II,10,2026-10-20,F
VG260099,TBD,2026-II,11,2026-10-27,P
VG260099,TBD,2026-II,12,2026-11-03,T
VG260099,TBD,2026-II,13,2026-11-10,P
VG260099,TBD,2026-II,14,2026-11-17,P
VG260099,TBD,2026-II,15,2026-11-24,P
VG260099,TBD,2026-II,16,2026-12-01,P
VG260099,FIA,2026-II,1,2026-08-19,P
VG260099,FIA,2026-II,2,2026-08-26,P
VG260099,FIA,2026-II,3,2026-09-02,J
VG260099,FIA,2026-II,4,2026-09-09,P
VG260099,FIA,2026-II,5,2026-09-16,P
VG260099,FIA,2026-II,6,2026-09-23,P
VG260099,FIA,2026-II,7,2026-09-30,P
VG260099,FIA,2026-II,8,2026-10-07,P
VG260099,FIA,2026-II,9,2026-10-14,P
VG260099,FIA,2026-II,10,2026-10-21,P
VG260099,FIA,2026-II,11,2026-10-28,P
VG260099,FIA,2026-II,12,2026-11-04,P
VG260099,FIA,2026-II,13,2026-11-11,P
VG260099,FIA,2026-II,14,2026-11-18,P
VG260099,FIA,2026-II,15,2026-11-25,P
VG260099,FIA,2026-II,16,2026-12-02,T
VG260099,SDE,2026-II,1,2026-08-20,P
VG260099,SDE,2026-II,2,2026-08-27,P
VG260099,SDE,2026-II,3,2026-09-03,P
VG260099,SDE,2026-II,4,2026-09-10,P
VG260099,SDE,2026-II,5,2026-09-17,T
VG260099,SDE,2026-II,6,2026-09-24,T
VG260099,SDE,2026-II,7,2026-10-01,T
VG260099,SDE,2026-II,8,2026-10-08,P
VG260099,SDE,2026-II,9,2026-10-15,J
VG260099,SDE,2026-II,10,2026-10-22,P
VG260099,SDE,2026-II,11,2026-10-29,P
VG260099,SDE,2026-II,12,2026-11-05,P
VG260099,SDE,2026-II,13,2026-11-12,P
VG260099,SDE,2026-II,14,2026-11-19,P
VG260099,SDE,2026-II,15,2026-11-26,P
VG260099,SDE,2026-II,16,2026-12-03,P
VG260099,FCS,2026-II,1,2026-08-21,P
VG260099,FCS,2026-II,2,2026-08-28,F
VG260099,FCS,2026-II,3,2026-09-04,P
VG260099,FCS,2026-II,4,2026-09-11,P
VG260099,FCS,2026-II,5,2026-09-18,P
VG260099,FCS,2026-II,6,2026-09-25,P
VG260099,FCS,2026-II,7,2026-10-02,J
VG260099,FCS,2026-II,8,2026-10-09,P
VG260099,FCS,2026-II,9,2026-10-16,P
VG260099,FCS,2026-II,10,2026-10-23,P
VG260099,FCS,2026-II,11,2026-10-30,P
VG260099,FCS,2026-II,12,2026-11-06,P
VG260099,FCS,2026-II,13,2026-11-13,T
VG260099,FCS,2026-II,14,2026-11-20,P
VG260099,FCS,2026-II,15,2026-11-27,P
VG260099,FCS,2026-II,16,2026-12-04,P
VG260099,EIA,2026-II,1,2026-08-17,P
VG260099,EIA,2026-II,2,2026-08-24,P
VG260099,EIA,2026-II,3,2026-08-31,P
VG260099,EIA,2026-II,4,2026-09-07,P
VG260099,EIA,2026-II,5,2026-09-14,P
VG260099,EIA,2026-II,6,2026-09-21,P
VG260099,EIA,2026-II,7,2026-09-28,F
VG260099,EIA,2026-II,8,2026-10-05,P
VG260099,EIA,2026-II,9,2026-10-12,P
VG260099,EIA,2026-II,10,2026-10-19,P
VG260099,EIA,2026-II,11,2026-10-26,P
VG260099,EIA,2026-II,12,2026-11-02,P
VG260099,EIA,2026-II,13,2026-11-09,P
VG260099,EIA,2026-II,14,2026-11-16,P
VG260099,EIA,2026-II,15,2026-11-23,P
VG260099,EIA,2026-II,16,2026-11-30,P
VG260099,CII,2026-II,1,2026-08-18,F
VG260099,CII,2026-II,2,2026-08-25,P
VG260099,CII,2026-II,3,2026-09-01,P
VG260099,CII,2026-II,4,2026-09-08,T
VG260099,CII,2026-II,5,2026-09-15,P
VG260099,CII,2026-II,6,2026-09-22,F
VG260099,CII,2026-II,7,2026-09-29,P
VG260099,CII,2026-II,8,2026-10-06,P
VG260099,CII,2026-II,9,2026-10-13,P
VG260099,CII,2026-II,10,2026-10-20,P
VG260099,CII,2026-II,11,2026-10-27,P
VG260099,CII,2026-II,12,2026-11-03,P
VG260099,CII,2026-II,13,2026-11-10,P
VG260099,CII,2026-II,14,2026-11-17,P
VG260099,CII,2026-II,15,2026-11-24,P
VG260099,CII,2026-II,16,2026-12-01,P
VG260099,EIT,2026-II,1,2026-08-19,P
VG260099,EIT,2026-II,2,2026-08-26,F
VG260099,EIT,2026-II,3,2026-09-02,P
VG260099,EIT,2026-II,4,2026-09-09,P
VG260099,EIT,2026-II,5,2026-09-16,P
VG260099,EIT,2026-II,6,2026-09-23,J
VG260099,EIT,2026-II,7,2026-09-30,P
VG260099,EIT,2026-II,8,2026-10-07,P
VG260099,EIT,2026-II,9,2026-10-14,P
VG260099,EIT,2026-II,10,2026-10-21,P
VG260099,EIT,2026-II,11,2026-10-28,P
VG260099,EIT,2026-II,12,2026-11-04,P
VG260099,EIT,2026-II,13,2026-11-11,P
VG260099,EIT,2026-II,14,2026-11-18,P
VG260099,EIT,2026-II,15,2026-11-25,P
VG260099,EIT,2026-II,16,2026-12-02,P
VG260099,EFSRT5,2026-II,1,2026-08-20,P
VG260099,EFSRT5,2026-II,2,2026-08-27,T
VG260099,EFSRT5,2026-II,3,2026-09-03,T
VG260099,EFSRT5,2026-II,4,2026-09-10,P
VG260099,EFSRT5,2026-II,5,2026-09-17,P
VG260099,EFSRT5,2026-II,6,2026-09-24,P
VG260099,EFSRT5,2026-II,7,2026-10-01,P
VG260099,EFSRT5,2026-II,8,2026-10-08,P
VG260099,EFSRT5,2026-II,9,2026-10-15,P
VG260099,EFSRT5,2026-II,10,2026-10-22,P
VG260099,EFSRT5,2026-II,11,2026-10-29,T
VG260099,EFSRT5,2026-II,12,2026-11-05,P
VG260099,EFSRT5,2026-II,13,2026-11-12,P
VG260099,EFSRT5,2026-II,14,2026-11-19,P
VG260099,EFSRT5,2026-II,15,2026-11-26,P
VG260099,EFSRT5,2026-II,16,2026-12-03,P
VG260100,APS,2026-II,1,2026-08-17,P
VG260100,APS,2026-II,2,2026-08-24,P
VG260100,APS,2026-II,3,2026-08-31,P
VG260100,APS,2026-II,4,2026-09-07,P
VG260100,APS,2026-II,5,2026-09-14,P
VG260100,APS,2026-II,6,2026-09-21,P
VG260100,APS,2026-II,7,2026-09-28,P
VG260100,APS,2026-II,8,2026-10-05,P
VG260100,APS,2026-II,9,2026-10-12,P
VG260100,APS,2026-II,10,2026-10-19,P
VG260100,APS,2026-II,11,2026-10-26,P
VG260100,APS,2026-II,12,2026-11-02,P
VG260100,APS,2026-II,13,2026-11-09,P
VG260100,APS,2026-II,14,2026-11-16,P
VG260100,APS,2026-II,15,2026-11-23,P
VG260100,APS,2026-II,16,2026-11-30,T
VG260100,TBD,2026-II,1,2026-08-18,P
VG260100,TBD,2026-II,2,2026-08-25,P
VG260100,TBD,2026-II,3,2026-09-01,P
VG260100,TBD,2026-II,4,2026-09-08,P
VG260100,TBD,2026-II,5,2026-09-15,P
VG260100,TBD,2026-II,6,2026-09-22,P
VG260100,TBD,2026-II,7,2026-09-29,P
VG260100,TBD,2026-II,8,2026-10-06,T
VG260100,TBD,2026-II,9,2026-10-13,P
VG260100,TBD,2026-II,10,2026-10-20,P
VG260100,TBD,2026-II,11,2026-10-27,P
VG260100,TBD,2026-II,12,2026-11-03,P
VG260100,TBD,2026-II,13,2026-11-10,P
VG260100,TBD,2026-II,14,2026-11-17,P
VG260100,TBD,2026-II,15,2026-11-24,P
VG260100,TBD,2026-II,16,2026-12-01,P
VG260100,FIA,2026-II,1,2026-08-19,P
VG260100,FIA,2026-II,2,2026-08-26,P
VG260100,FIA,2026-II,3,2026-09-02,P
VG260100,FIA,2026-II,4,2026-09-09,P
VG260100,FIA,2026-II,5,2026-09-16,P
VG260100,FIA,2026-II,6,2026-09-23,P
VG260100,FIA,2026-II,7,2026-09-30,P
VG260100,FIA,2026-II,8,2026-10-07,P
VG260100,FIA,2026-II,9,2026-10-14,P
VG260100,FIA,2026-II,10,2026-10-21,T
VG260100,FIA,2026-II,11,2026-10-28,P
VG260100,FIA,2026-II,12,2026-11-04,P
VG260100,FIA,2026-II,13,2026-11-11,F
VG260100,FIA,2026-II,14,2026-11-18,T
VG260100,FIA,2026-II,15,2026-11-25,F
VG260100,FIA,2026-II,16,2026-12-02,P
VG260100,SDE,2026-II,1,2026-08-20,T
VG260100,SDE,2026-II,2,2026-08-27,P
VG260100,SDE,2026-II,3,2026-09-03,P
VG260100,SDE,2026-II,4,2026-09-10,P
VG260100,SDE,2026-II,5,2026-09-17,P
VG260100,SDE,2026-II,6,2026-09-24,P
VG260100,SDE,2026-II,7,2026-10-01,P
VG260100,SDE,2026-II,8,2026-10-08,P
VG260100,SDE,2026-II,9,2026-10-15,P
VG260100,SDE,2026-II,10,2026-10-22,P
VG260100,SDE,2026-II,11,2026-10-29,P
VG260100,SDE,2026-II,12,2026-11-05,F
VG260100,SDE,2026-II,13,2026-11-12,P
VG260100,SDE,2026-II,14,2026-11-19,P
VG260100,SDE,2026-II,15,2026-11-26,T
VG260100,SDE,2026-II,16,2026-12-03,P
VG260100,FCS,2026-II,1,2026-08-21,P
VG260100,FCS,2026-II,2,2026-08-28,P
VG260100,FCS,2026-II,3,2026-09-04,P
VG260100,FCS,2026-II,4,2026-09-11,P
VG260100,FCS,2026-II,5,2026-09-18,P
VG260100,FCS,2026-II,6,2026-09-25,P
VG260100,FCS,2026-II,7,2026-10-02,P
VG260100,FCS,2026-II,8,2026-10-09,P
VG260100,FCS,2026-II,9,2026-10-16,P
VG260100,FCS,2026-II,10,2026-10-23,P
VG260100,FCS,2026-II,11,2026-10-30,P
VG260100,FCS,2026-II,12,2026-11-06,P
VG260100,FCS,2026-II,13,2026-11-13,P
VG260100,FCS,2026-II,14,2026-11-20,P
VG260100,FCS,2026-II,15,2026-11-27,P
VG260100,FCS,2026-II,16,2026-12-04,P
VG260100,EIA,2026-II,1,2026-08-17,P
VG260100,EIA,2026-II,2,2026-08-24,P
VG260100,EIA,2026-II,3,2026-08-31,P
VG260100,EIA,2026-II,4,2026-09-07,P
VG260100,EIA,2026-II,5,2026-09-14,F
VG260100,EIA,2026-II,6,2026-09-21,P
VG260100,EIA,2026-II,7,2026-09-28,P
VG260100,EIA,2026-II,8,2026-10-05,P
VG260100,EIA,2026-II,9,2026-10-12,P
VG260100,EIA,2026-II,10,2026-10-19,P
VG260100,EIA,2026-II,11,2026-10-26,P
VG260100,EIA,2026-II,12,2026-11-02,P
VG260100,EIA,2026-II,13,2026-11-09,P
VG260100,EIA,2026-II,14,2026-11-16,P
VG260100,EIA,2026-II,15,2026-11-23,T
VG260100,EIA,2026-II,16,2026-11-30,P
VG260100,CII,2026-II,1,2026-08-18,P
VG260100,CII,2026-II,2,2026-08-25,P
VG260100,CII,2026-II,3,2026-09-01,P
VG260100,CII,2026-II,4,2026-09-08,P
VG260100,CII,2026-II,5,2026-09-15,P
VG260100,CII,2026-II,6,2026-09-22,P
VG260100,CII,2026-II,7,2026-09-29,T
VG260100,CII,2026-II,8,2026-10-06,F
VG260100,CII,2026-II,9,2026-10-13,P
VG260100,CII,2026-II,10,2026-10-20,P
VG260100,CII,2026-II,11,2026-10-27,P
VG260100,CII,2026-II,12,2026-11-03,P
VG260100,CII,2026-II,13,2026-11-10,T
VG260100,CII,2026-II,14,2026-11-17,P
VG260100,CII,2026-II,15,2026-11-24,P
VG260100,CII,2026-II,16,2026-12-01,P
VG260100,EIT,2026-II,1,2026-08-19,P
VG260100,EIT,2026-II,2,2026-08-26,P
VG260100,EIT,2026-II,3,2026-09-02,P
VG260100,EIT,2026-II,4,2026-09-09,P
VG260100,EIT,2026-II,5,2026-09-16,F
VG260100,EIT,2026-II,6,2026-09-23,P
VG260100,EIT,2026-II,7,2026-09-30,T
VG260100,EIT,2026-II,8,2026-10-07,P
VG260100,EIT,2026-II,9,2026-10-14,P
VG260100,EIT,2026-II,10,2026-10-21,P
VG260100,EIT,2026-II,11,2026-10-28,P
VG260100,EIT,2026-II,12,2026-11-04,P
VG260100,EIT,2026-II,13,2026-11-11,P
VG260100,EIT,2026-II,14,2026-11-18,P
VG260100,EIT,2026-II,15,2026-11-25,P
VG260100,EIT,2026-II,16,2026-12-02,P
VG260100,EFSRT5,2026-II,1,2026-08-20,P
VG260100,EFSRT5,2026-II,2,2026-08-27,P
VG260100,EFSRT5,2026-II,3,2026-09-03,P
VG260100,EFSRT5,2026-II,4,2026-09-10,P
VG260100,EFSRT5,2026-II,5,2026-09-17,P
VG260100,EFSRT5,2026-II,6,2026-09-24,T
VG260100,EFSRT5,2026-II,7,2026-10-01,P
VG260100,EFSRT5,2026-II,8,2026-10-08,P
VG260100,EFSRT5,2026-II,9,2026-10-15,P
VG260100,EFSRT5,2026-II,10,2026-10-22,P
VG260100,EFSRT5,2026-II,11,2026-10-29,P
VG260100,EFSRT5,2026-II,12,2026-11-05,T
VG260100,EFSRT5,2026-II,13,2026-11-12,P
VG260100,EFSRT5,2026-II,14,2026-11-19,P
VG260100,EFSRT5,2026-II,15,2026-11-26,P
VG260100,EFSRT5,2026-II,16,2026-12-03,P
VG260101,APS,2026-II,1,2026-08-17,P
VG260101,APS,2026-II,2,2026-08-24,P
VG260101,APS,2026-II,3,2026-08-31,P
VG260101,APS,2026-II,4,2026-09-07,T
VG260101,APS,2026-II,5,2026-09-14,P
VG260101,APS,2026-II,6,2026-09-21,F
VG260101,APS,2026-II,7,2026-09-28,P
VG260101,APS,2026-II,8,2026-10-05,F
VG260101,APS,2026-II,9,2026-10-12,P
VG260101,APS,2026-II,10,2026-10-19,P
VG260101,APS,2026-II,11,2026-10-26,P
VG260101,APS,2026-II,12,2026-11-02,P
VG260101,APS,2026-II,13,2026-11-09,P
VG260101,APS,2026-II,14,2026-11-16,P
VG260101,APS,2026-II,15,2026-11-23,P
VG260101,APS,2026-II,16,2026-11-30,P
VG260101,TBD,2026-II,1,2026-08-18,P
VG260101,TBD,2026-II,2,2026-08-25,P
VG260101,TBD,2026-II,3,2026-09-01,P
VG260101,TBD,2026-II,4,2026-09-08,T
VG260101,TBD,2026-II,5,2026-09-15,P
VG260101,TBD,2026-II,6,2026-09-22,P
VG260101,TBD,2026-II,7,2026-09-29,P
VG260101,TBD,2026-II,8,2026-10-06,P
VG260101,TBD,2026-II,9,2026-10-13,P
VG260101,TBD,2026-II,10,2026-10-20,P
VG260101,TBD,2026-II,11,2026-10-27,T
VG260101,TBD,2026-II,12,2026-11-03,P
VG260101,TBD,2026-II,13,2026-11-10,P
VG260101,TBD,2026-II,14,2026-11-17,P
VG260101,TBD,2026-II,15,2026-11-24,P
VG260101,TBD,2026-II,16,2026-12-01,P
VG260101,FIA,2026-II,1,2026-08-19,P
VG260101,FIA,2026-II,2,2026-08-26,P
VG260101,FIA,2026-II,3,2026-09-02,P
VG260101,FIA,2026-II,4,2026-09-09,F
VG260101,FIA,2026-II,5,2026-09-16,P
VG260101,FIA,2026-II,6,2026-09-23,P
VG260101,FIA,2026-II,7,2026-09-30,T
VG260101,FIA,2026-II,8,2026-10-07,P
VG260101,FIA,2026-II,9,2026-10-14,F
VG260101,FIA,2026-II,10,2026-10-21,J
VG260101,FIA,2026-II,11,2026-10-28,P
VG260101,FIA,2026-II,12,2026-11-04,P
VG260101,FIA,2026-II,13,2026-11-11,P
VG260101,FIA,2026-II,14,2026-11-18,P
VG260101,FIA,2026-II,15,2026-11-25,P
VG260101,FIA,2026-II,16,2026-12-02,P
VG260101,SDE,2026-II,1,2026-08-20,P
VG260101,SDE,2026-II,2,2026-08-27,P
VG260101,SDE,2026-II,3,2026-09-03,P
VG260101,SDE,2026-II,4,2026-09-10,P
VG260101,SDE,2026-II,5,2026-09-17,T
VG260101,SDE,2026-II,6,2026-09-24,P
VG260101,SDE,2026-II,7,2026-10-01,P
VG260101,SDE,2026-II,8,2026-10-08,P
VG260101,SDE,2026-II,9,2026-10-15,P
VG260101,SDE,2026-II,10,2026-10-22,P
VG260101,SDE,2026-II,11,2026-10-29,P
VG260101,SDE,2026-II,12,2026-11-05,P
VG260101,SDE,2026-II,13,2026-11-12,P
VG260101,SDE,2026-II,14,2026-11-19,P
VG260101,SDE,2026-II,15,2026-11-26,P
VG260101,SDE,2026-II,16,2026-12-03,P
VG260101,FCS,2026-II,1,2026-08-21,P
VG260101,FCS,2026-II,2,2026-08-28,F
VG260101,FCS,2026-II,3,2026-09-04,P
VG260101,FCS,2026-II,4,2026-09-11,P
VG260101,FCS,2026-II,5,2026-09-18,P
VG260101,FCS,2026-II,6,2026-09-25,T
VG260101,FCS,2026-II,7,2026-10-02,P
VG260101,FCS,2026-II,8,2026-10-09,T
VG260101,FCS,2026-II,9,2026-10-16,P
VG260101,FCS,2026-II,10,2026-10-23,P
VG260101,FCS,2026-II,11,2026-10-30,P
VG260101,FCS,2026-II,12,2026-11-06,P
VG260101,FCS,2026-II,13,2026-11-13,P
VG260101,FCS,2026-II,14,2026-11-20,J
VG260101,FCS,2026-II,15,2026-11-27,F
VG260101,FCS,2026-II,16,2026-12-04,P
VG260101,EIA,2026-II,1,2026-08-17,P
VG260101,EIA,2026-II,2,2026-08-24,T
VG260101,EIA,2026-II,3,2026-08-31,P
VG260101,EIA,2026-II,4,2026-09-07,P
VG260101,EIA,2026-II,5,2026-09-14,P
VG260101,EIA,2026-II,6,2026-09-21,P
VG260101,EIA,2026-II,7,2026-09-28,T
VG260101,EIA,2026-II,8,2026-10-05,T
VG260101,EIA,2026-II,9,2026-10-12,P
VG260101,EIA,2026-II,10,2026-10-19,F
VG260101,EIA,2026-II,11,2026-10-26,P
VG260101,EIA,2026-II,12,2026-11-02,F
VG260101,EIA,2026-II,13,2026-11-09,P
VG260101,EIA,2026-II,14,2026-11-16,P
VG260101,EIA,2026-II,15,2026-11-23,F
VG260101,EIA,2026-II,16,2026-11-30,P
VG260101,CII,2026-II,1,2026-08-18,P
VG260101,CII,2026-II,2,2026-08-25,P
VG260101,CII,2026-II,3,2026-09-01,P
VG260101,CII,2026-II,4,2026-09-08,P
VG260101,CII,2026-II,5,2026-09-15,P
VG260101,CII,2026-II,6,2026-09-22,P
VG260101,CII,2026-II,7,2026-09-29,F
VG260101,CII,2026-II,8,2026-10-06,P
VG260101,CII,2026-II,9,2026-10-13,P
VG260101,CII,2026-II,10,2026-10-20,P
VG260101,CII,2026-II,11,2026-10-27,P
VG260101,CII,2026-II,12,2026-11-03,P
VG260101,CII,2026-II,13,2026-11-10,P
VG260101,CII,2026-II,14,2026-11-17,P
VG260101,CII,2026-II,15,2026-11-24,F
VG260101,CII,2026-II,16,2026-12-01,T
VG260101,EIT,2026-II,1,2026-08-19,P
VG260101,EIT,2026-II,2,2026-08-26,P
VG260101,EIT,2026-II,3,2026-09-02,P
VG260101,EIT,2026-II,4,2026-09-09,P
VG260101,EIT,2026-II,5,2026-09-16,P
VG260101,EIT,2026-II,6,2026-09-23,P
VG260101,EIT,2026-II,7,2026-09-30,P
VG260101,EIT,2026-II,8,2026-10-07,P
VG260101,EIT,2026-II,9,2026-10-14,P
VG260101,EIT,2026-II,10,2026-10-21,P
VG260101,EIT,2026-II,11,2026-10-28,F
VG260101,EIT,2026-II,12,2026-11-04,P
VG260101,EIT,2026-II,13,2026-11-11,P
VG260101,EIT,2026-II,14,2026-11-18,F
VG260101,EIT,2026-II,15,2026-11-25,P
VG260101,EIT,2026-II,16,2026-12-02,P
VG260101,EFSRT5,2026-II,1,2026-08-20,P
VG260101,EFSRT5,2026-II,2,2026-08-27,P
VG260101,EFSRT5,2026-II,3,2026-09-03,P
VG260101,EFSRT5,2026-II,4,2026-09-10,P
VG260101,EFSRT5,2026-II,5,2026-09-17,P
VG260101,EFSRT5,2026-II,6,2026-09-24,F
VG260101,EFSRT5,2026-II,7,2026-10-01,P
VG260101,EFSRT5,2026-II,8,2026-10-08,F
VG260101,EFSRT5,2026-II,9,2026-10-15,P
VG260101,EFSRT5,2026-II,10,2026-10-22,F
VG260101,EFSRT5,2026-II,11,2026-10-29,P
VG260101,EFSRT5,2026-II,12,2026-11-05,P
VG260101,EFSRT5,2026-II,13,2026-11-12,P
VG260101,EFSRT5,2026-II,14,2026-11-19,P
VG260101,EFSRT5,2026-II,15,2026-11-26,P
VG260101,EFSRT5,2026-II,16,2026-12-03,P
VG260102,APS,2026-II,1,2026-08-17,P
VG260102,APS,2026-II,2,2026-08-24,P
VG260102,APS,2026-II,3,2026-08-31,P
VG260102,APS,2026-II,4,2026-09-07,P
VG260102,APS,2026-II,5,2026-09-14,P
VG260102,APS,2026-II,6,2026-09-21,P
VG260102,APS,2026-II,7,2026-09-28,P
VG260102,APS,2026-II,8,2026-10-05,P
VG260102,APS,2026-II,9,2026-10-12,P
VG260102,APS,2026-II,10,2026-10-19,P
VG260102,APS,2026-II,11,2026-10-26,P
VG260102,APS,2026-II,12,2026-11-02,P
VG260102,APS,2026-II,13,2026-11-09,P
VG260102,APS,2026-II,14,2026-11-16,P
VG260102,APS,2026-II,15,2026-11-23,P
VG260102,APS,2026-II,16,2026-11-30,P
VG260102,TBD,2026-II,1,2026-08-18,P
VG260102,TBD,2026-II,2,2026-08-25,P
VG260102,TBD,2026-II,3,2026-09-01,P
VG260102,TBD,2026-II,4,2026-09-08,P
VG260102,TBD,2026-II,5,2026-09-15,P
VG260102,TBD,2026-II,6,2026-09-22,P
VG260102,TBD,2026-II,7,2026-09-29,P
VG260102,TBD,2026-II,8,2026-10-06,P
VG260102,TBD,2026-II,9,2026-10-13,T
VG260102,TBD,2026-II,10,2026-10-20,P
VG260102,TBD,2026-II,11,2026-10-27,P
VG260102,TBD,2026-II,12,2026-11-03,P
VG260102,TBD,2026-II,13,2026-11-10,T
VG260102,TBD,2026-II,14,2026-11-17,P
VG260102,TBD,2026-II,15,2026-11-24,P
VG260102,TBD,2026-II,16,2026-12-01,P
VG260102,FIA,2026-II,1,2026-08-19,P
VG260102,FIA,2026-II,2,2026-08-26,P
VG260102,FIA,2026-II,3,2026-09-02,T
VG260102,FIA,2026-II,4,2026-09-09,P
VG260102,FIA,2026-II,5,2026-09-16,P
VG260102,FIA,2026-II,6,2026-09-23,P
VG260102,FIA,2026-II,7,2026-09-30,P
VG260102,FIA,2026-II,8,2026-10-07,P
VG260102,FIA,2026-II,9,2026-10-14,T
VG260102,FIA,2026-II,10,2026-10-21,P
VG260102,FIA,2026-II,11,2026-10-28,P
VG260102,FIA,2026-II,12,2026-11-04,P
VG260102,FIA,2026-II,13,2026-11-11,P
VG260102,FIA,2026-II,14,2026-11-18,P
VG260102,FIA,2026-II,15,2026-11-25,P
VG260102,FIA,2026-II,16,2026-12-02,P
VG260102,SDE,2026-II,1,2026-08-20,P
VG260102,SDE,2026-II,2,2026-08-27,P
VG260102,SDE,2026-II,3,2026-09-03,P
VG260102,SDE,2026-II,4,2026-09-10,P
VG260102,SDE,2026-II,5,2026-09-17,P
VG260102,SDE,2026-II,6,2026-09-24,P
VG260102,SDE,2026-II,7,2026-10-01,T
VG260102,SDE,2026-II,8,2026-10-08,P
VG260102,SDE,2026-II,9,2026-10-15,P
VG260102,SDE,2026-II,10,2026-10-22,P
VG260102,SDE,2026-II,11,2026-10-29,P
VG260102,SDE,2026-II,12,2026-11-05,P
VG260102,SDE,2026-II,13,2026-11-12,P
VG260102,SDE,2026-II,14,2026-11-19,P
VG260102,SDE,2026-II,15,2026-11-26,P
VG260102,SDE,2026-II,16,2026-12-03,P
VG260102,FCS,2026-II,1,2026-08-21,P
VG260102,FCS,2026-II,2,2026-08-28,P
VG260102,FCS,2026-II,3,2026-09-04,P
VG260102,FCS,2026-II,4,2026-09-11,P
VG260102,FCS,2026-II,5,2026-09-18,P
VG260102,FCS,2026-II,6,2026-09-25,P
VG260102,FCS,2026-II,7,2026-10-02,P
VG260102,FCS,2026-II,8,2026-10-09,P
VG260102,FCS,2026-II,9,2026-10-16,P
VG260102,FCS,2026-II,10,2026-10-23,P
VG260102,FCS,2026-II,11,2026-10-30,P
VG260102,FCS,2026-II,12,2026-11-06,P
VG260102,FCS,2026-II,13,2026-11-13,P
VG260102,FCS,2026-II,14,2026-11-20,P
VG260102,FCS,2026-II,15,2026-11-27,P
VG260102,FCS,2026-II,16,2026-12-04,P
VG260102,EIA,2026-II,1,2026-08-17,P
VG260102,EIA,2026-II,2,2026-08-24,P
VG260102,EIA,2026-II,3,2026-08-31,P
VG260102,EIA,2026-II,4,2026-09-07,P
VG260102,EIA,2026-II,5,2026-09-14,P
VG260102,EIA,2026-II,6,2026-09-21,T
VG260102,EIA,2026-II,7,2026-09-28,P
VG260102,EIA,2026-II,8,2026-10-05,P
VG260102,EIA,2026-II,9,2026-10-12,P
VG260102,EIA,2026-II,10,2026-10-19,P
VG260102,EIA,2026-II,11,2026-10-26,P
VG260102,EIA,2026-II,12,2026-11-02,P
VG260102,EIA,2026-II,13,2026-11-09,P
VG260102,EIA,2026-II,14,2026-11-16,P
VG260102,EIA,2026-II,15,2026-11-23,P
VG260102,EIA,2026-II,16,2026-11-30,P
VG260102,CII,2026-II,1,2026-08-18,P
VG260102,CII,2026-II,2,2026-08-25,P
VG260102,CII,2026-II,3,2026-09-01,P
VG260102,CII,2026-II,4,2026-09-08,T
VG260102,CII,2026-II,5,2026-09-15,P
VG260102,CII,2026-II,6,2026-09-22,P
VG260102,CII,2026-II,7,2026-09-29,T
VG260102,CII,2026-II,8,2026-10-06,P
VG260102,CII,2026-II,9,2026-10-13,P
VG260102,CII,2026-II,10,2026-10-20,P
VG260102,CII,2026-II,11,2026-10-27,P
VG260102,CII,2026-II,12,2026-11-03,P
VG260102,CII,2026-II,13,2026-11-10,T
VG260102,CII,2026-II,14,2026-11-17,P
VG260102,CII,2026-II,15,2026-11-24,P
VG260102,CII,2026-II,16,2026-12-01,P
VG260102,EIT,2026-II,1,2026-08-19,P
VG260102,EIT,2026-II,2,2026-08-26,P
VG260102,EIT,2026-II,3,2026-09-02,P
VG260102,EIT,2026-II,4,2026-09-09,P
VG260102,EIT,2026-II,5,2026-09-16,P
VG260102,EIT,2026-II,6,2026-09-23,P
VG260102,EIT,2026-II,7,2026-09-30,P
VG260102,EIT,2026-II,8,2026-10-07,P
VG260102,EIT,2026-II,9,2026-10-14,P
VG260102,EIT,2026-II,10,2026-10-21,P
VG260102,EIT,2026-II,11,2026-10-28,P
VG260102,EIT,2026-II,12,2026-11-04,P
VG260102,EIT,2026-II,13,2026-11-11,P
VG260102,EIT,2026-II,14,2026-11-18,P
VG260102,EIT,2026-II,15,2026-11-25,P
VG260102,EIT,2026-II,16,2026-12-02,P
VG260102,EFSRT5,2026-II,1,2026-08-20,T
VG260102,EFSRT5,2026-II,2,2026-08-27,P
VG260102,EFSRT5,2026-II,3,2026-09-03,P
VG260102,EFSRT5,2026-II,4,2026-09-10,P
VG260102,EFSRT5,2026-II,5,2026-09-17,T
VG260102,EFSRT5,2026-II,6,2026-09-24,P
VG260102,EFSRT5,2026-II,7,2026-10-01,P
VG260102,EFSRT5,2026-II,8,2026-10-08,P
VG260102,EFSRT5,2026-II,9,2026-10-15,P
VG260102,EFSRT5,2026-II,10,2026-10-22,P
VG260102,EFSRT5,2026-II,11,2026-10-29,P
VG260102,EFSRT5,2026-II,12,2026-11-05,P
VG260102,EFSRT5,2026-II,13,2026-11-12,P
VG260102,EFSRT5,2026-II,14,2026-11-19,P
VG260102,EFSRT5,2026-II,15,2026-11-26,P
VG260102,EFSRT5,2026-II,16,2026-12-03,T
VG260103,APS,2026-II,1,2026-08-17,P
VG260103,APS,2026-II,2,2026-08-24,T
VG260103,APS,2026-II,3,2026-08-31,F
VG260103,APS,2026-II,4,2026-09-07,P
VG260103,APS,2026-II,5,2026-09-14,P
VG260103,APS,2026-II,6,2026-09-21,J
VG260103,APS,2026-II,7,2026-09-28,F
VG260103,APS,2026-II,8,2026-10-05,P
VG260103,APS,2026-II,9,2026-10-12,P
VG260103,APS,2026-II,10,2026-10-19,P
VG260103,APS,2026-II,11,2026-10-26,T
VG260103,APS,2026-II,12,2026-11-02,T
VG260103,APS,2026-II,13,2026-11-09,P
VG260103,APS,2026-II,14,2026-11-16,P
VG260103,APS,2026-II,15,2026-11-23,P
VG260103,APS,2026-II,16,2026-11-30,T
VG260103,TBD,2026-II,1,2026-08-18,P
VG260103,TBD,2026-II,2,2026-08-25,P
VG260103,TBD,2026-II,3,2026-09-01,P
VG260103,TBD,2026-II,4,2026-09-08,P
VG260103,TBD,2026-II,5,2026-09-15,P
VG260103,TBD,2026-II,6,2026-09-22,P
VG260103,TBD,2026-II,7,2026-09-29,P
VG260103,TBD,2026-II,8,2026-10-06,P
VG260103,TBD,2026-II,9,2026-10-13,P
VG260103,TBD,2026-II,10,2026-10-20,F
VG260103,TBD,2026-II,11,2026-10-27,P
VG260103,TBD,2026-II,12,2026-11-03,P
VG260103,TBD,2026-II,13,2026-11-10,P
VG260103,TBD,2026-II,14,2026-11-17,P
VG260103,TBD,2026-II,15,2026-11-24,P
VG260103,TBD,2026-II,16,2026-12-01,P
VG260103,FIA,2026-II,1,2026-08-19,T
VG260103,FIA,2026-II,2,2026-08-26,P
VG260103,FIA,2026-II,3,2026-09-02,P
VG260103,FIA,2026-II,4,2026-09-09,T
VG260103,FIA,2026-II,5,2026-09-16,T
VG260103,FIA,2026-II,6,2026-09-23,T
VG260103,FIA,2026-II,7,2026-09-30,P
VG260103,FIA,2026-II,8,2026-10-07,P
VG260103,FIA,2026-II,9,2026-10-14,P
VG260103,FIA,2026-II,10,2026-10-21,P
VG260103,FIA,2026-II,11,2026-10-28,F
VG260103,FIA,2026-II,12,2026-11-04,P
VG260103,FIA,2026-II,13,2026-11-11,J
VG260103,FIA,2026-II,14,2026-11-18,P
VG260103,FIA,2026-II,15,2026-11-25,P
VG260103,FIA,2026-II,16,2026-12-02,P
VG260103,SDE,2026-II,1,2026-08-20,P
VG260103,SDE,2026-II,2,2026-08-27,P
VG260103,SDE,2026-II,3,2026-09-03,P
VG260103,SDE,2026-II,4,2026-09-10,P
VG260103,SDE,2026-II,5,2026-09-17,J
VG260103,SDE,2026-II,6,2026-09-24,P
VG260103,SDE,2026-II,7,2026-10-01,P
VG260103,SDE,2026-II,8,2026-10-08,P
VG260103,SDE,2026-II,9,2026-10-15,F
VG260103,SDE,2026-II,10,2026-10-22,P
VG260103,SDE,2026-II,11,2026-10-29,P
VG260103,SDE,2026-II,12,2026-11-05,P
VG260103,SDE,2026-II,13,2026-11-12,T
VG260103,SDE,2026-II,14,2026-11-19,P
VG260103,SDE,2026-II,15,2026-11-26,P
VG260103,SDE,2026-II,16,2026-12-03,J
VG260103,FCS,2026-II,1,2026-08-21,F
VG260103,FCS,2026-II,2,2026-08-28,P
VG260103,FCS,2026-II,3,2026-09-04,P
VG260103,FCS,2026-II,4,2026-09-11,P
VG260103,FCS,2026-II,5,2026-09-18,F
VG260103,FCS,2026-II,6,2026-09-25,P
VG260103,FCS,2026-II,7,2026-10-02,P
VG260103,FCS,2026-II,8,2026-10-09,P
VG260103,FCS,2026-II,9,2026-10-16,P
VG260103,FCS,2026-II,10,2026-10-23,F
VG260103,FCS,2026-II,11,2026-10-30,F
VG260103,FCS,2026-II,12,2026-11-06,P
VG260103,FCS,2026-II,13,2026-11-13,F
VG260103,FCS,2026-II,14,2026-11-20,P
VG260103,FCS,2026-II,15,2026-11-27,P
VG260103,FCS,2026-II,16,2026-12-04,T
VG260103,EIA,2026-II,1,2026-08-17,T
VG260103,EIA,2026-II,2,2026-08-24,P
VG260103,EIA,2026-II,3,2026-08-31,T
VG260103,EIA,2026-II,4,2026-09-07,T
VG260103,EIA,2026-II,5,2026-09-14,P
VG260103,EIA,2026-II,6,2026-09-21,P
VG260103,EIA,2026-II,7,2026-09-28,F
VG260103,EIA,2026-II,8,2026-10-05,P
VG260103,EIA,2026-II,9,2026-10-12,P
VG260103,EIA,2026-II,10,2026-10-19,P
VG260103,EIA,2026-II,11,2026-10-26,P
VG260103,EIA,2026-II,12,2026-11-02,P
VG260103,EIA,2026-II,13,2026-11-09,F
VG260103,EIA,2026-II,14,2026-11-16,P
VG260103,EIA,2026-II,15,2026-11-23,F
VG260103,EIA,2026-II,16,2026-11-30,P
VG260103,CII,2026-II,1,2026-08-18,P
VG260103,CII,2026-II,2,2026-08-25,F
VG260103,CII,2026-II,3,2026-09-01,P
VG260103,CII,2026-II,4,2026-09-08,P
VG260103,CII,2026-II,5,2026-09-15,F
VG260103,CII,2026-II,6,2026-09-22,P
VG260103,CII,2026-II,7,2026-09-29,J
VG260103,CII,2026-II,8,2026-10-06,P
VG260103,CII,2026-II,9,2026-10-13,F
VG260103,CII,2026-II,10,2026-10-20,P
VG260103,CII,2026-II,11,2026-10-27,P
VG260103,CII,2026-II,12,2026-11-03,P
VG260103,CII,2026-II,13,2026-11-10,P
VG260103,CII,2026-II,14,2026-11-17,P
VG260103,CII,2026-II,15,2026-11-24,P
VG260103,CII,2026-II,16,2026-12-01,P
VG260103,EIT,2026-II,1,2026-08-19,P
VG260103,EIT,2026-II,2,2026-08-26,P
VG260103,EIT,2026-II,3,2026-09-02,P
VG260103,EIT,2026-II,4,2026-09-09,P
VG260103,EIT,2026-II,5,2026-09-16,P
VG260103,EIT,2026-II,6,2026-09-23,T
VG260103,EIT,2026-II,7,2026-09-30,P
VG260103,EIT,2026-II,8,2026-10-07,P
VG260103,EIT,2026-II,9,2026-10-14,T
VG260103,EIT,2026-II,10,2026-10-21,P
VG260103,EIT,2026-II,11,2026-10-28,F
VG260103,EIT,2026-II,12,2026-11-04,T
VG260103,EIT,2026-II,13,2026-11-11,P
VG260103,EIT,2026-II,14,2026-11-18,P
VG260103,EIT,2026-II,15,2026-11-25,J
VG260103,EIT,2026-II,16,2026-12-02,P
VG260103,EFSRT5,2026-II,1,2026-08-20,P
VG260103,EFSRT5,2026-II,2,2026-08-27,P
VG260103,EFSRT5,2026-II,3,2026-09-03,P
VG260103,EFSRT5,2026-II,4,2026-09-10,T
VG260103,EFSRT5,2026-II,5,2026-09-17,P
VG260103,EFSRT5,2026-II,6,2026-09-24,T
VG260103,EFSRT5,2026-II,7,2026-10-01,P
VG260103,EFSRT5,2026-II,8,2026-10-08,P
VG260103,EFSRT5,2026-II,9,2026-10-15,F
VG260103,EFSRT5,2026-II,10,2026-10-22,T
VG260103,EFSRT5,2026-II,11,2026-10-29,P
VG260103,EFSRT5,2026-II,12,2026-11-05,P
VG260103,EFSRT5,2026-II,13,2026-11-12,P
VG260103,EFSRT5,2026-II,14,2026-11-19,F
VG260103,EFSRT5,2026-II,15,2026-11-26,P
VG260103,EFSRT5,2026-II,16,2026-12-03,P
VG260104,APS,2026-II,1,2026-08-17,P
VG260104,APS,2026-II,2,2026-08-24,P
VG260104,APS,2026-II,3,2026-08-31,P
VG260104,APS,2026-II,4,2026-09-07,P
VG260104,APS,2026-II,5,2026-09-14,P
VG260104,APS,2026-II,6,2026-09-21,P
VG260104,APS,2026-II,7,2026-09-28,P
VG260104,APS,2026-II,8,2026-10-05,P
VG260104,APS,2026-II,9,2026-10-12,P
VG260104,APS,2026-II,10,2026-10-19,T
VG260104,APS,2026-II,11,2026-10-26,T
VG260104,APS,2026-II,12,2026-11-02,P
VG260104,APS,2026-II,13,2026-11-09,P
VG260104,APS,2026-II,14,2026-11-16,P
VG260104,APS,2026-II,15,2026-11-23,T
VG260104,APS,2026-II,16,2026-11-30,P
VG260104,TBD,2026-II,1,2026-08-18,P
VG260104,TBD,2026-II,2,2026-08-25,P
VG260104,TBD,2026-II,3,2026-09-01,P
VG260104,TBD,2026-II,4,2026-09-08,P
VG260104,TBD,2026-II,5,2026-09-15,P
VG260104,TBD,2026-II,6,2026-09-22,P
VG260104,TBD,2026-II,7,2026-09-29,P
VG260104,TBD,2026-II,8,2026-10-06,P
VG260104,TBD,2026-II,9,2026-10-13,P
VG260104,TBD,2026-II,10,2026-10-20,P
VG260104,TBD,2026-II,11,2026-10-27,T
VG260104,TBD,2026-II,12,2026-11-03,P
VG260104,TBD,2026-II,13,2026-11-10,P
VG260104,TBD,2026-II,14,2026-11-17,P
VG260104,TBD,2026-II,15,2026-11-24,P
VG260104,TBD,2026-II,16,2026-12-01,T
VG260104,FIA,2026-II,1,2026-08-19,P
VG260104,FIA,2026-II,2,2026-08-26,P
VG260104,FIA,2026-II,3,2026-09-02,P
VG260104,FIA,2026-II,4,2026-09-09,P
VG260104,FIA,2026-II,5,2026-09-16,P
VG260104,FIA,2026-II,6,2026-09-23,P
VG260104,FIA,2026-II,7,2026-09-30,P
VG260104,FIA,2026-II,8,2026-10-07,P
VG260104,FIA,2026-II,9,2026-10-14,P
VG260104,FIA,2026-II,10,2026-10-21,T
VG260104,FIA,2026-II,11,2026-10-28,P
VG260104,FIA,2026-II,12,2026-11-04,P
VG260104,FIA,2026-II,13,2026-11-11,P
VG260104,FIA,2026-II,14,2026-11-18,P
VG260104,FIA,2026-II,15,2026-11-25,P
VG260104,FIA,2026-II,16,2026-12-02,P
VG260104,SDE,2026-II,1,2026-08-20,P
VG260104,SDE,2026-II,2,2026-08-27,P
VG260104,SDE,2026-II,3,2026-09-03,P
VG260104,SDE,2026-II,4,2026-09-10,P
VG260104,SDE,2026-II,5,2026-09-17,P
VG260104,SDE,2026-II,6,2026-09-24,P
VG260104,SDE,2026-II,7,2026-10-01,T
VG260104,SDE,2026-II,8,2026-10-08,P
VG260104,SDE,2026-II,9,2026-10-15,T
VG260104,SDE,2026-II,10,2026-10-22,P
VG260104,SDE,2026-II,11,2026-10-29,P
VG260104,SDE,2026-II,12,2026-11-05,P
VG260104,SDE,2026-II,13,2026-11-12,P
VG260104,SDE,2026-II,14,2026-11-19,T
VG260104,SDE,2026-II,15,2026-11-26,P
VG260104,SDE,2026-II,16,2026-12-03,P
VG260104,FCS,2026-II,1,2026-08-21,P
VG260104,FCS,2026-II,2,2026-08-28,P
VG260104,FCS,2026-II,3,2026-09-04,P
VG260104,FCS,2026-II,4,2026-09-11,P
VG260104,FCS,2026-II,5,2026-09-18,P
VG260104,FCS,2026-II,6,2026-09-25,P
VG260104,FCS,2026-II,7,2026-10-02,P
VG260104,FCS,2026-II,8,2026-10-09,P
VG260104,FCS,2026-II,9,2026-10-16,P
VG260104,FCS,2026-II,10,2026-10-23,P
VG260104,FCS,2026-II,11,2026-10-30,P
VG260104,FCS,2026-II,12,2026-11-06,P
VG260104,FCS,2026-II,13,2026-11-13,P
VG260104,FCS,2026-II,14,2026-11-20,P
VG260104,FCS,2026-II,15,2026-11-27,P
VG260104,FCS,2026-II,16,2026-12-04,P
VG260104,EIA,2026-II,1,2026-08-17,T
VG260104,EIA,2026-II,2,2026-08-24,P
VG260104,EIA,2026-II,3,2026-08-31,P
VG260104,EIA,2026-II,4,2026-09-07,P
VG260104,EIA,2026-II,5,2026-09-14,P
VG260104,EIA,2026-II,6,2026-09-21,P
VG260104,EIA,2026-II,7,2026-09-28,P
VG260104,EIA,2026-II,8,2026-10-05,P
VG260104,EIA,2026-II,9,2026-10-12,P
VG260104,EIA,2026-II,10,2026-10-19,P
VG260104,EIA,2026-II,11,2026-10-26,P
VG260104,EIA,2026-II,12,2026-11-02,P
VG260104,EIA,2026-II,13,2026-11-09,T
VG260104,EIA,2026-II,14,2026-11-16,P
VG260104,EIA,2026-II,15,2026-11-23,P
VG260104,EIA,2026-II,16,2026-11-30,P
VG260104,CII,2026-II,1,2026-08-18,P
VG260104,CII,2026-II,2,2026-08-25,P
VG260104,CII,2026-II,3,2026-09-01,P
VG260104,CII,2026-II,4,2026-09-08,P
VG260104,CII,2026-II,5,2026-09-15,P
VG260104,CII,2026-II,6,2026-09-22,P
VG260104,CII,2026-II,7,2026-09-29,P
VG260104,CII,2026-II,8,2026-10-06,P
VG260104,CII,2026-II,9,2026-10-13,P
VG260104,CII,2026-II,10,2026-10-20,P
VG260104,CII,2026-II,11,2026-10-27,P
VG260104,CII,2026-II,12,2026-11-03,P
VG260104,CII,2026-II,13,2026-11-10,P
VG260104,CII,2026-II,14,2026-11-17,P
VG260104,CII,2026-II,15,2026-11-24,P
VG260104,CII,2026-II,16,2026-12-01,P
VG260104,EIT,2026-II,1,2026-08-19,P
VG260104,EIT,2026-II,2,2026-08-26,P
VG260104,EIT,2026-II,3,2026-09-02,P
VG260104,EIT,2026-II,4,2026-09-09,T
VG260104,EIT,2026-II,5,2026-09-16,P
VG260104,EIT,2026-II,6,2026-09-23,T
VG260104,EIT,2026-II,7,2026-09-30,P
VG260104,EIT,2026-II,8,2026-10-07,P
VG260104,EIT,2026-II,9,2026-10-14,P
VG260104,EIT,2026-II,10,2026-10-21,P
VG260104,EIT,2026-II,11,2026-10-28,P
VG260104,EIT,2026-II,12,2026-11-04,P
VG260104,EIT,2026-II,13,2026-11-11,P
VG260104,EIT,2026-II,14,2026-11-18,P
VG260104,EIT,2026-II,15,2026-11-25,P
VG260104,EIT,2026-II,16,2026-12-02,P
VG260104,EFSRT5,2026-II,1,2026-08-20,P
VG260104,EFSRT5,2026-II,2,2026-08-27,P
VG260104,EFSRT5,2026-II,3,2026-09-03,P
VG260104,EFSRT5,2026-II,4,2026-09-10,P
VG260104,EFSRT5,2026-II,5,2026-09-17,P
VG260104,EFSRT5,2026-II,6,2026-09-24,P
VG260104,EFSRT5,2026-II,7,2026-10-01,P
VG260104,EFSRT5,2026-II,8,2026-10-08,P
VG260104,EFSRT5,2026-II,9,2026-10-15,P
VG260104,EFSRT5,2026-II,10,2026-10-22,P
VG260104,EFSRT5,2026-II,11,2026-10-29,P
VG260104,EFSRT5,2026-II,12,2026-11-05,P
VG260104,EFSRT5,2026-II,13,2026-11-12,P
VG260104,EFSRT5,2026-II,14,2026-11-19,P
VG260104,EFSRT5,2026-II,15,2026-11-26,P
VG260104,EFSRT5,2026-II,16,2026-12-03,P
VG260105,APS,2026-II,1,2026-08-17,P
VG260105,APS,2026-II,2,2026-08-24,F
VG260105,APS,2026-II,3,2026-08-31,P
VG260105,APS,2026-II,4,2026-09-07,T
VG260105,APS,2026-II,5,2026-09-14,P
VG260105,APS,2026-II,6,2026-09-21,P
VG260105,APS,2026-II,7,2026-09-28,P
VG260105,APS,2026-II,8,2026-10-05,P
VG260105,APS,2026-II,9,2026-10-12,P
VG260105,APS,2026-II,10,2026-10-19,P
VG260105,APS,2026-II,11,2026-10-26,P
VG260105,APS,2026-II,12,2026-11-02,P
VG260105,APS,2026-II,13,2026-11-09,P
VG260105,APS,2026-II,14,2026-11-16,P
VG260105,APS,2026-II,15,2026-11-23,P
VG260105,APS,2026-II,16,2026-11-30,P
VG260105,TBD,2026-II,1,2026-08-18,F
VG260105,TBD,2026-II,2,2026-08-25,P
VG260105,TBD,2026-II,3,2026-09-01,P
VG260105,TBD,2026-II,4,2026-09-08,F
VG260105,TBD,2026-II,5,2026-09-15,P
VG260105,TBD,2026-II,6,2026-09-22,F
VG260105,TBD,2026-II,7,2026-09-29,F
VG260105,TBD,2026-II,8,2026-10-06,P
VG260105,TBD,2026-II,9,2026-10-13,P
VG260105,TBD,2026-II,10,2026-10-20,P
VG260105,TBD,2026-II,11,2026-10-27,T
VG260105,TBD,2026-II,12,2026-11-03,P
VG260105,TBD,2026-II,13,2026-11-10,P
VG260105,TBD,2026-II,14,2026-11-17,P
VG260105,TBD,2026-II,15,2026-11-24,P
VG260105,TBD,2026-II,16,2026-12-01,P
VG260105,FIA,2026-II,1,2026-08-19,T
VG260105,FIA,2026-II,2,2026-08-26,P
VG260105,FIA,2026-II,3,2026-09-02,P
VG260105,FIA,2026-II,4,2026-09-09,P
VG260105,FIA,2026-II,5,2026-09-16,P
VG260105,FIA,2026-II,6,2026-09-23,P
VG260105,FIA,2026-II,7,2026-09-30,P
VG260105,FIA,2026-II,8,2026-10-07,P
VG260105,FIA,2026-II,9,2026-10-14,P
VG260105,FIA,2026-II,10,2026-10-21,P
VG260105,FIA,2026-II,11,2026-10-28,P
VG260105,FIA,2026-II,12,2026-11-04,P
VG260105,FIA,2026-II,13,2026-11-11,F
VG260105,FIA,2026-II,14,2026-11-18,P
VG260105,FIA,2026-II,15,2026-11-25,P
VG260105,FIA,2026-II,16,2026-12-02,P
VG260105,SDE,2026-II,1,2026-08-20,T
VG260105,SDE,2026-II,2,2026-08-27,T
VG260105,SDE,2026-II,3,2026-09-03,P
VG260105,SDE,2026-II,4,2026-09-10,P
VG260105,SDE,2026-II,5,2026-09-17,P
VG260105,SDE,2026-II,6,2026-09-24,P
VG260105,SDE,2026-II,7,2026-10-01,P
VG260105,SDE,2026-II,8,2026-10-08,P
VG260105,SDE,2026-II,9,2026-10-15,P
VG260105,SDE,2026-II,10,2026-10-22,P
VG260105,SDE,2026-II,11,2026-10-29,P
VG260105,SDE,2026-II,12,2026-11-05,P
VG260105,SDE,2026-II,13,2026-11-12,P
VG260105,SDE,2026-II,14,2026-11-19,P
VG260105,SDE,2026-II,15,2026-11-26,P
VG260105,SDE,2026-II,16,2026-12-03,P
VG260105,FCS,2026-II,1,2026-08-21,F
VG260105,FCS,2026-II,2,2026-08-28,P
VG260105,FCS,2026-II,3,2026-09-04,P
VG260105,FCS,2026-II,4,2026-09-11,P
VG260105,FCS,2026-II,5,2026-09-18,P
VG260105,FCS,2026-II,6,2026-09-25,P
VG260105,FCS,2026-II,7,2026-10-02,P
VG260105,FCS,2026-II,8,2026-10-09,T
VG260105,FCS,2026-II,9,2026-10-16,P
VG260105,FCS,2026-II,10,2026-10-23,P
VG260105,FCS,2026-II,11,2026-10-30,T
VG260105,FCS,2026-II,12,2026-11-06,P
VG260105,FCS,2026-II,13,2026-11-13,P
VG260105,FCS,2026-II,14,2026-11-20,P
VG260105,FCS,2026-II,15,2026-11-27,P
VG260105,FCS,2026-II,16,2026-12-04,P
VG260105,EIA,2026-II,1,2026-08-17,P
VG260105,EIA,2026-II,2,2026-08-24,P
VG260105,EIA,2026-II,3,2026-08-31,P
VG260105,EIA,2026-II,4,2026-09-07,P
VG260105,EIA,2026-II,5,2026-09-14,T
VG260105,EIA,2026-II,6,2026-09-21,T
VG260105,EIA,2026-II,7,2026-09-28,P
VG260105,EIA,2026-II,8,2026-10-05,P
VG260105,EIA,2026-II,9,2026-10-12,P
VG260105,EIA,2026-II,10,2026-10-19,T
VG260105,EIA,2026-II,11,2026-10-26,P
VG260105,EIA,2026-II,12,2026-11-02,F
VG260105,EIA,2026-II,13,2026-11-09,P
VG260105,EIA,2026-II,14,2026-11-16,P
VG260105,EIA,2026-II,15,2026-11-23,P
VG260105,EIA,2026-II,16,2026-11-30,F
VG260105,CII,2026-II,1,2026-08-18,P
VG260105,CII,2026-II,2,2026-08-25,P
VG260105,CII,2026-II,3,2026-09-01,F
VG260105,CII,2026-II,4,2026-09-08,P
VG260105,CII,2026-II,5,2026-09-15,P
VG260105,CII,2026-II,6,2026-09-22,P
VG260105,CII,2026-II,7,2026-09-29,P
VG260105,CII,2026-II,8,2026-10-06,P
VG260105,CII,2026-II,9,2026-10-13,P
VG260105,CII,2026-II,10,2026-10-20,P
VG260105,CII,2026-II,11,2026-10-27,P
VG260105,CII,2026-II,12,2026-11-03,P
VG260105,CII,2026-II,13,2026-11-10,P
VG260105,CII,2026-II,14,2026-11-17,P
VG260105,CII,2026-II,15,2026-11-24,P
VG260105,CII,2026-II,16,2026-12-01,J
VG260105,EIT,2026-II,1,2026-08-19,P
VG260105,EIT,2026-II,2,2026-08-26,P
VG260105,EIT,2026-II,3,2026-09-02,P
VG260105,EIT,2026-II,4,2026-09-09,P
VG260105,EIT,2026-II,5,2026-09-16,P
VG260105,EIT,2026-II,6,2026-09-23,P
VG260105,EIT,2026-II,7,2026-09-30,P
VG260105,EIT,2026-II,8,2026-10-07,P
VG260105,EIT,2026-II,9,2026-10-14,P
VG260105,EIT,2026-II,10,2026-10-21,P
VG260105,EIT,2026-II,11,2026-10-28,P
VG260105,EIT,2026-II,12,2026-11-04,P
VG260105,EIT,2026-II,13,2026-11-11,P
VG260105,EIT,2026-II,14,2026-11-18,F
VG260105,EIT,2026-II,15,2026-11-25,P
VG260105,EIT,2026-II,16,2026-12-02,P
VG260105,EFSRT5,2026-II,1,2026-08-20,P
VG260105,EFSRT5,2026-II,2,2026-08-27,P
VG260105,EFSRT5,2026-II,3,2026-09-03,F
VG260105,EFSRT5,2026-II,4,2026-09-10,P
VG260105,EFSRT5,2026-II,5,2026-09-17,P
VG260105,EFSRT5,2026-II,6,2026-09-24,P
VG260105,EFSRT5,2026-II,7,2026-10-01,F
VG260105,EFSRT5,2026-II,8,2026-10-08,P
VG260105,EFSRT5,2026-II,9,2026-10-15,P
VG260105,EFSRT5,2026-II,10,2026-10-22,P
VG260105,EFSRT5,2026-II,11,2026-10-29,P
VG260105,EFSRT5,2026-II,12,2026-11-05,J
VG260105,EFSRT5,2026-II,13,2026-11-12,P
VG260105,EFSRT5,2026-II,14,2026-11-19,P
VG260105,EFSRT5,2026-II,15,2026-11-26,P
VG260105,EFSRT5,2026-II,16,2026-12-03,P
VG260106,APS,2026-II,1,2026-08-17,P
VG260106,APS,2026-II,2,2026-08-24,F
VG260106,APS,2026-II,3,2026-08-31,T
VG260106,APS,2026-II,4,2026-09-07,P
VG260106,APS,2026-II,5,2026-09-14,P
VG260106,APS,2026-II,6,2026-09-21,P
VG260106,APS,2026-II,7,2026-09-28,P
VG260106,APS,2026-II,8,2026-10-05,P
VG260106,APS,2026-II,9,2026-10-12,P
VG260106,APS,2026-II,10,2026-10-19,P
VG260106,APS,2026-II,11,2026-10-26,P
VG260106,APS,2026-II,12,2026-11-02,P
VG260106,APS,2026-II,13,2026-11-09,P
VG260106,APS,2026-II,14,2026-11-16,P
VG260106,APS,2026-II,15,2026-11-23,P
VG260106,APS,2026-II,16,2026-11-30,P
VG260106,TBD,2026-II,1,2026-08-18,P
VG260106,TBD,2026-II,2,2026-08-25,P
VG260106,TBD,2026-II,3,2026-09-01,P
VG260106,TBD,2026-II,4,2026-09-08,P
VG260106,TBD,2026-II,5,2026-09-15,P
VG260106,TBD,2026-II,6,2026-09-22,P
VG260106,TBD,2026-II,7,2026-09-29,T
VG260106,TBD,2026-II,8,2026-10-06,P
VG260106,TBD,2026-II,9,2026-10-13,P
VG260106,TBD,2026-II,10,2026-10-20,P
VG260106,TBD,2026-II,11,2026-10-27,P
VG260106,TBD,2026-II,12,2026-11-03,P
VG260106,TBD,2026-II,13,2026-11-10,F
VG260106,TBD,2026-II,14,2026-11-17,P
VG260106,TBD,2026-II,15,2026-11-24,P
VG260106,TBD,2026-II,16,2026-12-01,P
VG260106,FIA,2026-II,1,2026-08-19,P
VG260106,FIA,2026-II,2,2026-08-26,P
VG260106,FIA,2026-II,3,2026-09-02,P
VG260106,FIA,2026-II,4,2026-09-09,F
VG260106,FIA,2026-II,5,2026-09-16,P
VG260106,FIA,2026-II,6,2026-09-23,P
VG260106,FIA,2026-II,7,2026-09-30,P
VG260106,FIA,2026-II,8,2026-10-07,J
VG260106,FIA,2026-II,9,2026-10-14,P
VG260106,FIA,2026-II,10,2026-10-21,P
VG260106,FIA,2026-II,11,2026-10-28,P
VG260106,FIA,2026-II,12,2026-11-04,P
VG260106,FIA,2026-II,13,2026-11-11,P
VG260106,FIA,2026-II,14,2026-11-18,J
VG260106,FIA,2026-II,15,2026-11-25,P
VG260106,FIA,2026-II,16,2026-12-02,P
VG260106,SDE,2026-II,1,2026-08-20,P
VG260106,SDE,2026-II,2,2026-08-27,P
VG260106,SDE,2026-II,3,2026-09-03,P
VG260106,SDE,2026-II,4,2026-09-10,F
VG260106,SDE,2026-II,5,2026-09-17,P
VG260106,SDE,2026-II,6,2026-09-24,F
VG260106,SDE,2026-II,7,2026-10-01,F
VG260106,SDE,2026-II,8,2026-10-08,P
VG260106,SDE,2026-II,9,2026-10-15,P
VG260106,SDE,2026-II,10,2026-10-22,P
VG260106,SDE,2026-II,11,2026-10-29,P
VG260106,SDE,2026-II,12,2026-11-05,F
VG260106,SDE,2026-II,13,2026-11-12,P
VG260106,SDE,2026-II,14,2026-11-19,F
VG260106,SDE,2026-II,15,2026-11-26,P
VG260106,SDE,2026-II,16,2026-12-03,P
VG260106,FCS,2026-II,1,2026-08-21,P
VG260106,FCS,2026-II,2,2026-08-28,F
VG260106,FCS,2026-II,3,2026-09-04,P
VG260106,FCS,2026-II,4,2026-09-11,P
VG260106,FCS,2026-II,5,2026-09-18,P
VG260106,FCS,2026-II,6,2026-09-25,P
VG260106,FCS,2026-II,7,2026-10-02,P
VG260106,FCS,2026-II,8,2026-10-09,P
VG260106,FCS,2026-II,9,2026-10-16,P
VG260106,FCS,2026-II,10,2026-10-23,P
VG260106,FCS,2026-II,11,2026-10-30,P
VG260106,FCS,2026-II,12,2026-11-06,P
VG260106,FCS,2026-II,13,2026-11-13,P
VG260106,FCS,2026-II,14,2026-11-20,P
VG260106,FCS,2026-II,15,2026-11-27,P
VG260106,FCS,2026-II,16,2026-12-04,F
VG260106,EIA,2026-II,1,2026-08-17,F
VG260106,EIA,2026-II,2,2026-08-24,P
VG260106,EIA,2026-II,3,2026-08-31,P
VG260106,EIA,2026-II,4,2026-09-07,P
VG260106,EIA,2026-II,5,2026-09-14,P
VG260106,EIA,2026-II,6,2026-09-21,P
VG260106,EIA,2026-II,7,2026-09-28,P
VG260106,EIA,2026-II,8,2026-10-05,T
VG260106,EIA,2026-II,9,2026-10-12,J
VG260106,EIA,2026-II,10,2026-10-19,P
VG260106,EIA,2026-II,11,2026-10-26,P
VG260106,EIA,2026-II,12,2026-11-02,P
VG260106,EIA,2026-II,13,2026-11-09,F
VG260106,EIA,2026-II,14,2026-11-16,P
VG260106,EIA,2026-II,15,2026-11-23,P
VG260106,EIA,2026-II,16,2026-11-30,P
VG260106,CII,2026-II,1,2026-08-18,P
VG260106,CII,2026-II,2,2026-08-25,P
VG260106,CII,2026-II,3,2026-09-01,P
VG260106,CII,2026-II,4,2026-09-08,P
VG260106,CII,2026-II,5,2026-09-15,P
VG260106,CII,2026-II,6,2026-09-22,P
VG260106,CII,2026-II,7,2026-09-29,P
VG260106,CII,2026-II,8,2026-10-06,P
VG260106,CII,2026-II,9,2026-10-13,P
VG260106,CII,2026-II,10,2026-10-20,P
VG260106,CII,2026-II,11,2026-10-27,F
VG260106,CII,2026-II,12,2026-11-03,P
VG260106,CII,2026-II,13,2026-11-10,P
VG260106,CII,2026-II,14,2026-11-17,P
VG260106,CII,2026-II,15,2026-11-24,P
VG260106,CII,2026-II,16,2026-12-01,P
VG260106,EIT,2026-II,1,2026-08-19,P
VG260106,EIT,2026-II,2,2026-08-26,P
VG260106,EIT,2026-II,3,2026-09-02,F
VG260106,EIT,2026-II,4,2026-09-09,P
VG260106,EIT,2026-II,5,2026-09-16,P
VG260106,EIT,2026-II,6,2026-09-23,J
VG260106,EIT,2026-II,7,2026-09-30,F
VG260106,EIT,2026-II,8,2026-10-07,F
VG260106,EIT,2026-II,9,2026-10-14,P
VG260106,EIT,2026-II,10,2026-10-21,P
VG260106,EIT,2026-II,11,2026-10-28,P
VG260106,EIT,2026-II,12,2026-11-04,T
VG260106,EIT,2026-II,13,2026-11-11,P
VG260106,EIT,2026-II,14,2026-11-18,F
VG260106,EIT,2026-II,15,2026-11-25,P
VG260106,EIT,2026-II,16,2026-12-02,P
VG260106,EFSRT5,2026-II,1,2026-08-20,T
VG260106,EFSRT5,2026-II,2,2026-08-27,F
VG260106,EFSRT5,2026-II,3,2026-09-03,F
VG260106,EFSRT5,2026-II,4,2026-09-10,P
VG260106,EFSRT5,2026-II,5,2026-09-17,P
VG260106,EFSRT5,2026-II,6,2026-09-24,P
VG260106,EFSRT5,2026-II,7,2026-10-01,P
VG260106,EFSRT5,2026-II,8,2026-10-08,P
VG260106,EFSRT5,2026-II,9,2026-10-15,P
VG260106,EFSRT5,2026-II,10,2026-10-22,F
VG260106,EFSRT5,2026-II,11,2026-10-29,P
VG260106,EFSRT5,2026-II,12,2026-11-05,P
VG260106,EFSRT5,2026-II,13,2026-11-12,P
VG260106,EFSRT5,2026-II,14,2026-11-19,P
VG260106,EFSRT5,2026-II,15,2026-11-26,P
VG260106,EFSRT5,2026-II,16,2026-12-03,P
VG260107,APS,2026-II,1,2026-08-17,P
VG260107,APS,2026-II,2,2026-08-24,P
VG260107,APS,2026-II,3,2026-08-31,P
VG260107,APS,2026-II,4,2026-09-07,P
VG260107,APS,2026-II,5,2026-09-14,P
VG260107,APS,2026-II,6,2026-09-21,P
VG260107,APS,2026-II,7,2026-09-28,P
VG260107,APS,2026-II,8,2026-10-05,P
VG260107,APS,2026-II,9,2026-10-12,P
VG260107,APS,2026-II,10,2026-10-19,P
VG260107,APS,2026-II,11,2026-10-26,P
VG260107,APS,2026-II,12,2026-11-02,P
VG260107,APS,2026-II,13,2026-11-09,P
VG260107,APS,2026-II,14,2026-11-16,P
VG260107,APS,2026-II,15,2026-11-23,P
VG260107,APS,2026-II,16,2026-11-30,P
VG260107,TBD,2026-II,1,2026-08-18,P
VG260107,TBD,2026-II,2,2026-08-25,P
VG260107,TBD,2026-II,3,2026-09-01,P
VG260107,TBD,2026-II,4,2026-09-08,P
VG260107,TBD,2026-II,5,2026-09-15,P
VG260107,TBD,2026-II,6,2026-09-22,F
VG260107,TBD,2026-II,7,2026-09-29,T
VG260107,TBD,2026-II,8,2026-10-06,P
VG260107,TBD,2026-II,9,2026-10-13,P
VG260107,TBD,2026-II,10,2026-10-20,P
VG260107,TBD,2026-II,11,2026-10-27,P
VG260107,TBD,2026-II,12,2026-11-03,P
VG260107,TBD,2026-II,13,2026-11-10,P
VG260107,TBD,2026-II,14,2026-11-17,P
VG260107,TBD,2026-II,15,2026-11-24,P
VG260107,TBD,2026-II,16,2026-12-01,P
VG260107,FIA,2026-II,1,2026-08-19,P
VG260107,FIA,2026-II,2,2026-08-26,P
VG260107,FIA,2026-II,3,2026-09-02,P
VG260107,FIA,2026-II,4,2026-09-09,P
VG260107,FIA,2026-II,5,2026-09-16,P
VG260107,FIA,2026-II,6,2026-09-23,P
VG260107,FIA,2026-II,7,2026-09-30,P
VG260107,FIA,2026-II,8,2026-10-07,P
VG260107,FIA,2026-II,9,2026-10-14,P
VG260107,FIA,2026-II,10,2026-10-21,P
VG260107,FIA,2026-II,11,2026-10-28,P
VG260107,FIA,2026-II,12,2026-11-04,P
VG260107,FIA,2026-II,13,2026-11-11,P
VG260107,FIA,2026-II,14,2026-11-18,P
VG260107,FIA,2026-II,15,2026-11-25,P
VG260107,FIA,2026-II,16,2026-12-02,P
VG260107,SDE,2026-II,1,2026-08-20,P
VG260107,SDE,2026-II,2,2026-08-27,T
VG260107,SDE,2026-II,3,2026-09-03,P
VG260107,SDE,2026-II,4,2026-09-10,P
VG260107,SDE,2026-II,5,2026-09-17,P
VG260107,SDE,2026-II,6,2026-09-24,P
VG260107,SDE,2026-II,7,2026-10-01,P
VG260107,SDE,2026-II,8,2026-10-08,P
VG260107,SDE,2026-II,9,2026-10-15,P
VG260107,SDE,2026-II,10,2026-10-22,P
VG260107,SDE,2026-II,11,2026-10-29,P
VG260107,SDE,2026-II,12,2026-11-05,P
VG260107,SDE,2026-II,13,2026-11-12,P
VG260107,SDE,2026-II,14,2026-11-19,P
VG260107,SDE,2026-II,15,2026-11-26,P
VG260107,SDE,2026-II,16,2026-12-03,P
VG260107,FCS,2026-II,1,2026-08-21,P
VG260107,FCS,2026-II,2,2026-08-28,P
VG260107,FCS,2026-II,3,2026-09-04,F
VG260107,FCS,2026-II,4,2026-09-11,P
VG260107,FCS,2026-II,5,2026-09-18,P
VG260107,FCS,2026-II,6,2026-09-25,P
VG260107,FCS,2026-II,7,2026-10-02,P
VG260107,FCS,2026-II,8,2026-10-09,P
VG260107,FCS,2026-II,9,2026-10-16,P
VG260107,FCS,2026-II,10,2026-10-23,P
VG260107,FCS,2026-II,11,2026-10-30,P
VG260107,FCS,2026-II,12,2026-11-06,P
VG260107,FCS,2026-II,13,2026-11-13,P
VG260107,FCS,2026-II,14,2026-11-20,P
VG260107,FCS,2026-II,15,2026-11-27,P
VG260107,FCS,2026-II,16,2026-12-04,P
VG260107,EIA,2026-II,1,2026-08-17,P
VG260107,EIA,2026-II,2,2026-08-24,P
VG260107,EIA,2026-II,3,2026-08-31,P
VG260107,EIA,2026-II,4,2026-09-07,P
VG260107,EIA,2026-II,5,2026-09-14,P
VG260107,EIA,2026-II,6,2026-09-21,P
VG260107,EIA,2026-II,7,2026-09-28,T
VG260107,EIA,2026-II,8,2026-10-05,P
VG260107,EIA,2026-II,9,2026-10-12,T
VG260107,EIA,2026-II,10,2026-10-19,P
VG260107,EIA,2026-II,11,2026-10-26,P
VG260107,EIA,2026-II,12,2026-11-02,P
VG260107,EIA,2026-II,13,2026-11-09,T
VG260107,EIA,2026-II,14,2026-11-16,P
VG260107,EIA,2026-II,15,2026-11-23,P
VG260107,EIA,2026-II,16,2026-11-30,P
VG260107,CII,2026-II,1,2026-08-18,P
VG260107,CII,2026-II,2,2026-08-25,T
VG260107,CII,2026-II,3,2026-09-01,T
VG260107,CII,2026-II,4,2026-09-08,P
VG260107,CII,2026-II,5,2026-09-15,F
VG260107,CII,2026-II,6,2026-09-22,P
VG260107,CII,2026-II,7,2026-09-29,P
VG260107,CII,2026-II,8,2026-10-06,P
VG260107,CII,2026-II,9,2026-10-13,T
VG260107,CII,2026-II,10,2026-10-20,P
VG260107,CII,2026-II,11,2026-10-27,P
VG260107,CII,2026-II,12,2026-11-03,P
VG260107,CII,2026-II,13,2026-11-10,P
VG260107,CII,2026-II,14,2026-11-17,P
VG260107,CII,2026-II,15,2026-11-24,P
VG260107,CII,2026-II,16,2026-12-01,F
VG260107,EIT,2026-II,1,2026-08-19,P
VG260107,EIT,2026-II,2,2026-08-26,P
VG260107,EIT,2026-II,3,2026-09-02,P
VG260107,EIT,2026-II,4,2026-09-09,P
VG260107,EIT,2026-II,5,2026-09-16,P
VG260107,EIT,2026-II,6,2026-09-23,P
VG260107,EIT,2026-II,7,2026-09-30,P
VG260107,EIT,2026-II,8,2026-10-07,P
VG260107,EIT,2026-II,9,2026-10-14,P
VG260107,EIT,2026-II,10,2026-10-21,P
VG260107,EIT,2026-II,11,2026-10-28,P
VG260107,EIT,2026-II,12,2026-11-04,P
VG260107,EIT,2026-II,13,2026-11-11,P
VG260107,EIT,2026-II,14,2026-11-18,P
VG260107,EIT,2026-II,15,2026-11-25,P
VG260107,EIT,2026-II,16,2026-12-02,P
VG260107,EFSRT5,2026-II,1,2026-08-20,P
VG260107,EFSRT5,2026-II,2,2026-08-27,P
VG260107,EFSRT5,2026-II,3,2026-09-03,P
VG260107,EFSRT5,2026-II,4,2026-09-10,P
VG260107,EFSRT5,2026-II,5,2026-09-17,F
VG260107,EFSRT5,2026-II,6,2026-09-24,P
VG260107,EFSRT5,2026-II,7,2026-10-01,P
VG260107,EFSRT5,2026-II,8,2026-10-08,P
VG260107,EFSRT5,2026-II,9,2026-10-15,P
VG260107,EFSRT5,2026-II,10,2026-10-22,P
VG260107,EFSRT5,2026-II,11,2026-10-29,P
VG260107,EFSRT5,2026-II,12,2026-11-05,P
VG260107,EFSRT5,2026-II,13,2026-11-12,T
VG260107,EFSRT5,2026-II,14,2026-11-19,P
VG260107,EFSRT5,2026-II,15,2026-11-26,P
VG260107,EFSRT5,2026-II,16,2026-12-03,F
VG260108,APS,2026-II,1,2026-08-17,F
VG260108,APS,2026-II,2,2026-08-24,P
VG260108,APS,2026-II,3,2026-08-31,F
VG260108,APS,2026-II,4,2026-09-07,F
VG260108,APS,2026-II,5,2026-09-14,P
VG260108,APS,2026-II,6,2026-09-21,P
VG260108,APS,2026-II,7,2026-09-28,P
VG260108,APS,2026-II,8,2026-10-05,P
VG260108,APS,2026-II,9,2026-10-12,P
VG260108,APS,2026-II,10,2026-10-19,P
VG260108,APS,2026-II,11,2026-10-26,P
VG260108,APS,2026-II,12,2026-11-02,T
VG260108,APS,2026-II,13,2026-11-09,P
VG260108,APS,2026-II,14,2026-11-16,T
VG260108,APS,2026-II,15,2026-11-23,P
VG260108,APS,2026-II,16,2026-11-30,P
VG260108,TBD,2026-II,1,2026-08-18,P
VG260108,TBD,2026-II,2,2026-08-25,P
VG260108,TBD,2026-II,3,2026-09-01,T
VG260108,TBD,2026-II,4,2026-09-08,P
VG260108,TBD,2026-II,5,2026-09-15,P
VG260108,TBD,2026-II,6,2026-09-22,P
VG260108,TBD,2026-II,7,2026-09-29,F
VG260108,TBD,2026-II,8,2026-10-06,P
VG260108,TBD,2026-II,9,2026-10-13,P
VG260108,TBD,2026-II,10,2026-10-20,F
VG260108,TBD,2026-II,11,2026-10-27,P
VG260108,TBD,2026-II,12,2026-11-03,P
VG260108,TBD,2026-II,13,2026-11-10,P
VG260108,TBD,2026-II,14,2026-11-17,P
VG260108,TBD,2026-II,15,2026-11-24,T
VG260108,TBD,2026-II,16,2026-12-01,P
VG260108,FIA,2026-II,1,2026-08-19,P
VG260108,FIA,2026-II,2,2026-08-26,T
VG260108,FIA,2026-II,3,2026-09-02,J
VG260108,FIA,2026-II,4,2026-09-09,P
VG260108,FIA,2026-II,5,2026-09-16,F
VG260108,FIA,2026-II,6,2026-09-23,F
VG260108,FIA,2026-II,7,2026-09-30,P
VG260108,FIA,2026-II,8,2026-10-07,F
VG260108,FIA,2026-II,9,2026-10-14,P
VG260108,FIA,2026-II,10,2026-10-21,T
VG260108,FIA,2026-II,11,2026-10-28,P
VG260108,FIA,2026-II,12,2026-11-04,P
VG260108,FIA,2026-II,13,2026-11-11,T
VG260108,FIA,2026-II,14,2026-11-18,P
VG260108,FIA,2026-II,15,2026-11-25,J
VG260108,FIA,2026-II,16,2026-12-02,T
VG260108,SDE,2026-II,1,2026-08-20,P
VG260108,SDE,2026-II,2,2026-08-27,P
VG260108,SDE,2026-II,3,2026-09-03,P
VG260108,SDE,2026-II,4,2026-09-10,P
VG260108,SDE,2026-II,5,2026-09-17,P
VG260108,SDE,2026-II,6,2026-09-24,F
VG260108,SDE,2026-II,7,2026-10-01,P
VG260108,SDE,2026-II,8,2026-10-08,J
VG260108,SDE,2026-II,9,2026-10-15,P
VG260108,SDE,2026-II,10,2026-10-22,J
VG260108,SDE,2026-II,11,2026-10-29,P
VG260108,SDE,2026-II,12,2026-11-05,P
VG260108,SDE,2026-II,13,2026-11-12,F
VG260108,SDE,2026-II,14,2026-11-19,J
VG260108,SDE,2026-II,15,2026-11-26,T
VG260108,SDE,2026-II,16,2026-12-03,F
VG260108,FCS,2026-II,1,2026-08-21,P
VG260108,FCS,2026-II,2,2026-08-28,P
VG260108,FCS,2026-II,3,2026-09-04,F
VG260108,FCS,2026-II,4,2026-09-11,T
VG260108,FCS,2026-II,5,2026-09-18,P
VG260108,FCS,2026-II,6,2026-09-25,P
VG260108,FCS,2026-II,7,2026-10-02,P
VG260108,FCS,2026-II,8,2026-10-09,P
VG260108,FCS,2026-II,9,2026-10-16,P
VG260108,FCS,2026-II,10,2026-10-23,F
VG260108,FCS,2026-II,11,2026-10-30,J
VG260108,FCS,2026-II,12,2026-11-06,P
VG260108,FCS,2026-II,13,2026-11-13,P
VG260108,FCS,2026-II,14,2026-11-20,T
VG260108,FCS,2026-II,15,2026-11-27,P
VG260108,FCS,2026-II,16,2026-12-04,P
VG260108,EIA,2026-II,1,2026-08-17,P
VG260108,EIA,2026-II,2,2026-08-24,P
VG260108,EIA,2026-II,3,2026-08-31,J
VG260108,EIA,2026-II,4,2026-09-07,T
VG260108,EIA,2026-II,5,2026-09-14,P
VG260108,EIA,2026-II,6,2026-09-21,F
VG260108,EIA,2026-II,7,2026-09-28,P
VG260108,EIA,2026-II,8,2026-10-05,P
VG260108,EIA,2026-II,9,2026-10-12,P
VG260108,EIA,2026-II,10,2026-10-19,P
VG260108,EIA,2026-II,11,2026-10-26,P
VG260108,EIA,2026-II,12,2026-11-02,P
VG260108,EIA,2026-II,13,2026-11-09,P
VG260108,EIA,2026-II,14,2026-11-16,P
VG260108,EIA,2026-II,15,2026-11-23,F
VG260108,EIA,2026-II,16,2026-11-30,P
VG260108,CII,2026-II,1,2026-08-18,P
VG260108,CII,2026-II,2,2026-08-25,P
VG260108,CII,2026-II,3,2026-09-01,P
VG260108,CII,2026-II,4,2026-09-08,F
VG260108,CII,2026-II,5,2026-09-15,P
VG260108,CII,2026-II,6,2026-09-22,F
VG260108,CII,2026-II,7,2026-09-29,F
VG260108,CII,2026-II,8,2026-10-06,F
VG260108,CII,2026-II,9,2026-10-13,T
VG260108,CII,2026-II,10,2026-10-20,J
VG260108,CII,2026-II,11,2026-10-27,P
VG260108,CII,2026-II,12,2026-11-03,P
VG260108,CII,2026-II,13,2026-11-10,P
VG260108,CII,2026-II,14,2026-11-17,F
VG260108,CII,2026-II,15,2026-11-24,P
VG260108,CII,2026-II,16,2026-12-01,P
VG260108,EIT,2026-II,1,2026-08-19,P
VG260108,EIT,2026-II,2,2026-08-26,P
VG260108,EIT,2026-II,3,2026-09-02,P
VG260108,EIT,2026-II,4,2026-09-09,P
VG260108,EIT,2026-II,5,2026-09-16,P
VG260108,EIT,2026-II,6,2026-09-23,P
VG260108,EIT,2026-II,7,2026-09-30,P
VG260108,EIT,2026-II,8,2026-10-07,P
VG260108,EIT,2026-II,9,2026-10-14,F
VG260108,EIT,2026-II,10,2026-10-21,F
VG260108,EIT,2026-II,11,2026-10-28,P
VG260108,EIT,2026-II,12,2026-11-04,P
VG260108,EIT,2026-II,13,2026-11-11,P
VG260108,EIT,2026-II,14,2026-11-18,P
VG260108,EIT,2026-II,15,2026-11-25,P
VG260108,EIT,2026-II,16,2026-12-02,P
VG260108,EFSRT5,2026-II,1,2026-08-20,P
VG260108,EFSRT5,2026-II,2,2026-08-27,F
VG260108,EFSRT5,2026-II,3,2026-09-03,P
VG260108,EFSRT5,2026-II,4,2026-09-10,F
VG260108,EFSRT5,2026-II,5,2026-09-17,P
VG260108,EFSRT5,2026-II,6,2026-09-24,P
VG260108,EFSRT5,2026-II,7,2026-10-01,P
VG260108,EFSRT5,2026-II,8,2026-10-08,P
VG260108,EFSRT5,2026-II,9,2026-10-15,P
VG260108,EFSRT5,2026-II,10,2026-10-22,P
VG260108,EFSRT5,2026-II,11,2026-10-29,F
VG260108,EFSRT5,2026-II,12,2026-11-05,P
VG260108,EFSRT5,2026-II,13,2026-11-12,J
VG260108,EFSRT5,2026-II,14,2026-11-19,P
VG260108,EFSRT5,2026-II,15,2026-11-26,P
VG260108,EFSRT5,2026-II,16,2026-12-03,P
VG260109,APS,2026-II,1,2026-08-17,P
VG260109,APS,2026-II,2,2026-08-24,F
VG260109,APS,2026-II,3,2026-08-31,P
VG260109,APS,2026-II,4,2026-09-07,P
VG260109,APS,2026-II,5,2026-09-14,P
VG260109,APS,2026-II,6,2026-09-21,T
VG260109,APS,2026-II,7,2026-09-28,P
VG260109,APS,2026-II,8,2026-10-05,P
VG260109,APS,2026-II,9,2026-10-12,P
VG260109,APS,2026-II,10,2026-10-19,P
VG260109,APS,2026-II,11,2026-10-26,P
VG260109,APS,2026-II,12,2026-11-02,T
VG260109,APS,2026-II,13,2026-11-09,P
VG260109,APS,2026-II,14,2026-11-16,P
VG260109,APS,2026-II,15,2026-11-23,P
VG260109,APS,2026-II,16,2026-11-30,P
VG260109,TBD,2026-II,1,2026-08-18,P
VG260109,TBD,2026-II,2,2026-08-25,P
VG260109,TBD,2026-II,3,2026-09-01,P
VG260109,TBD,2026-II,4,2026-09-08,P
VG260109,TBD,2026-II,5,2026-09-15,P
VG260109,TBD,2026-II,6,2026-09-22,P
VG260109,TBD,2026-II,7,2026-09-29,P
VG260109,TBD,2026-II,8,2026-10-06,T
VG260109,TBD,2026-II,9,2026-10-13,P
VG260109,TBD,2026-II,10,2026-10-20,P
VG260109,TBD,2026-II,11,2026-10-27,T
VG260109,TBD,2026-II,12,2026-11-03,P
VG260109,TBD,2026-II,13,2026-11-10,P
VG260109,TBD,2026-II,14,2026-11-17,T
VG260109,TBD,2026-II,15,2026-11-24,P
VG260109,TBD,2026-II,16,2026-12-01,P
VG260109,FIA,2026-II,1,2026-08-19,P
VG260109,FIA,2026-II,2,2026-08-26,T
VG260109,FIA,2026-II,3,2026-09-02,P
VG260109,FIA,2026-II,4,2026-09-09,P
VG260109,FIA,2026-II,5,2026-09-16,P
VG260109,FIA,2026-II,6,2026-09-23,P
VG260109,FIA,2026-II,7,2026-09-30,P
VG260109,FIA,2026-II,8,2026-10-07,P
VG260109,FIA,2026-II,9,2026-10-14,T
VG260109,FIA,2026-II,10,2026-10-21,P
VG260109,FIA,2026-II,11,2026-10-28,P
VG260109,FIA,2026-II,12,2026-11-04,P
VG260109,FIA,2026-II,13,2026-11-11,P
VG260109,FIA,2026-II,14,2026-11-18,P
VG260109,FIA,2026-II,15,2026-11-25,P
VG260109,FIA,2026-II,16,2026-12-02,P
VG260109,SDE,2026-II,1,2026-08-20,P
VG260109,SDE,2026-II,2,2026-08-27,P
VG260109,SDE,2026-II,3,2026-09-03,P
VG260109,SDE,2026-II,4,2026-09-10,P
VG260109,SDE,2026-II,5,2026-09-17,P
VG260109,SDE,2026-II,6,2026-09-24,P
VG260109,SDE,2026-II,7,2026-10-01,P
VG260109,SDE,2026-II,8,2026-10-08,P
VG260109,SDE,2026-II,9,2026-10-15,T
VG260109,SDE,2026-II,10,2026-10-22,P
VG260109,SDE,2026-II,11,2026-10-29,P
VG260109,SDE,2026-II,12,2026-11-05,P
VG260109,SDE,2026-II,13,2026-11-12,F
VG260109,SDE,2026-II,14,2026-11-19,P
VG260109,SDE,2026-II,15,2026-11-26,P
VG260109,SDE,2026-II,16,2026-12-03,P
VG260109,FCS,2026-II,1,2026-08-21,P
VG260109,FCS,2026-II,2,2026-08-28,F
VG260109,FCS,2026-II,3,2026-09-04,T
VG260109,FCS,2026-II,4,2026-09-11,P
VG260109,FCS,2026-II,5,2026-09-18,P
VG260109,FCS,2026-II,6,2026-09-25,P
VG260109,FCS,2026-II,7,2026-10-02,P
VG260109,FCS,2026-II,8,2026-10-09,P
VG260109,FCS,2026-II,9,2026-10-16,P
VG260109,FCS,2026-II,10,2026-10-23,P
VG260109,FCS,2026-II,11,2026-10-30,P
VG260109,FCS,2026-II,12,2026-11-06,P
VG260109,FCS,2026-II,13,2026-11-13,P
VG260109,FCS,2026-II,14,2026-11-20,P
VG260109,FCS,2026-II,15,2026-11-27,T
VG260109,FCS,2026-II,16,2026-12-04,P
VG260109,EIA,2026-II,1,2026-08-17,P
VG260109,EIA,2026-II,2,2026-08-24,P
VG260109,EIA,2026-II,3,2026-08-31,T
VG260109,EIA,2026-II,4,2026-09-07,P
VG260109,EIA,2026-II,5,2026-09-14,P
VG260109,EIA,2026-II,6,2026-09-21,P
VG260109,EIA,2026-II,7,2026-09-28,P
VG260109,EIA,2026-II,8,2026-10-05,P
VG260109,EIA,2026-II,9,2026-10-12,P
VG260109,EIA,2026-II,10,2026-10-19,P
VG260109,EIA,2026-II,11,2026-10-26,P
VG260109,EIA,2026-II,12,2026-11-02,P
VG260109,EIA,2026-II,13,2026-11-09,P
VG260109,EIA,2026-II,14,2026-11-16,P
VG260109,EIA,2026-II,15,2026-11-23,P
VG260109,EIA,2026-II,16,2026-11-30,P
VG260109,CII,2026-II,1,2026-08-18,P
VG260109,CII,2026-II,2,2026-08-25,P
VG260109,CII,2026-II,3,2026-09-01,P
VG260109,CII,2026-II,4,2026-09-08,P
VG260109,CII,2026-II,5,2026-09-15,T
VG260109,CII,2026-II,6,2026-09-22,P
VG260109,CII,2026-II,7,2026-09-29,P
VG260109,CII,2026-II,8,2026-10-06,P
VG260109,CII,2026-II,9,2026-10-13,P
VG260109,CII,2026-II,10,2026-10-20,P
VG260109,CII,2026-II,11,2026-10-27,P
VG260109,CII,2026-II,12,2026-11-03,P
VG260109,CII,2026-II,13,2026-11-10,P
VG260109,CII,2026-II,14,2026-11-17,P
VG260109,CII,2026-II,15,2026-11-24,P
VG260109,CII,2026-II,16,2026-12-01,P
VG260109,EIT,2026-II,1,2026-08-19,P
VG260109,EIT,2026-II,2,2026-08-26,P
VG260109,EIT,2026-II,3,2026-09-02,P
VG260109,EIT,2026-II,4,2026-09-09,P
VG260109,EIT,2026-II,5,2026-09-16,P
VG260109,EIT,2026-II,6,2026-09-23,P
VG260109,EIT,2026-II,7,2026-09-30,P
VG260109,EIT,2026-II,8,2026-10-07,P
VG260109,EIT,2026-II,9,2026-10-14,P
VG260109,EIT,2026-II,10,2026-10-21,P
VG260109,EIT,2026-II,11,2026-10-28,P
VG260109,EIT,2026-II,12,2026-11-04,P
VG260109,EIT,2026-II,13,2026-11-11,P
VG260109,EIT,2026-II,14,2026-11-18,P
VG260109,EIT,2026-II,15,2026-11-25,P
VG260109,EIT,2026-II,16,2026-12-02,T
VG260109,EFSRT5,2026-II,1,2026-08-20,P
VG260109,EFSRT5,2026-II,2,2026-08-27,P
VG260109,EFSRT5,2026-II,3,2026-09-03,P
VG260109,EFSRT5,2026-II,4,2026-09-10,P
VG260109,EFSRT5,2026-II,5,2026-09-17,P
VG260109,EFSRT5,2026-II,6,2026-09-24,P
VG260109,EFSRT5,2026-II,7,2026-10-01,P
VG260109,EFSRT5,2026-II,8,2026-10-08,P
VG260109,EFSRT5,2026-II,9,2026-10-15,P
VG260109,EFSRT5,2026-II,10,2026-10-22,T
VG260109,EFSRT5,2026-II,11,2026-10-29,P
VG260109,EFSRT5,2026-II,12,2026-11-05,P
VG260109,EFSRT5,2026-II,13,2026-11-12,P
VG260109,EFSRT5,2026-II,14,2026-11-19,P
VG260109,EFSRT5,2026-II,15,2026-11-26,P
VG260109,EFSRT5,2026-II,16,2026-12-03,P
VG260110,APS,2026-II,1,2026-08-17,P
VG260110,APS,2026-II,2,2026-08-24,P
VG260110,APS,2026-II,3,2026-08-31,P
VG260110,APS,2026-II,4,2026-09-07,P
VG260110,APS,2026-II,5,2026-09-14,P
VG260110,APS,2026-II,6,2026-09-21,P
VG260110,APS,2026-II,7,2026-09-28,P
VG260110,APS,2026-II,8,2026-10-05,P
VG260110,APS,2026-II,9,2026-10-12,P
VG260110,APS,2026-II,10,2026-10-19,P
VG260110,APS,2026-II,11,2026-10-26,P
VG260110,APS,2026-II,12,2026-11-02,P
VG260110,APS,2026-II,13,2026-11-09,P
VG260110,APS,2026-II,14,2026-11-16,P
VG260110,APS,2026-II,15,2026-11-23,P
VG260110,APS,2026-II,16,2026-11-30,P
VG260110,TBD,2026-II,1,2026-08-18,P
VG260110,TBD,2026-II,2,2026-08-25,P
VG260110,TBD,2026-II,3,2026-09-01,P
VG260110,TBD,2026-II,4,2026-09-08,T
VG260110,TBD,2026-II,5,2026-09-15,P
VG260110,TBD,2026-II,6,2026-09-22,P
VG260110,TBD,2026-II,7,2026-09-29,P
VG260110,TBD,2026-II,8,2026-10-06,P
VG260110,TBD,2026-II,9,2026-10-13,P
VG260110,TBD,2026-II,10,2026-10-20,T
VG260110,TBD,2026-II,11,2026-10-27,P
VG260110,TBD,2026-II,12,2026-11-03,P
VG260110,TBD,2026-II,13,2026-11-10,P
VG260110,TBD,2026-II,14,2026-11-17,T
VG260110,TBD,2026-II,15,2026-11-24,P
VG260110,TBD,2026-II,16,2026-12-01,P
VG260110,FIA,2026-II,1,2026-08-19,P
VG260110,FIA,2026-II,2,2026-08-26,P
VG260110,FIA,2026-II,3,2026-09-02,P
VG260110,FIA,2026-II,4,2026-09-09,P
VG260110,FIA,2026-II,5,2026-09-16,P
VG260110,FIA,2026-II,6,2026-09-23,T
VG260110,FIA,2026-II,7,2026-09-30,T
VG260110,FIA,2026-II,8,2026-10-07,P
VG260110,FIA,2026-II,9,2026-10-14,P
VG260110,FIA,2026-II,10,2026-10-21,P
VG260110,FIA,2026-II,11,2026-10-28,P
VG260110,FIA,2026-II,12,2026-11-04,P
VG260110,FIA,2026-II,13,2026-11-11,P
VG260110,FIA,2026-II,14,2026-11-18,P
VG260110,FIA,2026-II,15,2026-11-25,P
VG260110,FIA,2026-II,16,2026-12-02,P
VG260110,SDE,2026-II,1,2026-08-20,T
VG260110,SDE,2026-II,2,2026-08-27,P
VG260110,SDE,2026-II,3,2026-09-03,P
VG260110,SDE,2026-II,4,2026-09-10,P
VG260110,SDE,2026-II,5,2026-09-17,P
VG260110,SDE,2026-II,6,2026-09-24,P
VG260110,SDE,2026-II,7,2026-10-01,P
VG260110,SDE,2026-II,8,2026-10-08,P
VG260110,SDE,2026-II,9,2026-10-15,P
VG260110,SDE,2026-II,10,2026-10-22,P
VG260110,SDE,2026-II,11,2026-10-29,P
VG260110,SDE,2026-II,12,2026-11-05,P
VG260110,SDE,2026-II,13,2026-11-12,P
VG260110,SDE,2026-II,14,2026-11-19,P
VG260110,SDE,2026-II,15,2026-11-26,P
VG260110,SDE,2026-II,16,2026-12-03,P
VG260110,FCS,2026-II,1,2026-08-21,P
VG260110,FCS,2026-II,2,2026-08-28,P
VG260110,FCS,2026-II,3,2026-09-04,P
VG260110,FCS,2026-II,4,2026-09-11,P
VG260110,FCS,2026-II,5,2026-09-18,P
VG260110,FCS,2026-II,6,2026-09-25,P
VG260110,FCS,2026-II,7,2026-10-02,P
VG260110,FCS,2026-II,8,2026-10-09,P
VG260110,FCS,2026-II,9,2026-10-16,P
VG260110,FCS,2026-II,10,2026-10-23,P
VG260110,FCS,2026-II,11,2026-10-30,P
VG260110,FCS,2026-II,12,2026-11-06,P
VG260110,FCS,2026-II,13,2026-11-13,P
VG260110,FCS,2026-II,14,2026-11-20,P
VG260110,FCS,2026-II,15,2026-11-27,T
VG260110,FCS,2026-II,16,2026-12-04,P
VG260110,EIA,2026-II,1,2026-08-17,T
VG260110,EIA,2026-II,2,2026-08-24,P
VG260110,EIA,2026-II,3,2026-08-31,P
VG260110,EIA,2026-II,4,2026-09-07,T
VG260110,EIA,2026-II,5,2026-09-14,T
VG260110,EIA,2026-II,6,2026-09-21,P
VG260110,EIA,2026-II,7,2026-09-28,P
VG260110,EIA,2026-II,8,2026-10-05,P
VG260110,EIA,2026-II,9,2026-10-12,P
VG260110,EIA,2026-II,10,2026-10-19,P
VG260110,EIA,2026-II,11,2026-10-26,P
VG260110,EIA,2026-II,12,2026-11-02,P
VG260110,EIA,2026-II,13,2026-11-09,P
VG260110,EIA,2026-II,14,2026-11-16,P
VG260110,EIA,2026-II,15,2026-11-23,P
VG260110,EIA,2026-II,16,2026-11-30,P
VG260110,CII,2026-II,1,2026-08-18,P
VG260110,CII,2026-II,2,2026-08-25,P
VG260110,CII,2026-II,3,2026-09-01,P
VG260110,CII,2026-II,4,2026-09-08,P
VG260110,CII,2026-II,5,2026-09-15,P
VG260110,CII,2026-II,6,2026-09-22,P
VG260110,CII,2026-II,7,2026-09-29,P
VG260110,CII,2026-II,8,2026-10-06,P
VG260110,CII,2026-II,9,2026-10-13,T
VG260110,CII,2026-II,10,2026-10-20,P
VG260110,CII,2026-II,11,2026-10-27,P
VG260110,CII,2026-II,12,2026-11-03,P
VG260110,CII,2026-II,13,2026-11-10,P
VG260110,CII,2026-II,14,2026-11-17,P
VG260110,CII,2026-II,15,2026-11-24,P
VG260110,CII,2026-II,16,2026-12-01,P
VG260110,EIT,2026-II,1,2026-08-19,P
VG260110,EIT,2026-II,2,2026-08-26,P
VG260110,EIT,2026-II,3,2026-09-02,P
VG260110,EIT,2026-II,4,2026-09-09,P
VG260110,EIT,2026-II,5,2026-09-16,P
VG260110,EIT,2026-II,6,2026-09-23,P
VG260110,EIT,2026-II,7,2026-09-30,T
VG260110,EIT,2026-II,8,2026-10-07,P
VG260110,EIT,2026-II,9,2026-10-14,P
VG260110,EIT,2026-II,10,2026-10-21,T
VG260110,EIT,2026-II,11,2026-10-28,P
VG260110,EIT,2026-II,12,2026-11-04,P
VG260110,EIT,2026-II,13,2026-11-11,P
VG260110,EIT,2026-II,14,2026-11-18,P
VG260110,EIT,2026-II,15,2026-11-25,P
VG260110,EIT,2026-II,16,2026-12-02,P
VG260110,EFSRT5,2026-II,1,2026-08-20,P
VG260110,EFSRT5,2026-II,2,2026-08-27,P
VG260110,EFSRT5,2026-II,3,2026-09-03,P
VG260110,EFSRT5,2026-II,4,2026-09-10,P
VG260110,EFSRT5,2026-II,5,2026-09-17,P
VG260110,EFSRT5,2026-II,6,2026-09-24,T
VG260110,EFSRT5,2026-II,7,2026-10-01,P
VG260110,EFSRT5,2026-II,8,2026-10-08,P
VG260110,EFSRT5,2026-II,9,2026-10-15,P
VG260110,EFSRT5,2026-II,10,2026-10-22,P
VG260110,EFSRT5,2026-II,11,2026-10-29,P
VG260110,EFSRT5,2026-II,12,2026-11-05,T
VG260110,EFSRT5,2026-II,13,2026-11-12,P
VG260110,EFSRT5,2026-II,14,2026-11-19,P
VG260110,EFSRT5,2026-II,15,2026-11-26,P
VG260110,EFSRT5,2026-II,16,2026-12-03,P
VG260111,APS,2026-II,1,2026-08-17,P
VG260111,APS,2026-II,2,2026-08-24,P
VG260111,APS,2026-II,3,2026-08-31,T
VG260111,APS,2026-II,4,2026-09-07,P
VG260111,APS,2026-II,5,2026-09-14,P
VG260111,APS,2026-II,6,2026-09-21,P
VG260111,APS,2026-II,7,2026-09-28,P
VG260111,APS,2026-II,8,2026-10-05,P
VG260111,APS,2026-II,9,2026-10-12,P
VG260111,APS,2026-II,10,2026-10-19,P
VG260111,APS,2026-II,11,2026-10-26,P
VG260111,APS,2026-II,12,2026-11-02,P
VG260111,APS,2026-II,13,2026-11-09,P
VG260111,APS,2026-II,14,2026-11-16,P
VG260111,APS,2026-II,15,2026-11-23,P
VG260111,APS,2026-II,16,2026-11-30,P
VG260111,TBD,2026-II,1,2026-08-18,T
VG260111,TBD,2026-II,2,2026-08-25,P
VG260111,TBD,2026-II,3,2026-09-01,P
VG260111,TBD,2026-II,4,2026-09-08,P
VG260111,TBD,2026-II,5,2026-09-15,T
VG260111,TBD,2026-II,6,2026-09-22,P
VG260111,TBD,2026-II,7,2026-09-29,P
VG260111,TBD,2026-II,8,2026-10-06,P
VG260111,TBD,2026-II,9,2026-10-13,P
VG260111,TBD,2026-II,10,2026-10-20,P
VG260111,TBD,2026-II,11,2026-10-27,P
VG260111,TBD,2026-II,12,2026-11-03,P
VG260111,TBD,2026-II,13,2026-11-10,P
VG260111,TBD,2026-II,14,2026-11-17,P
VG260111,TBD,2026-II,15,2026-11-24,P
VG260111,TBD,2026-II,16,2026-12-01,P
VG260111,FIA,2026-II,1,2026-08-19,P
VG260111,FIA,2026-II,2,2026-08-26,P
VG260111,FIA,2026-II,3,2026-09-02,P
VG260111,FIA,2026-II,4,2026-09-09,P
VG260111,FIA,2026-II,5,2026-09-16,P
VG260111,FIA,2026-II,6,2026-09-23,P
VG260111,FIA,2026-II,7,2026-09-30,P
VG260111,FIA,2026-II,8,2026-10-07,P
VG260111,FIA,2026-II,9,2026-10-14,T
VG260111,FIA,2026-II,10,2026-10-21,P
VG260111,FIA,2026-II,11,2026-10-28,P
VG260111,FIA,2026-II,12,2026-11-04,T
VG260111,FIA,2026-II,13,2026-11-11,P
VG260111,FIA,2026-II,14,2026-11-18,P
VG260111,FIA,2026-II,15,2026-11-25,T
VG260111,FIA,2026-II,16,2026-12-02,P
VG260111,SDE,2026-II,1,2026-08-20,P
VG260111,SDE,2026-II,2,2026-08-27,P
VG260111,SDE,2026-II,3,2026-09-03,P
VG260111,SDE,2026-II,4,2026-09-10,P
VG260111,SDE,2026-II,5,2026-09-17,P
VG260111,SDE,2026-II,6,2026-09-24,P
VG260111,SDE,2026-II,7,2026-10-01,P
VG260111,SDE,2026-II,8,2026-10-08,P
VG260111,SDE,2026-II,9,2026-10-15,P
VG260111,SDE,2026-II,10,2026-10-22,P
VG260111,SDE,2026-II,11,2026-10-29,P
VG260111,SDE,2026-II,12,2026-11-05,P
VG260111,SDE,2026-II,13,2026-11-12,P
VG260111,SDE,2026-II,14,2026-11-19,P
VG260111,SDE,2026-II,15,2026-11-26,P
VG260111,SDE,2026-II,16,2026-12-03,P
VG260111,FCS,2026-II,1,2026-08-21,P
VG260111,FCS,2026-II,2,2026-08-28,P
VG260111,FCS,2026-II,3,2026-09-04,P
VG260111,FCS,2026-II,4,2026-09-11,P
VG260111,FCS,2026-II,5,2026-09-18,P
VG260111,FCS,2026-II,6,2026-09-25,P
VG260111,FCS,2026-II,7,2026-10-02,P
VG260111,FCS,2026-II,8,2026-10-09,P
VG260111,FCS,2026-II,9,2026-10-16,P
VG260111,FCS,2026-II,10,2026-10-23,T
VG260111,FCS,2026-II,11,2026-10-30,P
VG260111,FCS,2026-II,12,2026-11-06,P
VG260111,FCS,2026-II,13,2026-11-13,P
VG260111,FCS,2026-II,14,2026-11-20,P
VG260111,FCS,2026-II,15,2026-11-27,P
VG260111,FCS,2026-II,16,2026-12-04,T
VG260111,EIA,2026-II,1,2026-08-17,P
VG260111,EIA,2026-II,2,2026-08-24,P
VG260111,EIA,2026-II,3,2026-08-31,P
VG260111,EIA,2026-II,4,2026-09-07,P
VG260111,EIA,2026-II,5,2026-09-14,P
VG260111,EIA,2026-II,6,2026-09-21,P
VG260111,EIA,2026-II,7,2026-09-28,P
VG260111,EIA,2026-II,8,2026-10-05,P
VG260111,EIA,2026-II,9,2026-10-12,P
VG260111,EIA,2026-II,10,2026-10-19,P
VG260111,EIA,2026-II,11,2026-10-26,P
VG260111,EIA,2026-II,12,2026-11-02,P
VG260111,EIA,2026-II,13,2026-11-09,P
VG260111,EIA,2026-II,14,2026-11-16,P
VG260111,EIA,2026-II,15,2026-11-23,P
VG260111,EIA,2026-II,16,2026-11-30,P
VG260111,CII,2026-II,1,2026-08-18,P
VG260111,CII,2026-II,2,2026-08-25,P
VG260111,CII,2026-II,3,2026-09-01,P
VG260111,CII,2026-II,4,2026-09-08,P
VG260111,CII,2026-II,5,2026-09-15,P
VG260111,CII,2026-II,6,2026-09-22,P
VG260111,CII,2026-II,7,2026-09-29,P
VG260111,CII,2026-II,8,2026-10-06,P
VG260111,CII,2026-II,9,2026-10-13,P
VG260111,CII,2026-II,10,2026-10-20,P
VG260111,CII,2026-II,11,2026-10-27,P
VG260111,CII,2026-II,12,2026-11-03,P
VG260111,CII,2026-II,13,2026-11-10,P
VG260111,CII,2026-II,14,2026-11-17,P
VG260111,CII,2026-II,15,2026-11-24,P
VG260111,CII,2026-II,16,2026-12-01,T
VG260111,EIT,2026-II,1,2026-08-19,P
VG260111,EIT,2026-II,2,2026-08-26,P
VG260111,EIT,2026-II,3,2026-09-02,P
VG260111,EIT,2026-II,4,2026-09-09,P
VG260111,EIT,2026-II,5,2026-09-16,P
VG260111,EIT,2026-II,6,2026-09-23,P
VG260111,EIT,2026-II,7,2026-09-30,P
VG260111,EIT,2026-II,8,2026-10-07,P
VG260111,EIT,2026-II,9,2026-10-14,T
VG260111,EIT,2026-II,10,2026-10-21,T
VG260111,EIT,2026-II,11,2026-10-28,P
VG260111,EIT,2026-II,12,2026-11-04,P
VG260111,EIT,2026-II,13,2026-11-11,P
VG260111,EIT,2026-II,14,2026-11-18,P
VG260111,EIT,2026-II,15,2026-11-25,P
VG260111,EIT,2026-II,16,2026-12-02,P
VG260111,EFSRT5,2026-II,1,2026-08-20,P
VG260111,EFSRT5,2026-II,2,2026-08-27,P
VG260111,EFSRT5,2026-II,3,2026-09-03,P
VG260111,EFSRT5,2026-II,4,2026-09-10,P
VG260111,EFSRT5,2026-II,5,2026-09-17,T
VG260111,EFSRT5,2026-II,6,2026-09-24,T
VG260111,EFSRT5,2026-II,7,2026-10-01,P
VG260111,EFSRT5,2026-II,8,2026-10-08,T
VG260111,EFSRT5,2026-II,9,2026-10-15,P
VG260111,EFSRT5,2026-II,10,2026-10-22,P
VG260111,EFSRT5,2026-II,11,2026-10-29,P
VG260111,EFSRT5,2026-II,12,2026-11-05,T
VG260111,EFSRT5,2026-II,13,2026-11-12,P
VG260111,EFSRT5,2026-II,14,2026-11-19,P
VG260111,EFSRT5,2026-II,15,2026-11-26,P
VG260111,EFSRT5,2026-II,16,2026-12-03,P
VG260112,APS,2026-II,1,2026-08-17,P
VG260112,APS,2026-II,2,2026-08-24,P
VG260112,APS,2026-II,3,2026-08-31,P
VG260112,APS,2026-II,4,2026-09-07,P
VG260112,APS,2026-II,5,2026-09-14,P
VG260112,APS,2026-II,6,2026-09-21,P
VG260112,APS,2026-II,7,2026-09-28,P
VG260112,APS,2026-II,8,2026-10-05,P
VG260112,APS,2026-II,9,2026-10-12,P
VG260112,APS,2026-II,10,2026-10-19,T
VG260112,APS,2026-II,11,2026-10-26,P
VG260112,APS,2026-II,12,2026-11-02,P
VG260112,APS,2026-II,13,2026-11-09,P
VG260112,APS,2026-II,14,2026-11-16,P
VG260112,APS,2026-II,15,2026-11-23,P
VG260112,APS,2026-II,16,2026-11-30,P
VG260112,TBD,2026-II,1,2026-08-18,P
VG260112,TBD,2026-II,2,2026-08-25,P
VG260112,TBD,2026-II,3,2026-09-01,P
VG260112,TBD,2026-II,4,2026-09-08,P
VG260112,TBD,2026-II,5,2026-09-15,T
VG260112,TBD,2026-II,6,2026-09-22,P
VG260112,TBD,2026-II,7,2026-09-29,P
VG260112,TBD,2026-II,8,2026-10-06,P
VG260112,TBD,2026-II,9,2026-10-13,P
VG260112,TBD,2026-II,10,2026-10-20,T
VG260112,TBD,2026-II,11,2026-10-27,P
VG260112,TBD,2026-II,12,2026-11-03,T
VG260112,TBD,2026-II,13,2026-11-10,P
VG260112,TBD,2026-II,14,2026-11-17,P
VG260112,TBD,2026-II,15,2026-11-24,T
VG260112,TBD,2026-II,16,2026-12-01,P
VG260112,FIA,2026-II,1,2026-08-19,P
VG260112,FIA,2026-II,2,2026-08-26,P
VG260112,FIA,2026-II,3,2026-09-02,P
VG260112,FIA,2026-II,4,2026-09-09,P
VG260112,FIA,2026-II,5,2026-09-16,T
VG260112,FIA,2026-II,6,2026-09-23,P
VG260112,FIA,2026-II,7,2026-09-30,P
VG260112,FIA,2026-II,8,2026-10-07,P
VG260112,FIA,2026-II,9,2026-10-14,F
VG260112,FIA,2026-II,10,2026-10-21,P
VG260112,FIA,2026-II,11,2026-10-28,T
VG260112,FIA,2026-II,12,2026-11-04,F
VG260112,FIA,2026-II,13,2026-11-11,P
VG260112,FIA,2026-II,14,2026-11-18,P
VG260112,FIA,2026-II,15,2026-11-25,P
VG260112,FIA,2026-II,16,2026-12-02,P
VG260112,SDE,2026-II,1,2026-08-20,P
VG260112,SDE,2026-II,2,2026-08-27,P
VG260112,SDE,2026-II,3,2026-09-03,P
VG260112,SDE,2026-II,4,2026-09-10,P
VG260112,SDE,2026-II,5,2026-09-17,P
VG260112,SDE,2026-II,6,2026-09-24,P
VG260112,SDE,2026-II,7,2026-10-01,P
VG260112,SDE,2026-II,8,2026-10-08,P
VG260112,SDE,2026-II,9,2026-10-15,P
VG260112,SDE,2026-II,10,2026-10-22,P
VG260112,SDE,2026-II,11,2026-10-29,J
VG260112,SDE,2026-II,12,2026-11-05,P
VG260112,SDE,2026-II,13,2026-11-12,P
VG260112,SDE,2026-II,14,2026-11-19,P
VG260112,SDE,2026-II,15,2026-11-26,P
VG260112,SDE,2026-II,16,2026-12-03,P
VG260112,FCS,2026-II,1,2026-08-21,P
VG260112,FCS,2026-II,2,2026-08-28,P
VG260112,FCS,2026-II,3,2026-09-04,P
VG260112,FCS,2026-II,4,2026-09-11,P
VG260112,FCS,2026-II,5,2026-09-18,P
VG260112,FCS,2026-II,6,2026-09-25,P
VG260112,FCS,2026-II,7,2026-10-02,P
VG260112,FCS,2026-II,8,2026-10-09,F
VG260112,FCS,2026-II,9,2026-10-16,P
VG260112,FCS,2026-II,10,2026-10-23,P
VG260112,FCS,2026-II,11,2026-10-30,P
VG260112,FCS,2026-II,12,2026-11-06,P
VG260112,FCS,2026-II,13,2026-11-13,P
VG260112,FCS,2026-II,14,2026-11-20,P
VG260112,FCS,2026-II,15,2026-11-27,P
VG260112,FCS,2026-II,16,2026-12-04,P
VG260112,EIA,2026-II,1,2026-08-17,P
VG260112,EIA,2026-II,2,2026-08-24,P
VG260112,EIA,2026-II,3,2026-08-31,P
VG260112,EIA,2026-II,4,2026-09-07,P
VG260112,EIA,2026-II,5,2026-09-14,P
VG260112,EIA,2026-II,6,2026-09-21,P
VG260112,EIA,2026-II,7,2026-09-28,P
VG260112,EIA,2026-II,8,2026-10-05,P
VG260112,EIA,2026-II,9,2026-10-12,P
VG260112,EIA,2026-II,10,2026-10-19,P
VG260112,EIA,2026-II,11,2026-10-26,P
VG260112,EIA,2026-II,12,2026-11-02,T
VG260112,EIA,2026-II,13,2026-11-09,F
VG260112,EIA,2026-II,14,2026-11-16,P
VG260112,EIA,2026-II,15,2026-11-23,P
VG260112,EIA,2026-II,16,2026-11-30,P
VG260112,CII,2026-II,1,2026-08-18,P
VG260112,CII,2026-II,2,2026-08-25,P
VG260112,CII,2026-II,3,2026-09-01,P
VG260112,CII,2026-II,4,2026-09-08,P
VG260112,CII,2026-II,5,2026-09-15,P
VG260112,CII,2026-II,6,2026-09-22,P
VG260112,CII,2026-II,7,2026-09-29,P
VG260112,CII,2026-II,8,2026-10-06,P
VG260112,CII,2026-II,9,2026-10-13,P
VG260112,CII,2026-II,10,2026-10-20,P
VG260112,CII,2026-II,11,2026-10-27,P
VG260112,CII,2026-II,12,2026-11-03,P
VG260112,CII,2026-II,13,2026-11-10,P
VG260112,CII,2026-II,14,2026-11-17,P
VG260112,CII,2026-II,15,2026-11-24,P
VG260112,CII,2026-II,16,2026-12-01,F
VG260112,EIT,2026-II,1,2026-08-19,P
VG260112,EIT,2026-II,2,2026-08-26,F
VG260112,EIT,2026-II,3,2026-09-02,P
VG260112,EIT,2026-II,4,2026-09-09,P
VG260112,EIT,2026-II,5,2026-09-16,P
VG260112,EIT,2026-II,6,2026-09-23,P
VG260112,EIT,2026-II,7,2026-09-30,P
VG260112,EIT,2026-II,8,2026-10-07,P
VG260112,EIT,2026-II,9,2026-10-14,P
VG260112,EIT,2026-II,10,2026-10-21,F
VG260112,EIT,2026-II,11,2026-10-28,P
VG260112,EIT,2026-II,12,2026-11-04,T
VG260112,EIT,2026-II,13,2026-11-11,P
VG260112,EIT,2026-II,14,2026-11-18,P
VG260112,EIT,2026-II,15,2026-11-25,P
VG260112,EIT,2026-II,16,2026-12-02,P
VG260112,EFSRT5,2026-II,1,2026-08-20,P
VG260112,EFSRT5,2026-II,2,2026-08-27,P
VG260112,EFSRT5,2026-II,3,2026-09-03,P
VG260112,EFSRT5,2026-II,4,2026-09-10,F
VG260112,EFSRT5,2026-II,5,2026-09-17,P
VG260112,EFSRT5,2026-II,6,2026-09-24,P
VG260112,EFSRT5,2026-II,7,2026-10-01,P
VG260112,EFSRT5,2026-II,8,2026-10-08,P
VG260112,EFSRT5,2026-II,9,2026-10-15,P
VG260112,EFSRT5,2026-II,10,2026-10-22,P
VG260112,EFSRT5,2026-II,11,2026-10-29,T
VG260112,EFSRT5,2026-II,12,2026-11-05,P
VG260112,EFSRT5,2026-II,13,2026-11-12,T
VG260112,EFSRT5,2026-II,14,2026-11-19,P
VG260112,EFSRT5,2026-II,15,2026-11-26,P
VG260112,EFSRT5,2026-II,16,2026-12-03,P
VG260113,APS,2026-II,1,2026-08-17,P
VG260113,APS,2026-II,2,2026-08-24,P
VG260113,APS,2026-II,3,2026-08-31,P
VG260113,APS,2026-II,4,2026-09-07,P
VG260113,APS,2026-II,5,2026-09-14,P
VG260113,APS,2026-II,6,2026-09-21,P
VG260113,APS,2026-II,7,2026-09-28,P
VG260113,APS,2026-II,8,2026-10-05,P
VG260113,APS,2026-II,9,2026-10-12,F
VG260113,APS,2026-II,10,2026-10-19,T
VG260113,APS,2026-II,11,2026-10-26,T
VG260113,APS,2026-II,12,2026-11-02,P
VG260113,APS,2026-II,13,2026-11-09,P
VG260113,APS,2026-II,14,2026-11-16,P
VG260113,APS,2026-II,15,2026-11-23,P
VG260113,APS,2026-II,16,2026-11-30,P
VG260113,TBD,2026-II,1,2026-08-18,F
VG260113,TBD,2026-II,2,2026-08-25,P
VG260113,TBD,2026-II,3,2026-09-01,P
VG260113,TBD,2026-II,4,2026-09-08,P
VG260113,TBD,2026-II,5,2026-09-15,P
VG260113,TBD,2026-II,6,2026-09-22,P
VG260113,TBD,2026-II,7,2026-09-29,P
VG260113,TBD,2026-II,8,2026-10-06,P
VG260113,TBD,2026-II,9,2026-10-13,P
VG260113,TBD,2026-II,10,2026-10-20,P
VG260113,TBD,2026-II,11,2026-10-27,P
VG260113,TBD,2026-II,12,2026-11-03,P
VG260113,TBD,2026-II,13,2026-11-10,P
VG260113,TBD,2026-II,14,2026-11-17,P
VG260113,TBD,2026-II,15,2026-11-24,P
VG260113,TBD,2026-II,16,2026-12-01,P
VG260113,FIA,2026-II,1,2026-08-19,P
VG260113,FIA,2026-II,2,2026-08-26,P
VG260113,FIA,2026-II,3,2026-09-02,J
VG260113,FIA,2026-II,4,2026-09-09,P
VG260113,FIA,2026-II,5,2026-09-16,P
VG260113,FIA,2026-II,6,2026-09-23,P
VG260113,FIA,2026-II,7,2026-09-30,P
VG260113,FIA,2026-II,8,2026-10-07,P
VG260113,FIA,2026-II,9,2026-10-14,T
VG260113,FIA,2026-II,10,2026-10-21,T
VG260113,FIA,2026-II,11,2026-10-28,P
VG260113,FIA,2026-II,12,2026-11-04,J
VG260113,FIA,2026-II,13,2026-11-11,P
VG260113,FIA,2026-II,14,2026-11-18,P
VG260113,FIA,2026-II,15,2026-11-25,P
VG260113,FIA,2026-II,16,2026-12-02,P
VG260113,SDE,2026-II,1,2026-08-20,P
VG260113,SDE,2026-II,2,2026-08-27,T
VG260113,SDE,2026-II,3,2026-09-03,P
VG260113,SDE,2026-II,4,2026-09-10,J
VG260113,SDE,2026-II,5,2026-09-17,F
VG260113,SDE,2026-II,6,2026-09-24,T
VG260113,SDE,2026-II,7,2026-10-01,P
VG260113,SDE,2026-II,8,2026-10-08,F
VG260113,SDE,2026-II,9,2026-10-15,P
VG260113,SDE,2026-II,10,2026-10-22,P
VG260113,SDE,2026-II,11,2026-10-29,P
VG260113,SDE,2026-II,12,2026-11-05,P
VG260113,SDE,2026-II,13,2026-11-12,P
VG260113,SDE,2026-II,14,2026-11-19,P
VG260113,SDE,2026-II,15,2026-11-26,P
VG260113,SDE,2026-II,16,2026-12-03,P
VG260113,FCS,2026-II,1,2026-08-21,P
VG260113,FCS,2026-II,2,2026-08-28,P
VG260113,FCS,2026-II,3,2026-09-04,P
VG260113,FCS,2026-II,4,2026-09-11,P
VG260113,FCS,2026-II,5,2026-09-18,J
VG260113,FCS,2026-II,6,2026-09-25,P
VG260113,FCS,2026-II,7,2026-10-02,P
VG260113,FCS,2026-II,8,2026-10-09,P
VG260113,FCS,2026-II,9,2026-10-16,P
VG260113,FCS,2026-II,10,2026-10-23,P
VG260113,FCS,2026-II,11,2026-10-30,P
VG260113,FCS,2026-II,12,2026-11-06,P
VG260113,FCS,2026-II,13,2026-11-13,T
VG260113,FCS,2026-II,14,2026-11-20,P
VG260113,FCS,2026-II,15,2026-11-27,P
VG260113,FCS,2026-II,16,2026-12-04,P
VG260113,EIA,2026-II,1,2026-08-17,P
VG260113,EIA,2026-II,2,2026-08-24,P
VG260113,EIA,2026-II,3,2026-08-31,P
VG260113,EIA,2026-II,4,2026-09-07,P
VG260113,EIA,2026-II,5,2026-09-14,P
VG260113,EIA,2026-II,6,2026-09-21,T
VG260113,EIA,2026-II,7,2026-09-28,P
VG260113,EIA,2026-II,8,2026-10-05,P
VG260113,EIA,2026-II,9,2026-10-12,P
VG260113,EIA,2026-II,10,2026-10-19,T
VG260113,EIA,2026-II,11,2026-10-26,P
VG260113,EIA,2026-II,12,2026-11-02,P
VG260113,EIA,2026-II,13,2026-11-09,F
VG260113,EIA,2026-II,14,2026-11-16,P
VG260113,EIA,2026-II,15,2026-11-23,P
VG260113,EIA,2026-II,16,2026-11-30,P
VG260113,CII,2026-II,1,2026-08-18,F
VG260113,CII,2026-II,2,2026-08-25,F
VG260113,CII,2026-II,3,2026-09-01,P
VG260113,CII,2026-II,4,2026-09-08,P
VG260113,CII,2026-II,5,2026-09-15,P
VG260113,CII,2026-II,6,2026-09-22,P
VG260113,CII,2026-II,7,2026-09-29,P
VG260113,CII,2026-II,8,2026-10-06,P
VG260113,CII,2026-II,9,2026-10-13,P
VG260113,CII,2026-II,10,2026-10-20,P
VG260113,CII,2026-II,11,2026-10-27,P
VG260113,CII,2026-II,12,2026-11-03,P
VG260113,CII,2026-II,13,2026-11-10,T
VG260113,CII,2026-II,14,2026-11-17,P
VG260113,CII,2026-II,15,2026-11-24,P
VG260113,CII,2026-II,16,2026-12-01,P
VG260113,EIT,2026-II,1,2026-08-19,F
VG260113,EIT,2026-II,2,2026-08-26,P
VG260113,EIT,2026-II,3,2026-09-02,P
VG260113,EIT,2026-II,4,2026-09-09,P
VG260113,EIT,2026-II,5,2026-09-16,P
VG260113,EIT,2026-II,6,2026-09-23,P
VG260113,EIT,2026-II,7,2026-09-30,P
VG260113,EIT,2026-II,8,2026-10-07,P
VG260113,EIT,2026-II,9,2026-10-14,P
VG260113,EIT,2026-II,10,2026-10-21,P
VG260113,EIT,2026-II,11,2026-10-28,P
VG260113,EIT,2026-II,12,2026-11-04,P
VG260113,EIT,2026-II,13,2026-11-11,T
VG260113,EIT,2026-II,14,2026-11-18,P
VG260113,EIT,2026-II,15,2026-11-25,P
VG260113,EIT,2026-II,16,2026-12-02,P
VG260113,EFSRT5,2026-II,1,2026-08-20,P
VG260113,EFSRT5,2026-II,2,2026-08-27,P
VG260113,EFSRT5,2026-II,3,2026-09-03,P
VG260113,EFSRT5,2026-II,4,2026-09-10,P
VG260113,EFSRT5,2026-II,5,2026-09-17,P
VG260113,EFSRT5,2026-II,6,2026-09-24,P
VG260113,EFSRT5,2026-II,7,2026-10-01,P
VG260113,EFSRT5,2026-II,8,2026-10-08,P
VG260113,EFSRT5,2026-II,9,2026-10-15,P
VG260113,EFSRT5,2026-II,10,2026-10-22,T
VG260113,EFSRT5,2026-II,11,2026-10-29,T
VG260113,EFSRT5,2026-II,12,2026-11-05,F
VG260113,EFSRT5,2026-II,13,2026-11-12,P
VG260113,EFSRT5,2026-II,14,2026-11-19,P
VG260113,EFSRT5,2026-II,15,2026-11-26,P
VG260113,EFSRT5,2026-II,16,2026-12-03,P
VG260114,APS,2026-II,1,2026-08-17,P
VG260114,APS,2026-II,2,2026-08-24,P
VG260114,APS,2026-II,3,2026-08-31,P
VG260114,APS,2026-II,4,2026-09-07,P
VG260114,APS,2026-II,5,2026-09-14,P
VG260114,APS,2026-II,6,2026-09-21,P
VG260114,APS,2026-II,7,2026-09-28,P
VG260114,APS,2026-II,8,2026-10-05,P
VG260114,APS,2026-II,9,2026-10-12,T
VG260114,APS,2026-II,10,2026-10-19,P
VG260114,APS,2026-II,11,2026-10-26,P
VG260114,APS,2026-II,12,2026-11-02,T
VG260114,APS,2026-II,13,2026-11-09,P
VG260114,APS,2026-II,14,2026-11-16,P
VG260114,APS,2026-II,15,2026-11-23,P
VG260114,APS,2026-II,16,2026-11-30,P
VG260114,TBD,2026-II,1,2026-08-18,T
VG260114,TBD,2026-II,2,2026-08-25,P
VG260114,TBD,2026-II,3,2026-09-01,P
VG260114,TBD,2026-II,4,2026-09-08,P
VG260114,TBD,2026-II,5,2026-09-15,P
VG260114,TBD,2026-II,6,2026-09-22,P
VG260114,TBD,2026-II,7,2026-09-29,P
VG260114,TBD,2026-II,8,2026-10-06,P
VG260114,TBD,2026-II,9,2026-10-13,P
VG260114,TBD,2026-II,10,2026-10-20,T
VG260114,TBD,2026-II,11,2026-10-27,P
VG260114,TBD,2026-II,12,2026-11-03,P
VG260114,TBD,2026-II,13,2026-11-10,P
VG260114,TBD,2026-II,14,2026-11-17,P
VG260114,TBD,2026-II,15,2026-11-24,P
VG260114,TBD,2026-II,16,2026-12-01,P
VG260114,FIA,2026-II,1,2026-08-19,P
VG260114,FIA,2026-II,2,2026-08-26,P
VG260114,FIA,2026-II,3,2026-09-02,P
VG260114,FIA,2026-II,4,2026-09-09,P
VG260114,FIA,2026-II,5,2026-09-16,P
VG260114,FIA,2026-II,6,2026-09-23,P
VG260114,FIA,2026-II,7,2026-09-30,P
VG260114,FIA,2026-II,8,2026-10-07,P
VG260114,FIA,2026-II,9,2026-10-14,P
VG260114,FIA,2026-II,10,2026-10-21,P
VG260114,FIA,2026-II,11,2026-10-28,P
VG260114,FIA,2026-II,12,2026-11-04,P
VG260114,FIA,2026-II,13,2026-11-11,P
VG260114,FIA,2026-II,14,2026-11-18,P
VG260114,FIA,2026-II,15,2026-11-25,P
VG260114,FIA,2026-II,16,2026-12-02,P
VG260114,SDE,2026-II,1,2026-08-20,P
VG260114,SDE,2026-II,2,2026-08-27,P
VG260114,SDE,2026-II,3,2026-09-03,P
VG260114,SDE,2026-II,4,2026-09-10,P
VG260114,SDE,2026-II,5,2026-09-17,P
VG260114,SDE,2026-II,6,2026-09-24,P
VG260114,SDE,2026-II,7,2026-10-01,P
VG260114,SDE,2026-II,8,2026-10-08,P
VG260114,SDE,2026-II,9,2026-10-15,P
VG260114,SDE,2026-II,10,2026-10-22,P
VG260114,SDE,2026-II,11,2026-10-29,P
VG260114,SDE,2026-II,12,2026-11-05,P
VG260114,SDE,2026-II,13,2026-11-12,P
VG260114,SDE,2026-II,14,2026-11-19,P
VG260114,SDE,2026-II,15,2026-11-26,P
VG260114,SDE,2026-II,16,2026-12-03,P
VG260114,FCS,2026-II,1,2026-08-21,P
VG260114,FCS,2026-II,2,2026-08-28,P
VG260114,FCS,2026-II,3,2026-09-04,P
VG260114,FCS,2026-II,4,2026-09-11,P
VG260114,FCS,2026-II,5,2026-09-18,P
VG260114,FCS,2026-II,6,2026-09-25,P
VG260114,FCS,2026-II,7,2026-10-02,P
VG260114,FCS,2026-II,8,2026-10-09,P
VG260114,FCS,2026-II,9,2026-10-16,P
VG260114,FCS,2026-II,10,2026-10-23,P
VG260114,FCS,2026-II,11,2026-10-30,P
VG260114,FCS,2026-II,12,2026-11-06,P
VG260114,FCS,2026-II,13,2026-11-13,P
VG260114,FCS,2026-II,14,2026-11-20,P
VG260114,FCS,2026-II,15,2026-11-27,P
VG260114,FCS,2026-II,16,2026-12-04,P
VG260114,EIA,2026-II,1,2026-08-17,P
VG260114,EIA,2026-II,2,2026-08-24,P
VG260114,EIA,2026-II,3,2026-08-31,P
VG260114,EIA,2026-II,4,2026-09-07,P
VG260114,EIA,2026-II,5,2026-09-14,P
VG260114,EIA,2026-II,6,2026-09-21,P
VG260114,EIA,2026-II,7,2026-09-28,T
VG260114,EIA,2026-II,8,2026-10-05,P
VG260114,EIA,2026-II,9,2026-10-12,P
VG260114,EIA,2026-II,10,2026-10-19,P
VG260114,EIA,2026-II,11,2026-10-26,P
VG260114,EIA,2026-II,12,2026-11-02,P
VG260114,EIA,2026-II,13,2026-11-09,T
VG260114,EIA,2026-II,14,2026-11-16,P
VG260114,EIA,2026-II,15,2026-11-23,P
VG260114,EIA,2026-II,16,2026-11-30,P
VG260114,CII,2026-II,1,2026-08-18,P
VG260114,CII,2026-II,2,2026-08-25,P
VG260114,CII,2026-II,3,2026-09-01,T
VG260114,CII,2026-II,4,2026-09-08,P
VG260114,CII,2026-II,5,2026-09-15,P
VG260114,CII,2026-II,6,2026-09-22,P
VG260114,CII,2026-II,7,2026-09-29,P
VG260114,CII,2026-II,8,2026-10-06,P
VG260114,CII,2026-II,9,2026-10-13,P
VG260114,CII,2026-II,10,2026-10-20,P
VG260114,CII,2026-II,11,2026-10-27,T
VG260114,CII,2026-II,12,2026-11-03,P
VG260114,CII,2026-II,13,2026-11-10,P
VG260114,CII,2026-II,14,2026-11-17,P
VG260114,CII,2026-II,15,2026-11-24,P
VG260114,CII,2026-II,16,2026-12-01,P
VG260114,EIT,2026-II,1,2026-08-19,P
VG260114,EIT,2026-II,2,2026-08-26,P
VG260114,EIT,2026-II,3,2026-09-02,P
VG260114,EIT,2026-II,4,2026-09-09,P
VG260114,EIT,2026-II,5,2026-09-16,T
VG260114,EIT,2026-II,6,2026-09-23,T
VG260114,EIT,2026-II,7,2026-09-30,P
VG260114,EIT,2026-II,8,2026-10-07,P
VG260114,EIT,2026-II,9,2026-10-14,P
VG260114,EIT,2026-II,10,2026-10-21,P
VG260114,EIT,2026-II,11,2026-10-28,P
VG260114,EIT,2026-II,12,2026-11-04,P
VG260114,EIT,2026-II,13,2026-11-11,P
VG260114,EIT,2026-II,14,2026-11-18,P
VG260114,EIT,2026-II,15,2026-11-25,P
VG260114,EIT,2026-II,16,2026-12-02,P
VG260114,EFSRT5,2026-II,1,2026-08-20,P
VG260114,EFSRT5,2026-II,2,2026-08-27,P
VG260114,EFSRT5,2026-II,3,2026-09-03,T
VG260114,EFSRT5,2026-II,4,2026-09-10,P
VG260114,EFSRT5,2026-II,5,2026-09-17,P
VG260114,EFSRT5,2026-II,6,2026-09-24,P
VG260114,EFSRT5,2026-II,7,2026-10-01,P
VG260114,EFSRT5,2026-II,8,2026-10-08,P
VG260114,EFSRT5,2026-II,9,2026-10-15,P
VG260114,EFSRT5,2026-II,10,2026-10-22,P
VG260114,EFSRT5,2026-II,11,2026-10-29,P
VG260114,EFSRT5,2026-II,12,2026-11-05,P
VG260114,EFSRT5,2026-II,13,2026-11-12,P
VG260114,EFSRT5,2026-II,14,2026-11-19,P
VG260114,EFSRT5,2026-II,15,2026-11-26,P
VG260114,EFSRT5,2026-II,16,2026-12-03,P
VG260115,APS,2026-II,1,2026-08-17,P
VG260115,APS,2026-II,2,2026-08-24,P
VG260115,APS,2026-II,3,2026-08-31,P
VG260115,APS,2026-II,4,2026-09-07,P
VG260115,APS,2026-II,5,2026-09-14,T
VG260115,APS,2026-II,6,2026-09-21,P
VG260115,APS,2026-II,7,2026-09-28,P
VG260115,APS,2026-II,8,2026-10-05,P
VG260115,APS,2026-II,9,2026-10-12,P
VG260115,APS,2026-II,10,2026-10-19,T
VG260115,APS,2026-II,11,2026-10-26,P
VG260115,APS,2026-II,12,2026-11-02,P
VG260115,APS,2026-II,13,2026-11-09,F
VG260115,APS,2026-II,14,2026-11-16,P
VG260115,APS,2026-II,15,2026-11-23,P
VG260115,APS,2026-II,16,2026-11-30,P
VG260115,TBD,2026-II,1,2026-08-18,P
VG260115,TBD,2026-II,2,2026-08-25,P
VG260115,TBD,2026-II,3,2026-09-01,P
VG260115,TBD,2026-II,4,2026-09-08,P
VG260115,TBD,2026-II,5,2026-09-15,P
VG260115,TBD,2026-II,6,2026-09-22,P
VG260115,TBD,2026-II,7,2026-09-29,P
VG260115,TBD,2026-II,8,2026-10-06,P
VG260115,TBD,2026-II,9,2026-10-13,P
VG260115,TBD,2026-II,10,2026-10-20,P
VG260115,TBD,2026-II,11,2026-10-27,P
VG260115,TBD,2026-II,12,2026-11-03,P
VG260115,TBD,2026-II,13,2026-11-10,P
VG260115,TBD,2026-II,14,2026-11-17,P
VG260115,TBD,2026-II,15,2026-11-24,T
VG260115,TBD,2026-II,16,2026-12-01,P
VG260115,FIA,2026-II,1,2026-08-19,P
VG260115,FIA,2026-II,2,2026-08-26,P
VG260115,FIA,2026-II,3,2026-09-02,P
VG260115,FIA,2026-II,4,2026-09-09,P
VG260115,FIA,2026-II,5,2026-09-16,P
VG260115,FIA,2026-II,6,2026-09-23,P
VG260115,FIA,2026-II,7,2026-09-30,P
VG260115,FIA,2026-II,8,2026-10-07,P
VG260115,FIA,2026-II,9,2026-10-14,P
VG260115,FIA,2026-II,10,2026-10-21,P
VG260115,FIA,2026-II,11,2026-10-28,P
VG260115,FIA,2026-II,12,2026-11-04,P
VG260115,FIA,2026-II,13,2026-11-11,P
VG260115,FIA,2026-II,14,2026-11-18,P
VG260115,FIA,2026-II,15,2026-11-25,P
VG260115,FIA,2026-II,16,2026-12-02,P
VG260115,SDE,2026-II,1,2026-08-20,P
VG260115,SDE,2026-II,2,2026-08-27,P
VG260115,SDE,2026-II,3,2026-09-03,P
VG260115,SDE,2026-II,4,2026-09-10,P
VG260115,SDE,2026-II,5,2026-09-17,T
VG260115,SDE,2026-II,6,2026-09-24,P
VG260115,SDE,2026-II,7,2026-10-01,T
VG260115,SDE,2026-II,8,2026-10-08,P
VG260115,SDE,2026-II,9,2026-10-15,P
VG260115,SDE,2026-II,10,2026-10-22,P
VG260115,SDE,2026-II,11,2026-10-29,P
VG260115,SDE,2026-II,12,2026-11-05,P
VG260115,SDE,2026-II,13,2026-11-12,P
VG260115,SDE,2026-II,14,2026-11-19,P
VG260115,SDE,2026-II,15,2026-11-26,F
VG260115,SDE,2026-II,16,2026-12-03,P
VG260115,FCS,2026-II,1,2026-08-21,P
VG260115,FCS,2026-II,2,2026-08-28,P
VG260115,FCS,2026-II,3,2026-09-04,P
VG260115,FCS,2026-II,4,2026-09-11,P
VG260115,FCS,2026-II,5,2026-09-18,P
VG260115,FCS,2026-II,6,2026-09-25,P
VG260115,FCS,2026-II,7,2026-10-02,P
VG260115,FCS,2026-II,8,2026-10-09,P
VG260115,FCS,2026-II,9,2026-10-16,P
VG260115,FCS,2026-II,10,2026-10-23,P
VG260115,FCS,2026-II,11,2026-10-30,P
VG260115,FCS,2026-II,12,2026-11-06,P
VG260115,FCS,2026-II,13,2026-11-13,P
VG260115,FCS,2026-II,14,2026-11-20,T
VG260115,FCS,2026-II,15,2026-11-27,J
VG260115,FCS,2026-II,16,2026-12-04,P
VG260115,EIA,2026-II,1,2026-08-17,P
VG260115,EIA,2026-II,2,2026-08-24,P
VG260115,EIA,2026-II,3,2026-08-31,P
VG260115,EIA,2026-II,4,2026-09-07,P
VG260115,EIA,2026-II,5,2026-09-14,P
VG260115,EIA,2026-II,6,2026-09-21,P
VG260115,EIA,2026-II,7,2026-09-28,P
VG260115,EIA,2026-II,8,2026-10-05,T
VG260115,EIA,2026-II,9,2026-10-12,P
VG260115,EIA,2026-II,10,2026-10-19,P
VG260115,EIA,2026-II,11,2026-10-26,P
VG260115,EIA,2026-II,12,2026-11-02,T
VG260115,EIA,2026-II,13,2026-11-09,P
VG260115,EIA,2026-II,14,2026-11-16,T
VG260115,EIA,2026-II,15,2026-11-23,P
VG260115,EIA,2026-II,16,2026-11-30,P
VG260115,CII,2026-II,1,2026-08-18,P
VG260115,CII,2026-II,2,2026-08-25,P
VG260115,CII,2026-II,3,2026-09-01,P
VG260115,CII,2026-II,4,2026-09-08,P
VG260115,CII,2026-II,5,2026-09-15,P
VG260115,CII,2026-II,6,2026-09-22,P
VG260115,CII,2026-II,7,2026-09-29,T
VG260115,CII,2026-II,8,2026-10-06,P
VG260115,CII,2026-II,9,2026-10-13,P
VG260115,CII,2026-II,10,2026-10-20,P
VG260115,CII,2026-II,11,2026-10-27,P
VG260115,CII,2026-II,12,2026-11-03,P
VG260115,CII,2026-II,13,2026-11-10,P
VG260115,CII,2026-II,14,2026-11-17,P
VG260115,CII,2026-II,15,2026-11-24,P
VG260115,CII,2026-II,16,2026-12-01,P
VG260115,EIT,2026-II,1,2026-08-19,P
VG260115,EIT,2026-II,2,2026-08-26,P
VG260115,EIT,2026-II,3,2026-09-02,P
VG260115,EIT,2026-II,4,2026-09-09,F
VG260115,EIT,2026-II,5,2026-09-16,P
VG260115,EIT,2026-II,6,2026-09-23,P
VG260115,EIT,2026-II,7,2026-09-30,P
VG260115,EIT,2026-II,8,2026-10-07,T
VG260115,EIT,2026-II,9,2026-10-14,P
VG260115,EIT,2026-II,10,2026-10-21,T
VG260115,EIT,2026-II,11,2026-10-28,P
VG260115,EIT,2026-II,12,2026-11-04,P
VG260115,EIT,2026-II,13,2026-11-11,P
VG260115,EIT,2026-II,14,2026-11-18,P
VG260115,EIT,2026-II,15,2026-11-25,P
VG260115,EIT,2026-II,16,2026-12-02,P
VG260115,EFSRT5,2026-II,1,2026-08-20,P
VG260115,EFSRT5,2026-II,2,2026-08-27,J
VG260115,EFSRT5,2026-II,3,2026-09-03,P
VG260115,EFSRT5,2026-II,4,2026-09-10,P
VG260115,EFSRT5,2026-II,5,2026-09-17,P
VG260115,EFSRT5,2026-II,6,2026-09-24,P
VG260115,EFSRT5,2026-II,7,2026-10-01,P
VG260115,EFSRT5,2026-II,8,2026-10-08,P
VG260115,EFSRT5,2026-II,9,2026-10-15,F
VG260115,EFSRT5,2026-II,10,2026-10-22,P
VG260115,EFSRT5,2026-II,11,2026-10-29,P
VG260115,EFSRT5,2026-II,12,2026-11-05,P
VG260115,EFSRT5,2026-II,13,2026-11-12,P
VG260115,EFSRT5,2026-II,14,2026-11-19,P
VG260115,EFSRT5,2026-II,15,2026-11-26,P
VG260115,EFSRT5,2026-II,16,2026-12-03,P
VG260116,APS,2026-II,1,2026-08-17,P
VG260116,APS,2026-II,2,2026-08-24,J
VG260116,APS,2026-II,3,2026-08-31,T
VG260116,APS,2026-II,4,2026-09-07,P
VG260116,APS,2026-II,5,2026-09-14,P
VG260116,APS,2026-II,6,2026-09-21,P
VG260116,APS,2026-II,7,2026-09-28,P
VG260116,APS,2026-II,8,2026-10-05,T
VG260116,APS,2026-II,9,2026-10-12,P
VG260116,APS,2026-II,10,2026-10-19,F
VG260116,APS,2026-II,11,2026-10-26,P
VG260116,APS,2026-II,12,2026-11-02,P
VG260116,APS,2026-II,13,2026-11-09,T
VG260116,APS,2026-II,14,2026-11-16,P
VG260116,APS,2026-II,15,2026-11-23,P
VG260116,APS,2026-II,16,2026-11-30,P
VG260116,TBD,2026-II,1,2026-08-18,F
VG260116,TBD,2026-II,2,2026-08-25,P
VG260116,TBD,2026-II,3,2026-09-01,P
VG260116,TBD,2026-II,4,2026-09-08,P
VG260116,TBD,2026-II,5,2026-09-15,P
VG260116,TBD,2026-II,6,2026-09-22,P
VG260116,TBD,2026-II,7,2026-09-29,P
VG260116,TBD,2026-II,8,2026-10-06,P
VG260116,TBD,2026-II,9,2026-10-13,P
VG260116,TBD,2026-II,10,2026-10-20,P
VG260116,TBD,2026-II,11,2026-10-27,P
VG260116,TBD,2026-II,12,2026-11-03,P
VG260116,TBD,2026-II,13,2026-11-10,T
VG260116,TBD,2026-II,14,2026-11-17,P
VG260116,TBD,2026-II,15,2026-11-24,P
VG260116,TBD,2026-II,16,2026-12-01,P
VG260116,FIA,2026-II,1,2026-08-19,P
VG260116,FIA,2026-II,2,2026-08-26,T
VG260116,FIA,2026-II,3,2026-09-02,P
VG260116,FIA,2026-II,4,2026-09-09,P
VG260116,FIA,2026-II,5,2026-09-16,P
VG260116,FIA,2026-II,6,2026-09-23,P
VG260116,FIA,2026-II,7,2026-09-30,F
VG260116,FIA,2026-II,8,2026-10-07,P
VG260116,FIA,2026-II,9,2026-10-14,P
VG260116,FIA,2026-II,10,2026-10-21,P
VG260116,FIA,2026-II,11,2026-10-28,P
VG260116,FIA,2026-II,12,2026-11-04,T
VG260116,FIA,2026-II,13,2026-11-11,P
VG260116,FIA,2026-II,14,2026-11-18,P
VG260116,FIA,2026-II,15,2026-11-25,T
VG260116,FIA,2026-II,16,2026-12-02,P
VG260116,SDE,2026-II,1,2026-08-20,P
VG260116,SDE,2026-II,2,2026-08-27,F
VG260116,SDE,2026-II,3,2026-09-03,T
VG260116,SDE,2026-II,4,2026-09-10,F
VG260116,SDE,2026-II,5,2026-09-17,F
VG260116,SDE,2026-II,6,2026-09-24,P
VG260116,SDE,2026-II,7,2026-10-01,P
VG260116,SDE,2026-II,8,2026-10-08,P
VG260116,SDE,2026-II,9,2026-10-15,F
VG260116,SDE,2026-II,10,2026-10-22,P
VG260116,SDE,2026-II,11,2026-10-29,P
VG260116,SDE,2026-II,12,2026-11-05,F
VG260116,SDE,2026-II,13,2026-11-12,P
VG260116,SDE,2026-II,14,2026-11-19,P
VG260116,SDE,2026-II,15,2026-11-26,P
VG260116,SDE,2026-II,16,2026-12-03,P
VG260116,FCS,2026-II,1,2026-08-21,P
VG260116,FCS,2026-II,2,2026-08-28,P
VG260116,FCS,2026-II,3,2026-09-04,P
VG260116,FCS,2026-II,4,2026-09-11,T
VG260116,FCS,2026-II,5,2026-09-18,P
VG260116,FCS,2026-II,6,2026-09-25,P
VG260116,FCS,2026-II,7,2026-10-02,P
VG260116,FCS,2026-II,8,2026-10-09,P
VG260116,FCS,2026-II,9,2026-10-16,P
VG260116,FCS,2026-II,10,2026-10-23,P
VG260116,FCS,2026-II,11,2026-10-30,P
VG260116,FCS,2026-II,12,2026-11-06,P
VG260116,FCS,2026-II,13,2026-11-13,P
VG260116,FCS,2026-II,14,2026-11-20,P
VG260116,FCS,2026-II,15,2026-11-27,P
VG260116,FCS,2026-II,16,2026-12-04,T
VG260116,EIA,2026-II,1,2026-08-17,P
VG260116,EIA,2026-II,2,2026-08-24,P
VG260116,EIA,2026-II,3,2026-08-31,P
VG260116,EIA,2026-II,4,2026-09-07,F
VG260116,EIA,2026-II,5,2026-09-14,P
VG260116,EIA,2026-II,6,2026-09-21,P
VG260116,EIA,2026-II,7,2026-09-28,P
VG260116,EIA,2026-II,8,2026-10-05,F
VG260116,EIA,2026-II,9,2026-10-12,P
VG260116,EIA,2026-II,10,2026-10-19,P
VG260116,EIA,2026-II,11,2026-10-26,P
VG260116,EIA,2026-II,12,2026-11-02,P
VG260116,EIA,2026-II,13,2026-11-09,P
VG260116,EIA,2026-II,14,2026-11-16,P
VG260116,EIA,2026-II,15,2026-11-23,P
VG260116,EIA,2026-II,16,2026-11-30,F
VG260116,CII,2026-II,1,2026-08-18,P
VG260116,CII,2026-II,2,2026-08-25,P
VG260116,CII,2026-II,3,2026-09-01,P
VG260116,CII,2026-II,4,2026-09-08,F
VG260116,CII,2026-II,5,2026-09-15,F
VG260116,CII,2026-II,6,2026-09-22,P
VG260116,CII,2026-II,7,2026-09-29,T
VG260116,CII,2026-II,8,2026-10-06,P
VG260116,CII,2026-II,9,2026-10-13,P
VG260116,CII,2026-II,10,2026-10-20,P
VG260116,CII,2026-II,11,2026-10-27,P
VG260116,CII,2026-II,12,2026-11-03,P
VG260116,CII,2026-II,13,2026-11-10,P
VG260116,CII,2026-II,14,2026-11-17,P
VG260116,CII,2026-II,15,2026-11-24,P
VG260116,CII,2026-II,16,2026-12-01,J
VG260116,EIT,2026-II,1,2026-08-19,P
VG260116,EIT,2026-II,2,2026-08-26,P
VG260116,EIT,2026-II,3,2026-09-02,P
VG260116,EIT,2026-II,4,2026-09-09,P
VG260116,EIT,2026-II,5,2026-09-16,P
VG260116,EIT,2026-II,6,2026-09-23,F
VG260116,EIT,2026-II,7,2026-09-30,P
VG260116,EIT,2026-II,8,2026-10-07,P
VG260116,EIT,2026-II,9,2026-10-14,P
VG260116,EIT,2026-II,10,2026-10-21,P
VG260116,EIT,2026-II,11,2026-10-28,P
VG260116,EIT,2026-II,12,2026-11-04,P
VG260116,EIT,2026-II,13,2026-11-11,P
VG260116,EIT,2026-II,14,2026-11-18,T
VG260116,EIT,2026-II,15,2026-11-25,P
VG260116,EIT,2026-II,16,2026-12-02,P
VG260116,EFSRT5,2026-II,1,2026-08-20,P
VG260116,EFSRT5,2026-II,2,2026-08-27,P
VG260116,EFSRT5,2026-II,3,2026-09-03,P
VG260116,EFSRT5,2026-II,4,2026-09-10,P
VG260116,EFSRT5,2026-II,5,2026-09-17,T
VG260116,EFSRT5,2026-II,6,2026-09-24,P
VG260116,EFSRT5,2026-II,7,2026-10-01,P
VG260116,EFSRT5,2026-II,8,2026-10-08,P
VG260116,EFSRT5,2026-II,9,2026-10-15,P
VG260116,EFSRT5,2026-II,10,2026-10-22,P
VG260116,EFSRT5,2026-II,11,2026-10-29,P
VG260116,EFSRT5,2026-II,12,2026-11-05,P
VG260116,EFSRT5,2026-II,13,2026-11-12,P
VG260116,EFSRT5,2026-II,14,2026-11-19,F
VG260116,EFSRT5,2026-II,15,2026-11-26,P
VG260116,EFSRT5,2026-II,16,2026-12-03,P
VG260117,APS,2026-II,1,2026-08-17,P
VG260117,APS,2026-II,2,2026-08-24,P
VG260117,APS,2026-II,3,2026-08-31,P
VG260117,APS,2026-II,4,2026-09-07,J
VG260117,APS,2026-II,5,2026-09-14,T
VG260117,APS,2026-II,6,2026-09-21,P
VG260117,APS,2026-II,7,2026-09-28,P
VG260117,APS,2026-II,8,2026-10-05,P
VG260117,APS,2026-II,9,2026-10-12,P
VG260117,APS,2026-II,10,2026-10-19,P
VG260117,APS,2026-II,11,2026-10-26,P
VG260117,APS,2026-II,12,2026-11-02,P
VG260117,APS,2026-II,13,2026-11-09,P
VG260117,APS,2026-II,14,2026-11-16,P
VG260117,APS,2026-II,15,2026-11-23,P
VG260117,APS,2026-II,16,2026-11-30,T
VG260117,TBD,2026-II,1,2026-08-18,F
VG260117,TBD,2026-II,2,2026-08-25,J
VG260117,TBD,2026-II,3,2026-09-01,F
VG260117,TBD,2026-II,4,2026-09-08,P
VG260117,TBD,2026-II,5,2026-09-15,P
VG260117,TBD,2026-II,6,2026-09-22,P
VG260117,TBD,2026-II,7,2026-09-29,P
VG260117,TBD,2026-II,8,2026-10-06,P
VG260117,TBD,2026-II,9,2026-10-13,P
VG260117,TBD,2026-II,10,2026-10-20,F
VG260117,TBD,2026-II,11,2026-10-27,P
VG260117,TBD,2026-II,12,2026-11-03,P
VG260117,TBD,2026-II,13,2026-11-10,T
VG260117,TBD,2026-II,14,2026-11-17,P
VG260117,TBD,2026-II,15,2026-11-24,P
VG260117,TBD,2026-II,16,2026-12-01,P
VG260117,FIA,2026-II,1,2026-08-19,F
VG260117,FIA,2026-II,2,2026-08-26,P
VG260117,FIA,2026-II,3,2026-09-02,P
VG260117,FIA,2026-II,4,2026-09-09,P
VG260117,FIA,2026-II,5,2026-09-16,P
VG260117,FIA,2026-II,6,2026-09-23,P
VG260117,FIA,2026-II,7,2026-09-30,P
VG260117,FIA,2026-II,8,2026-10-07,P
VG260117,FIA,2026-II,9,2026-10-14,P
VG260117,FIA,2026-II,10,2026-10-21,P
VG260117,FIA,2026-II,11,2026-10-28,T
VG260117,FIA,2026-II,12,2026-11-04,P
VG260117,FIA,2026-II,13,2026-11-11,P
VG260117,FIA,2026-II,14,2026-11-18,P
VG260117,FIA,2026-II,15,2026-11-25,T
VG260117,FIA,2026-II,16,2026-12-02,P
VG260117,SDE,2026-II,1,2026-08-20,P
VG260117,SDE,2026-II,2,2026-08-27,P
VG260117,SDE,2026-II,3,2026-09-03,P
VG260117,SDE,2026-II,4,2026-09-10,P
VG260117,SDE,2026-II,5,2026-09-17,P
VG260117,SDE,2026-II,6,2026-09-24,T
VG260117,SDE,2026-II,7,2026-10-01,P
VG260117,SDE,2026-II,8,2026-10-08,P
VG260117,SDE,2026-II,9,2026-10-15,P
VG260117,SDE,2026-II,10,2026-10-22,F
VG260117,SDE,2026-II,11,2026-10-29,P
VG260117,SDE,2026-II,12,2026-11-05,P
VG260117,SDE,2026-II,13,2026-11-12,P
VG260117,SDE,2026-II,14,2026-11-19,P
VG260117,SDE,2026-II,15,2026-11-26,P
VG260117,SDE,2026-II,16,2026-12-03,P
VG260117,FCS,2026-II,1,2026-08-21,P
VG260117,FCS,2026-II,2,2026-08-28,P
VG260117,FCS,2026-II,3,2026-09-04,P
VG260117,FCS,2026-II,4,2026-09-11,T
VG260117,FCS,2026-II,5,2026-09-18,P
VG260117,FCS,2026-II,6,2026-09-25,P
VG260117,FCS,2026-II,7,2026-10-02,P
VG260117,FCS,2026-II,8,2026-10-09,P
VG260117,FCS,2026-II,9,2026-10-16,P
VG260117,FCS,2026-II,10,2026-10-23,P
VG260117,FCS,2026-II,11,2026-10-30,J
VG260117,FCS,2026-II,12,2026-11-06,F
VG260117,FCS,2026-II,13,2026-11-13,P
VG260117,FCS,2026-II,14,2026-11-20,P
VG260117,FCS,2026-II,15,2026-11-27,F
VG260117,FCS,2026-II,16,2026-12-04,P
VG260117,EIA,2026-II,1,2026-08-17,P
VG260117,EIA,2026-II,2,2026-08-24,P
VG260117,EIA,2026-II,3,2026-08-31,P
VG260117,EIA,2026-II,4,2026-09-07,P
VG260117,EIA,2026-II,5,2026-09-14,P
VG260117,EIA,2026-II,6,2026-09-21,P
VG260117,EIA,2026-II,7,2026-09-28,P
VG260117,EIA,2026-II,8,2026-10-05,P
VG260117,EIA,2026-II,9,2026-10-12,P
VG260117,EIA,2026-II,10,2026-10-19,P
VG260117,EIA,2026-II,11,2026-10-26,P
VG260117,EIA,2026-II,12,2026-11-02,P
VG260117,EIA,2026-II,13,2026-11-09,P
VG260117,EIA,2026-II,14,2026-11-16,P
VG260117,EIA,2026-II,15,2026-11-23,F
VG260117,EIA,2026-II,16,2026-11-30,P
VG260117,CII,2026-II,1,2026-08-18,P
VG260117,CII,2026-II,2,2026-08-25,P
VG260117,CII,2026-II,3,2026-09-01,P
VG260117,CII,2026-II,4,2026-09-08,P
VG260117,CII,2026-II,5,2026-09-15,P
VG260117,CII,2026-II,6,2026-09-22,P
VG260117,CII,2026-II,7,2026-09-29,P
VG260117,CII,2026-II,8,2026-10-06,T
VG260117,CII,2026-II,9,2026-10-13,P
VG260117,CII,2026-II,10,2026-10-20,P
VG260117,CII,2026-II,11,2026-10-27,P
VG260117,CII,2026-II,12,2026-11-03,P
VG260117,CII,2026-II,13,2026-11-10,P
VG260117,CII,2026-II,14,2026-11-17,P
VG260117,CII,2026-II,15,2026-11-24,P
VG260117,CII,2026-II,16,2026-12-01,P
VG260117,EIT,2026-II,1,2026-08-19,P
VG260117,EIT,2026-II,2,2026-08-26,P
VG260117,EIT,2026-II,3,2026-09-02,T
VG260117,EIT,2026-II,4,2026-09-09,P
VG260117,EIT,2026-II,5,2026-09-16,P
VG260117,EIT,2026-II,6,2026-09-23,P
VG260117,EIT,2026-II,7,2026-09-30,J
VG260117,EIT,2026-II,8,2026-10-07,P
VG260117,EIT,2026-II,9,2026-10-14,T
VG260117,EIT,2026-II,10,2026-10-21,P
VG260117,EIT,2026-II,11,2026-10-28,P
VG260117,EIT,2026-II,12,2026-11-04,P
VG260117,EIT,2026-II,13,2026-11-11,P
VG260117,EIT,2026-II,14,2026-11-18,P
VG260117,EIT,2026-II,15,2026-11-25,J
VG260117,EIT,2026-II,16,2026-12-02,P
VG260117,EFSRT5,2026-II,1,2026-08-20,F
VG260117,EFSRT5,2026-II,2,2026-08-27,P
VG260117,EFSRT5,2026-II,3,2026-09-03,F
VG260117,EFSRT5,2026-II,4,2026-09-10,T
VG260117,EFSRT5,2026-II,5,2026-09-17,P
VG260117,EFSRT5,2026-II,6,2026-09-24,P
VG260117,EFSRT5,2026-II,7,2026-10-01,P
VG260117,EFSRT5,2026-II,8,2026-10-08,P
VG260117,EFSRT5,2026-II,9,2026-10-15,P
VG260117,EFSRT5,2026-II,10,2026-10-22,P
VG260117,EFSRT5,2026-II,11,2026-10-29,P
VG260117,EFSRT5,2026-II,12,2026-11-05,P
VG260117,EFSRT5,2026-II,13,2026-11-12,F
VG260117,EFSRT5,2026-II,14,2026-11-19,P
VG260117,EFSRT5,2026-II,15,2026-11-26,P
VG260117,EFSRT5,2026-II,16,2026-12-03,F
VG260118,APS,2026-II,1,2026-08-17,P
VG260118,APS,2026-II,2,2026-08-24,P
VG260118,APS,2026-II,3,2026-08-31,P
VG260118,APS,2026-II,4,2026-09-07,P
VG260118,APS,2026-II,5,2026-09-14,P
VG260118,APS,2026-II,6,2026-09-21,F
VG260118,APS,2026-II,7,2026-09-28,T
VG260118,APS,2026-II,8,2026-10-05,P
VG260118,APS,2026-II,9,2026-10-12,P
VG260118,APS,2026-II,10,2026-10-19,F
VG260118,APS,2026-II,11,2026-10-26,P
VG260118,APS,2026-II,12,2026-11-02,T
VG260118,APS,2026-II,13,2026-11-09,P
VG260118,APS,2026-II,14,2026-11-16,P
VG260118,APS,2026-II,15,2026-11-23,P
VG260118,APS,2026-II,16,2026-11-30,P
VG260118,TBD,2026-II,1,2026-08-18,P
VG260118,TBD,2026-II,2,2026-08-25,P
VG260118,TBD,2026-II,3,2026-09-01,P
VG260118,TBD,2026-II,4,2026-09-08,P
VG260118,TBD,2026-II,5,2026-09-15,P
VG260118,TBD,2026-II,6,2026-09-22,P
VG260118,TBD,2026-II,7,2026-09-29,P
VG260118,TBD,2026-II,8,2026-10-06,P
VG260118,TBD,2026-II,9,2026-10-13,J
VG260118,TBD,2026-II,10,2026-10-20,P
VG260118,TBD,2026-II,11,2026-10-27,P
VG260118,TBD,2026-II,12,2026-11-03,T
VG260118,TBD,2026-II,13,2026-11-10,P
VG260118,TBD,2026-II,14,2026-11-17,F
VG260118,TBD,2026-II,15,2026-11-24,F
VG260118,TBD,2026-II,16,2026-12-01,P
VG260118,FIA,2026-II,1,2026-08-19,P
VG260118,FIA,2026-II,2,2026-08-26,P
VG260118,FIA,2026-II,3,2026-09-02,P
VG260118,FIA,2026-II,4,2026-09-09,F
VG260118,FIA,2026-II,5,2026-09-16,P
VG260118,FIA,2026-II,6,2026-09-23,P
VG260118,FIA,2026-II,7,2026-09-30,P
VG260118,FIA,2026-II,8,2026-10-07,P
VG260118,FIA,2026-II,9,2026-10-14,F
VG260118,FIA,2026-II,10,2026-10-21,F
VG260118,FIA,2026-II,11,2026-10-28,P
VG260118,FIA,2026-II,12,2026-11-04,P
VG260118,FIA,2026-II,13,2026-11-11,P
VG260118,FIA,2026-II,14,2026-11-18,P
VG260118,FIA,2026-II,15,2026-11-25,P
VG260118,FIA,2026-II,16,2026-12-02,P
VG260118,SDE,2026-II,1,2026-08-20,P
VG260118,SDE,2026-II,2,2026-08-27,F
VG260118,SDE,2026-II,3,2026-09-03,P
VG260118,SDE,2026-II,4,2026-09-10,P
VG260118,SDE,2026-II,5,2026-09-17,J
VG260118,SDE,2026-II,6,2026-09-24,T
VG260118,SDE,2026-II,7,2026-10-01,P
VG260118,SDE,2026-II,8,2026-10-08,P
VG260118,SDE,2026-II,9,2026-10-15,P
VG260118,SDE,2026-II,10,2026-10-22,T
VG260118,SDE,2026-II,11,2026-10-29,F
VG260118,SDE,2026-II,12,2026-11-05,P
VG260118,SDE,2026-II,13,2026-11-12,P
VG260118,SDE,2026-II,14,2026-11-19,P
VG260118,SDE,2026-II,15,2026-11-26,J
VG260118,SDE,2026-II,16,2026-12-03,P
VG260118,FCS,2026-II,1,2026-08-21,P
VG260118,FCS,2026-II,2,2026-08-28,P
VG260118,FCS,2026-II,3,2026-09-04,P
VG260118,FCS,2026-II,4,2026-09-11,P
VG260118,FCS,2026-II,5,2026-09-18,P
VG260118,FCS,2026-II,6,2026-09-25,P
VG260118,FCS,2026-II,7,2026-10-02,P
VG260118,FCS,2026-II,8,2026-10-09,P
VG260118,FCS,2026-II,9,2026-10-16,P
VG260118,FCS,2026-II,10,2026-10-23,P
VG260118,FCS,2026-II,11,2026-10-30,P
VG260118,FCS,2026-II,12,2026-11-06,P
VG260118,FCS,2026-II,13,2026-11-13,P
VG260118,FCS,2026-II,14,2026-11-20,P
VG260118,FCS,2026-II,15,2026-11-27,P
VG260118,FCS,2026-II,16,2026-12-04,P
VG260118,EIA,2026-II,1,2026-08-17,T
VG260118,EIA,2026-II,2,2026-08-24,P
VG260118,EIA,2026-II,3,2026-08-31,P
VG260118,EIA,2026-II,4,2026-09-07,P
VG260118,EIA,2026-II,5,2026-09-14,F
VG260118,EIA,2026-II,6,2026-09-21,P
VG260118,EIA,2026-II,7,2026-09-28,P
VG260118,EIA,2026-II,8,2026-10-05,P
VG260118,EIA,2026-II,9,2026-10-12,F
VG260118,EIA,2026-II,10,2026-10-19,P
VG260118,EIA,2026-II,11,2026-10-26,P
VG260118,EIA,2026-II,12,2026-11-02,F
VG260118,EIA,2026-II,13,2026-11-09,P
VG260118,EIA,2026-II,14,2026-11-16,P
VG260118,EIA,2026-II,15,2026-11-23,P
VG260118,EIA,2026-II,16,2026-11-30,P
VG260118,CII,2026-II,1,2026-08-18,P
VG260118,CII,2026-II,2,2026-08-25,P
VG260118,CII,2026-II,3,2026-09-01,P
VG260118,CII,2026-II,4,2026-09-08,P
VG260118,CII,2026-II,5,2026-09-15,P
VG260118,CII,2026-II,6,2026-09-22,P
VG260118,CII,2026-II,7,2026-09-29,F
VG260118,CII,2026-II,8,2026-10-06,P
VG260118,CII,2026-II,9,2026-10-13,J
VG260118,CII,2026-II,10,2026-10-20,P
VG260118,CII,2026-II,11,2026-10-27,F
VG260118,CII,2026-II,12,2026-11-03,F
VG260118,CII,2026-II,13,2026-11-10,P
VG260118,CII,2026-II,14,2026-11-17,P
VG260118,CII,2026-II,15,2026-11-24,P
VG260118,CII,2026-II,16,2026-12-01,F
VG260118,EIT,2026-II,1,2026-08-19,P
VG260118,EIT,2026-II,2,2026-08-26,P
VG260118,EIT,2026-II,3,2026-09-02,P
VG260118,EIT,2026-II,4,2026-09-09,P
VG260118,EIT,2026-II,5,2026-09-16,P
VG260118,EIT,2026-II,6,2026-09-23,P
VG260118,EIT,2026-II,7,2026-09-30,P
VG260118,EIT,2026-II,8,2026-10-07,P
VG260118,EIT,2026-II,9,2026-10-14,P
VG260118,EIT,2026-II,10,2026-10-21,P
VG260118,EIT,2026-II,11,2026-10-28,T
VG260118,EIT,2026-II,12,2026-11-04,P
VG260118,EIT,2026-II,13,2026-11-11,P
VG260118,EIT,2026-II,14,2026-11-18,P
VG260118,EIT,2026-II,15,2026-11-25,F
VG260118,EIT,2026-II,16,2026-12-02,P
VG260118,EFSRT5,2026-II,1,2026-08-20,P
VG260118,EFSRT5,2026-II,2,2026-08-27,P
VG260118,EFSRT5,2026-II,3,2026-09-03,P
VG260118,EFSRT5,2026-II,4,2026-09-10,P
VG260118,EFSRT5,2026-II,5,2026-09-17,P
VG260118,EFSRT5,2026-II,6,2026-09-24,P
VG260118,EFSRT5,2026-II,7,2026-10-01,P
VG260118,EFSRT5,2026-II,8,2026-10-08,P
VG260118,EFSRT5,2026-II,9,2026-10-15,P
VG260118,EFSRT5,2026-II,10,2026-10-22,P
VG260118,EFSRT5,2026-II,11,2026-10-29,P
VG260118,EFSRT5,2026-II,12,2026-11-05,P
VG260118,EFSRT5,2026-II,13,2026-11-12,P
VG260118,EFSRT5,2026-II,14,2026-11-19,P
VG260118,EFSRT5,2026-II,15,2026-11-26,P
VG260118,EFSRT5,2026-II,16,2026-12-03,P
VG260119,APS,2026-II,1,2026-08-17,P
VG260119,APS,2026-II,2,2026-08-24,P
VG260119,APS,2026-II,3,2026-08-31,F
VG260119,APS,2026-II,4,2026-09-07,F
VG260119,APS,2026-II,5,2026-09-14,P
VG260119,APS,2026-II,6,2026-09-21,T
VG260119,APS,2026-II,7,2026-09-28,F
VG260119,APS,2026-II,8,2026-10-05,P
VG260119,APS,2026-II,9,2026-10-12,J
VG260119,APS,2026-II,10,2026-10-19,P
VG260119,APS,2026-II,11,2026-10-26,F
VG260119,APS,2026-II,12,2026-11-02,P
VG260119,APS,2026-II,13,2026-11-09,P
VG260119,APS,2026-II,14,2026-11-16,P
VG260119,APS,2026-II,15,2026-11-23,P
VG260119,APS,2026-II,16,2026-11-30,P
VG260119,TBD,2026-II,1,2026-08-18,P
VG260119,TBD,2026-II,2,2026-08-25,J
VG260119,TBD,2026-II,3,2026-09-01,F
VG260119,TBD,2026-II,4,2026-09-08,P
VG260119,TBD,2026-II,5,2026-09-15,P
VG260119,TBD,2026-II,6,2026-09-22,P
VG260119,TBD,2026-II,7,2026-09-29,P
VG260119,TBD,2026-II,8,2026-10-06,P
VG260119,TBD,2026-II,9,2026-10-13,P
VG260119,TBD,2026-II,10,2026-10-20,F
VG260119,TBD,2026-II,11,2026-10-27,P
VG260119,TBD,2026-II,12,2026-11-03,J
VG260119,TBD,2026-II,13,2026-11-10,J
VG260119,TBD,2026-II,14,2026-11-17,P
VG260119,TBD,2026-II,15,2026-11-24,P
VG260119,TBD,2026-II,16,2026-12-01,P
VG260119,FIA,2026-II,1,2026-08-19,P
VG260119,FIA,2026-II,2,2026-08-26,P
VG260119,FIA,2026-II,3,2026-09-02,P
VG260119,FIA,2026-II,4,2026-09-09,P
VG260119,FIA,2026-II,5,2026-09-16,F
VG260119,FIA,2026-II,6,2026-09-23,P
VG260119,FIA,2026-II,7,2026-09-30,P
VG260119,FIA,2026-II,8,2026-10-07,P
VG260119,FIA,2026-II,9,2026-10-14,P
VG260119,FIA,2026-II,10,2026-10-21,P
VG260119,FIA,2026-II,11,2026-10-28,P
VG260119,FIA,2026-II,12,2026-11-04,P
VG260119,FIA,2026-II,13,2026-11-11,P
VG260119,FIA,2026-II,14,2026-11-18,P
VG260119,FIA,2026-II,15,2026-11-25,P
VG260119,FIA,2026-II,16,2026-12-02,P
VG260119,SDE,2026-II,1,2026-08-20,T
VG260119,SDE,2026-II,2,2026-08-27,P
VG260119,SDE,2026-II,3,2026-09-03,P
VG260119,SDE,2026-II,4,2026-09-10,J
VG260119,SDE,2026-II,5,2026-09-17,P
VG260119,SDE,2026-II,6,2026-09-24,P
VG260119,SDE,2026-II,7,2026-10-01,P
VG260119,SDE,2026-II,8,2026-10-08,T
VG260119,SDE,2026-II,9,2026-10-15,P
VG260119,SDE,2026-II,10,2026-10-22,T
VG260119,SDE,2026-II,11,2026-10-29,P
VG260119,SDE,2026-II,12,2026-11-05,P
VG260119,SDE,2026-II,13,2026-11-12,P
VG260119,SDE,2026-II,14,2026-11-19,P
VG260119,SDE,2026-II,15,2026-11-26,F
VG260119,SDE,2026-II,16,2026-12-03,P
VG260119,FCS,2026-II,1,2026-08-21,P
VG260119,FCS,2026-II,2,2026-08-28,P
VG260119,FCS,2026-II,3,2026-09-04,F
VG260119,FCS,2026-II,4,2026-09-11,P
VG260119,FCS,2026-II,5,2026-09-18,P
VG260119,FCS,2026-II,6,2026-09-25,P
VG260119,FCS,2026-II,7,2026-10-02,P
VG260119,FCS,2026-II,8,2026-10-09,P
VG260119,FCS,2026-II,9,2026-10-16,P
VG260119,FCS,2026-II,10,2026-10-23,P
VG260119,FCS,2026-II,11,2026-10-30,P
VG260119,FCS,2026-II,12,2026-11-06,P
VG260119,FCS,2026-II,13,2026-11-13,P
VG260119,FCS,2026-II,14,2026-11-20,P
VG260119,FCS,2026-II,15,2026-11-27,P
VG260119,FCS,2026-II,16,2026-12-04,P
VG260119,EIA,2026-II,1,2026-08-17,F
VG260119,EIA,2026-II,2,2026-08-24,P
VG260119,EIA,2026-II,3,2026-08-31,P
VG260119,EIA,2026-II,4,2026-09-07,T
VG260119,EIA,2026-II,5,2026-09-14,F
VG260119,EIA,2026-II,6,2026-09-21,P
VG260119,EIA,2026-II,7,2026-09-28,P
VG260119,EIA,2026-II,8,2026-10-05,P
VG260119,EIA,2026-II,9,2026-10-12,P
VG260119,EIA,2026-II,10,2026-10-19,P
VG260119,EIA,2026-II,11,2026-10-26,P
VG260119,EIA,2026-II,12,2026-11-02,T
VG260119,EIA,2026-II,13,2026-11-09,J
VG260119,EIA,2026-II,14,2026-11-16,P
VG260119,EIA,2026-II,15,2026-11-23,F
VG260119,EIA,2026-II,16,2026-11-30,P
VG260119,CII,2026-II,1,2026-08-18,P
VG260119,CII,2026-II,2,2026-08-25,P
VG260119,CII,2026-II,3,2026-09-01,P
VG260119,CII,2026-II,4,2026-09-08,P
VG260119,CII,2026-II,5,2026-09-15,P
VG260119,CII,2026-II,6,2026-09-22,P
VG260119,CII,2026-II,7,2026-09-29,P
VG260119,CII,2026-II,8,2026-10-06,P
VG260119,CII,2026-II,9,2026-10-13,P
VG260119,CII,2026-II,10,2026-10-20,P
VG260119,CII,2026-II,11,2026-10-27,T
VG260119,CII,2026-II,12,2026-11-03,P
VG260119,CII,2026-II,13,2026-11-10,P
VG260119,CII,2026-II,14,2026-11-17,P
VG260119,CII,2026-II,15,2026-11-24,P
VG260119,CII,2026-II,16,2026-12-01,T
VG260119,EIT,2026-II,1,2026-08-19,P
VG260119,EIT,2026-II,2,2026-08-26,F
VG260119,EIT,2026-II,3,2026-09-02,P
VG260119,EIT,2026-II,4,2026-09-09,P
VG260119,EIT,2026-II,5,2026-09-16,J
VG260119,EIT,2026-II,6,2026-09-23,P
VG260119,EIT,2026-II,7,2026-09-30,P
VG260119,EIT,2026-II,8,2026-10-07,P
VG260119,EIT,2026-II,9,2026-10-14,F
VG260119,EIT,2026-II,10,2026-10-21,P
VG260119,EIT,2026-II,11,2026-10-28,P
VG260119,EIT,2026-II,12,2026-11-04,P
VG260119,EIT,2026-II,13,2026-11-11,P
VG260119,EIT,2026-II,14,2026-11-18,P
VG260119,EIT,2026-II,15,2026-11-25,T
VG260119,EIT,2026-II,16,2026-12-02,P
VG260119,EFSRT5,2026-II,1,2026-08-20,T
VG260119,EFSRT5,2026-II,2,2026-08-27,P
VG260119,EFSRT5,2026-II,3,2026-09-03,P
VG260119,EFSRT5,2026-II,4,2026-09-10,P
VG260119,EFSRT5,2026-II,5,2026-09-17,P
VG260119,EFSRT5,2026-II,6,2026-09-24,P
VG260119,EFSRT5,2026-II,7,2026-10-01,P
VG260119,EFSRT5,2026-II,8,2026-10-08,P
VG260119,EFSRT5,2026-II,9,2026-10-15,P
VG260119,EFSRT5,2026-II,10,2026-10-22,P
VG260119,EFSRT5,2026-II,11,2026-10-29,P
VG260119,EFSRT5,2026-II,12,2026-11-05,F
VG260119,EFSRT5,2026-II,13,2026-11-12,P
VG260119,EFSRT5,2026-II,14,2026-11-19,P
VG260119,EFSRT5,2026-II,15,2026-11-26,P
VG260119,EFSRT5,2026-II,16,2026-12-03,P
VG260120,APS,2026-II,1,2026-08-17,P
VG260120,APS,2026-II,2,2026-08-24,P
VG260120,APS,2026-II,3,2026-08-31,P
VG260120,APS,2026-II,4,2026-09-07,P
VG260120,APS,2026-II,5,2026-09-14,P
VG260120,APS,2026-II,6,2026-09-21,P
VG260120,APS,2026-II,7,2026-09-28,P
VG260120,APS,2026-II,8,2026-10-05,P
VG260120,APS,2026-II,9,2026-10-12,T
VG260120,APS,2026-II,10,2026-10-19,F
VG260120,APS,2026-II,11,2026-10-26,P
VG260120,APS,2026-II,12,2026-11-02,P
VG260120,APS,2026-II,13,2026-11-09,P
VG260120,APS,2026-II,14,2026-11-16,P
VG260120,APS,2026-II,15,2026-11-23,P
VG260120,APS,2026-II,16,2026-11-30,P
VG260120,TBD,2026-II,1,2026-08-18,P
VG260120,TBD,2026-II,2,2026-08-25,T
VG260120,TBD,2026-II,3,2026-09-01,P
VG260120,TBD,2026-II,4,2026-09-08,T
VG260120,TBD,2026-II,5,2026-09-15,P
VG260120,TBD,2026-II,6,2026-09-22,P
VG260120,TBD,2026-II,7,2026-09-29,P
VG260120,TBD,2026-II,8,2026-10-06,F
VG260120,TBD,2026-II,9,2026-10-13,P
VG260120,TBD,2026-II,10,2026-10-20,P
VG260120,TBD,2026-II,11,2026-10-27,F
VG260120,TBD,2026-II,12,2026-11-03,T
VG260120,TBD,2026-II,13,2026-11-10,P
VG260120,TBD,2026-II,14,2026-11-17,P
VG260120,TBD,2026-II,15,2026-11-24,P
VG260120,TBD,2026-II,16,2026-12-01,P
VG260120,FIA,2026-II,1,2026-08-19,P
VG260120,FIA,2026-II,2,2026-08-26,F
VG260120,FIA,2026-II,3,2026-09-02,T
VG260120,FIA,2026-II,4,2026-09-09,F
VG260120,FIA,2026-II,5,2026-09-16,F
VG260120,FIA,2026-II,6,2026-09-23,P
VG260120,FIA,2026-II,7,2026-09-30,P
VG260120,FIA,2026-II,8,2026-10-07,P
VG260120,FIA,2026-II,9,2026-10-14,P
VG260120,FIA,2026-II,10,2026-10-21,F
VG260120,FIA,2026-II,11,2026-10-28,P
VG260120,FIA,2026-II,12,2026-11-04,J
VG260120,FIA,2026-II,13,2026-11-11,P
VG260120,FIA,2026-II,14,2026-11-18,P
VG260120,FIA,2026-II,15,2026-11-25,P
VG260120,FIA,2026-II,16,2026-12-02,P
VG260120,SDE,2026-II,1,2026-08-20,P
VG260120,SDE,2026-II,2,2026-08-27,P
VG260120,SDE,2026-II,3,2026-09-03,P
VG260120,SDE,2026-II,4,2026-09-10,J
VG260120,SDE,2026-II,5,2026-09-17,P
VG260120,SDE,2026-II,6,2026-09-24,P
VG260120,SDE,2026-II,7,2026-10-01,T
VG260120,SDE,2026-II,8,2026-10-08,T
VG260120,SDE,2026-II,9,2026-10-15,P
VG260120,SDE,2026-II,10,2026-10-22,P
VG260120,SDE,2026-II,11,2026-10-29,P
VG260120,SDE,2026-II,12,2026-11-05,P
VG260120,SDE,2026-II,13,2026-11-12,P
VG260120,SDE,2026-II,14,2026-11-19,P
VG260120,SDE,2026-II,15,2026-11-26,P
VG260120,SDE,2026-II,16,2026-12-03,P
VG260120,FCS,2026-II,1,2026-08-21,T
VG260120,FCS,2026-II,2,2026-08-28,P
VG260120,FCS,2026-II,3,2026-09-04,P
VG260120,FCS,2026-II,4,2026-09-11,P
VG260120,FCS,2026-II,5,2026-09-18,T
VG260120,FCS,2026-II,6,2026-09-25,P
VG260120,FCS,2026-II,7,2026-10-02,P
VG260120,FCS,2026-II,8,2026-10-09,P
VG260120,FCS,2026-II,9,2026-10-16,T
VG260120,FCS,2026-II,10,2026-10-23,P
VG260120,FCS,2026-II,11,2026-10-30,P
VG260120,FCS,2026-II,12,2026-11-06,P
VG260120,FCS,2026-II,13,2026-11-13,P
VG260120,FCS,2026-II,14,2026-11-20,P
VG260120,FCS,2026-II,15,2026-11-27,P
VG260120,FCS,2026-II,16,2026-12-04,P
VG260120,EIA,2026-II,1,2026-08-17,F
VG260120,EIA,2026-II,2,2026-08-24,P
VG260120,EIA,2026-II,3,2026-08-31,P
VG260120,EIA,2026-II,4,2026-09-07,P
VG260120,EIA,2026-II,5,2026-09-14,P
VG260120,EIA,2026-II,6,2026-09-21,P
VG260120,EIA,2026-II,7,2026-09-28,P
VG260120,EIA,2026-II,8,2026-10-05,P
VG260120,EIA,2026-II,9,2026-10-12,F
VG260120,EIA,2026-II,10,2026-10-19,P
VG260120,EIA,2026-II,11,2026-10-26,P
VG260120,EIA,2026-II,12,2026-11-02,J
VG260120,EIA,2026-II,13,2026-11-09,P
VG260120,EIA,2026-II,14,2026-11-16,P
VG260120,EIA,2026-II,15,2026-11-23,F
VG260120,EIA,2026-II,16,2026-11-30,F
VG260120,CII,2026-II,1,2026-08-18,P
VG260120,CII,2026-II,2,2026-08-25,P
VG260120,CII,2026-II,3,2026-09-01,P
VG260120,CII,2026-II,4,2026-09-08,P
VG260120,CII,2026-II,5,2026-09-15,P
VG260120,CII,2026-II,6,2026-09-22,F
VG260120,CII,2026-II,7,2026-09-29,P
VG260120,CII,2026-II,8,2026-10-06,P
VG260120,CII,2026-II,9,2026-10-13,P
VG260120,CII,2026-II,10,2026-10-20,P
VG260120,CII,2026-II,11,2026-10-27,P
VG260120,CII,2026-II,12,2026-11-03,P
VG260120,CII,2026-II,13,2026-11-10,F
VG260120,CII,2026-II,14,2026-11-17,P
VG260120,CII,2026-II,15,2026-11-24,P
VG260120,CII,2026-II,16,2026-12-01,P
VG260120,EIT,2026-II,1,2026-08-19,P
VG260120,EIT,2026-II,2,2026-08-26,P
VG260120,EIT,2026-II,3,2026-09-02,P
VG260120,EIT,2026-II,4,2026-09-09,P
VG260120,EIT,2026-II,5,2026-09-16,P
VG260120,EIT,2026-II,6,2026-09-23,P
VG260120,EIT,2026-II,7,2026-09-30,P
VG260120,EIT,2026-II,8,2026-10-07,F
VG260120,EIT,2026-II,9,2026-10-14,P
VG260120,EIT,2026-II,10,2026-10-21,P
VG260120,EIT,2026-II,11,2026-10-28,P
VG260120,EIT,2026-II,12,2026-11-04,P
VG260120,EIT,2026-II,13,2026-11-11,P
VG260120,EIT,2026-II,14,2026-11-18,P
VG260120,EIT,2026-II,15,2026-11-25,P
VG260120,EIT,2026-II,16,2026-12-02,P
VG260120,EFSRT5,2026-II,1,2026-08-20,P
VG260120,EFSRT5,2026-II,2,2026-08-27,P
VG260120,EFSRT5,2026-II,3,2026-09-03,P
VG260120,EFSRT5,2026-II,4,2026-09-10,P
VG260120,EFSRT5,2026-II,5,2026-09-17,P
VG260120,EFSRT5,2026-II,6,2026-09-24,P
VG260120,EFSRT5,2026-II,7,2026-10-01,P
VG260120,EFSRT5,2026-II,8,2026-10-08,P
VG260120,EFSRT5,2026-II,9,2026-10-15,J
VG260120,EFSRT5,2026-II,10,2026-10-22,P
VG260120,EFSRT5,2026-II,11,2026-10-29,P
VG260120,EFSRT5,2026-II,12,2026-11-05,P
VG260120,EFSRT5,2026-II,13,2026-11-12,F
VG260120,EFSRT5,2026-II,14,2026-11-19,T
VG260120,EFSRT5,2026-II,15,2026-11-26,P
VG260120,EFSRT5,2026-II,16,2026-12-03,P
