"record_id","student_id","course","period","score","attendance_rate"
"E0001","A0001","Big Data","2026-II","16","0.95"
"E0002","A0001","Calidad de Software","2026-II","15","0.79"
"E0003","A0001","Programacion","2026-II","9","0.93"
"E0004","A0001","Base de Datos","2026-II","9","0.79"
"E0005","A0002","Big Data","2026-II","15","0.91"
"E0006","A0002","Calidad de Software","2026-II","19","0.79"
"E0007","A0002","Programacion","2026-II","10","0.98"
"E0008","A0002","Base de Datos","2026-II","9","0.64"
"E0009","A0003","Big Data","2026-II","12","0.92"
"E0010","A0003","Calidad de Software","2026-II","17","0.82"
"E0011","A0003","Programacion","2026-II","19","0.78"
"E0012","A0003","Base de Datos","2026-II","11","0.83"
"E0013","A0004","Big Data","2026-II","16","0.68"
"E0014","A0004","Calidad de Software","2026-II","11","0.87"
"E0015","A0004","Programacion","2026-II","7","0.65"
"E0016","A0004","Base de Datos","2026-II","14","0.98"
"E0017","A0005","Big Data","2026-II","8","0.58"
"E0018","A0005","Calidad de Software","2026-II","18","0.94"
"E0019","A0005","Programacion","2026-II","7","0.93"
"E0020","A0005","Base de Datos","2026-II","14","0.86"
"E0021","A0006","Big Data","2026-II","17","0.81"
"E0022","A0006","Calidad de Software","2026-II","14","0.96"
"E0023","A0006","Programacion","2026-II","14","0.77"
"E0024","A0006","Base de Datos","2026-II","17","0.52"
"E0025","A0007","Big Data","2026-II","5","0.93"
"E0026","A0007","Calidad de Software","2026-II","10","0.58"
"E0027","A0007","Programacion","2026-II","18","0.81"
"E0028","A0007","Base de Datos","2026-II","11","0.87"
"E0029","A0008","Big Data","2026-II","20","0.51"
"E0030","A0008","Calidad de Software","2026-II","16","0.56"
"E0031","A0008","Programacion","2026-II","12","0.91"
"E0032","A0008","Base de Datos","2026-II","9","0.93"
"E0033","A0009","Big Data","2026-II","20","0.52"
"E0034","A0009","Calidad de Software","2026-II","18","0.78"
"E0035","A0009","Programacion","2026-II","15","0.53"
"E0036","A0009","Base de Datos","2026-II","10","0.91"
"E0037","A0010","Big Data","2026-II","10","0.87"
"E0038","A0010","Calidad de Software","2026-II","11","0.91"
"E0039","A0010","Programacion","2026-II","12","0.72"
"E0040","A0010","Base de Datos","2026-II","12","0.80"
"E0041","A0011","Big Data","2026-II","12","0.72"
"E0042","A0011","Calidad de Software","2026-II","18","0.73"
"E0043","A0011","Programacion","2026-II","7","0.71"
"E0044","A0011","Base de Datos","2026-II","18","0.92"
"E0045","A0012","Big Data","2026-II","12","0.78"
"E0046","A0012","Calidad de Software","2026-II","9","0.59"
"E0047","A0012","Programacion","2026-II","8","0.77"
"E0048","A0012","Base de Datos","2026-II","7","0.86"
"E0049","A0013","Big Data","2026-II","18","0.98"
"E0050","A0013","Calidad de Software","2026-II","12","0.99"
"E0051","A0013","Programacion","2026-II","11","0.81"
"E0052","A0013","Base de Datos","2026-II","15","0.72"
"E0053","A0014","Big Data","2026-II","16","0.51"
"E0054","A0014","Calidad de Software","2026-II","10","0.94"
"E0055","A0014","Programacion","2026-II","14","0.58"
"E0056","A0014","Base de Datos","2026-II","10","0.69"
"E0057","A0015","Big Data","2026-II","18","0.51"
"E0058","A0015","Calidad de Software","2026-II","17","0.83"
"E0059","A0015","Programacion","2026-II","14","0.96"
"E0060","A0015","Base de Datos","2026-II","10","0.83"
"E0061","A0016","Big Data","2026-II","16","0.77"
"E0062","A0016","Calidad de Software","2026-II","19","0.60"
"E0063","A0016","Programacion","2026-II","8","0.74"
"E0064","A0016","Base de Datos","2026-II","17","0.65"
"E0065","A0017","Big Data","2026-II","15","0.63"
"E0066","A0017","Calidad de Software","2026-II","12","0.70"
"E0067","A0017","Programacion","2026-II","9","0.66"
"E0068","A0017","Base de Datos","2026-II","13","0.61"
"E0069","A0018","Big Data","2026-II","15","0.73"
"E0070","A0018","Calidad de Software","2026-II","7","0.66"
"E0071","A0018","Programacion","2026-II","12","0.73"
"E0072","A0018","Base de Datos","2026-II","5","0.76"
"E0073","A0019","Big Data","2026-II","5","1.00"
"E0074","A0019","Calidad de Software","2026-II","12","0.55"
"E0075","A0019","Programacion","2026-II","15","0.85"
"E0076","A0019","Base de Datos","2026-II","11","1.00"
"E0077","A0020","Big Data","2026-II","20","0.62"
"E0078","A0020","Calidad de Software","2026-II","11","0.93"
"E0079","A0020","Programacion","2026-II","15","1.00"
"E0080","A0020","Base de Datos","2026-II","17","0.80"
"E0081","A0021","Big Data","2026-II","19","0.92"
"E0082","A0021","Calidad de Software","2026-II","14","0.58"
"E0083","A0021","Programacion","2026-II","20","0.59"
"E0084","A0021","Base de Datos","2026-II","6","0.77"
"E0085","A0022","Big Data","2026-II","17","0.66"
"E0086","A0022","Calidad de Software","2026-II","9","0.88"
"E0087","A0022","Programacion","2026-II","19","0.74"
"E0088","A0022","Base de Datos","2026-II","10","0.56"
"E0089","A0023","Big Data","2026-II","11","0.92"
"E0090","A0023","Calidad de Software","2026-II","10","0.57"
"E0091","A0023","Programacion","2026-II","10","0.63"
"E0092","A0023","Base de Datos","2026-II","12","0.75"
"E0093","A0024","Big Data","2026-II","6","0.91"
"E0094","A0024","Calidad de Software","2026-II","16","0.71"
"E0095","A0024","Programacion","2026-II","7","0.71"
"E0096","A0024","Base de Datos","2026-II","17","0.77"
"E0097","A0025","Big Data","2026-II","7","0.63"
"E0098","A0025","Calidad de Software","2026-II","6","0.61"
"E0099","A0025","Programacion","2026-II","5","0.61"
"E0100","A0025","Base de Datos","2026-II","25","0.86"
"E0101","A0026","Big Data","2026-II","9","0.85"
"E0102","A0026","Calidad de Software","2026-II","20","0.70"
"E0103","A0026","Programacion","2026-II","19","0.60"
"E0104","A0026","Base de Datos","2026-II","10","0.63"
"E0105","A0027","Big Data","2026-II","5","0.85"
"E0106","A0027","Calidad de Software","2026-II","17","0.51"
"E0107","A0027","Programacion","2026-II","13","0.57"
"E0108","A0027","Base de Datos","2026-II","18","0.93"
"E0109","A0028","Big Data","2026-II","14","0.64"
"E0110","A0028","Calidad de Software","2026-II","16","0.87"
"E0111","A0028","Programacion","2026-II","13","0.67"
"E0112","A0028","Base de Datos","2026-II","6","0.79"
"E0113","A0029","Big Data","2026-II","14","0.64"
"E0114","A0029","Calidad de Software","2026-II","19","0.96"
"E0115","A0029","Programacion","2026-II","15","0.72"
"E0116","A0029","Base de Datos","2026-II","11","0.63"
"E0117","A0030","Big Data","2026-II","19","0.89"
"E0118","A0030","Calidad de Software","2026-II","18","0.89"
"E0119","A0030","Programacion","2026-II","9","0.86"
"E0120","A0030","Base de Datos","2026-II","20","0.77"
"E0121","A0031","Big Data","2026-II","11","0.62"
"E0122","A0031","Calidad de Software","2026-II","14","0.84"
"E0123","A0031","Programacion","2026-II","9","0.53"
"E0124","A0031","Base de Datos","2026-II","18","0.67"
"E0125","A0032","Big Data","2026-II","15","0.72"
"E0126","A0032","Calidad de Software","2026-II","14","0.50"
"E0127","A0032","Programacion","2026-II","12","0.56"
"E0128","A0032","Base de Datos","2026-II","10","0.50"
"E0129","A0033","Big Data","2026-II","16","0.50"
"E0130","A0033","Calidad de Software","2026-II","18","0.87"
"E0131","A0033","Programacion","2026-II","10","0.53"
"E0132","A0033","Base de Datos","2026-II","17","0.93"
"E0133","A0034","Big Data","2026-II","16","0.69"
"E0134","A0034","Calidad de Software","2026-II","13","0.85"
"E0135","A0034","Programacion","2026-II","17","0.92"
"E0136","A0034","Base de Datos","2026-II","11","0.86"
"E0137","A0035","Big Data","2026-II","18","0.63"
"E0138","A0035","Calidad de Software","2026-II","16","0.71"
"E0139","A0035","Programacion","2026-II","7","0.90"
"E0140","A0035","Base de Datos","2026-II","17","0.99"
"E0141","A0036","Big Data","2026-II","16","0.70"
"E0142","A0036","Calidad de Software","2026-II","17","0.50"
"E0143","A0036","Programacion","2026-II","18","0.98"
"E0144","A0036","Base de Datos","2026-II","18","0.76"
"E0145","A0037","Big Data","2026-II","20","0.67"
"E0146","A0037","Calidad de Software","2026-II","7","0.83"
"E0147","A0037","Programacion","2026-II","14","0.88"
"E0148","A0037","Base de Datos","2026-II","13","0.88"
"E0149","A0038","Big Data","2026-II","7","0.93"
"E0150","A0038","Calidad de Software","2026-II","13","0.78"
"E0151","A0038","Programacion","2026-II","13","0.78"
"E0152","A0038","Base de Datos","2026-II","10","0.65"
"E0153","A0039","Big Data","2026-II","16","0.71"
"E0154","A0039","Calidad de Software","2026-II","11","0.51"
"E0155","A0039","Programacion","2026-II","5","0.52"
"E0156","A0039","Base de Datos","2026-II","6","0.82"
"E0157","A0040","Big Data","2026-II","6","0.85"
"E0158","A0040","Calidad de Software","2026-II","7","0.85"
"E0159","A0040","Programacion","2026-II","19","0.96"
"E0160","A0040","Base de Datos","2026-II","11","0.85"
"E0161","A0041","Big Data","2026-II","18","0.84"
"E0162","A0041","Calidad de Software","2026-II","10","0.81"
"E0163","A0041","Programacion","2026-II","11","0.89"
"E0164","A0041","Base de Datos","2026-II","5","0.73"
"E0165","A0042","Big Data","2026-II","14","0.92"
"E0166","A0042","Calidad de Software","2026-II","7","0.58"
"E0167","A0042","Programacion","2026-II","12","0.69"
"E0168","A0042","Base de Datos","2026-II","14","0.73"
"E0169","A0043","Big Data","2026-II","13","0.51"
"E0170","A0043","Calidad de Software","2026-II","16","0.76"
"E0171","A0043","Programacion","2026-II","15","0.62"
"E0172","A0043","Base de Datos","2026-II","18","0.50"
"E0173","A0044","Big Data","2026-II","17","0.58"
"E0174","A0044","Calidad de Software","2026-II","9","0.59"
"E0175","A0044","Programacion","2026-II","10","0.97"
"E0176","A0044","Base de Datos","2026-II","13","0.75"
"E0177","A0045","Big Data","2026-II","9","0.62"
"E0178","A0045","Calidad de Software","2026-II","20","0.93"
"E0179","A0045","Programacion","2026-II","14","0.58"
"E0180","A0045","Base de Datos","2026-II","6","0.69"
"E0181","A0046","Big Data","2026-II","11","1.00"
"E0182","A0046","Calidad de Software","2026-II","13","0.63"
"E0183","A0046","Programacion","2026-II","14","0.92"
"E0184","A0046","Base de Datos","2026-II","16","0.92"
"E0185","A0047","Big Data","2026-II","14","0.79"
"E0186","A0047","Calidad de Software","2026-II","18","0.74"
"E0187","A0047","Programacion","2026-II","19","0.80"
"E0188","A0047","Base de Datos","2026-II","10","0.84"
"E0189","A0048","Big Data","2026-II","15","0.52"
"E0190","A0048","Calidad de Software","2026-II","18","0.99"
"E0191","A0048","Programacion","2026-II","6","0.85"
"E0192","A0048","Base de Datos","2026-II","19","0.99"
"E0193","A0049","Big Data","2026-II","14","0.67"
"E0194","A0049","Calidad de Software","2026-II","14","0.54"
"E0195","A0049","Programacion","2026-II","7","0.80"
"E0196","A0049","Base de Datos","2026-II","20","0.78"
"E0197","A0050","Big Data","2026-II","14","0.79"
"E0198","A0050","Calidad de Software","2026-II","17","0.82"
"E0199","A0050","Programacion","2026-II","13","0.70"
"E0200","A0050","Base de Datos","2026-II","25","0.66"
"E0201","A0051","Big Data","2026-II","12","0.81"
"E0202","A0051","Calidad de Software","2026-II","7","0.88"
"E0203","A0051","Programacion","2026-II","12","0.85"
"E0204","A0051","Base de Datos","2026-II","16","0.76"
"E0205","A0052","Big Data","2026-II","15","0.51"
"E0206","A0052","Calidad de Software","2026-II","10","0.98"
"E0207","A0052","Programacion","2026-II","13","0.53"
"E0208","A0052","Base de Datos","2026-II","17","0.59"
"E0209","A0053","Big Data","2026-II","13","0.82"
"E0210","A0053","Calidad de Software","2026-II","7","1.00"
"E0211","A0053","Programacion","2026-II","16","0.74"
"E0212","A0053","Base de Datos","2026-II","13","0.83"
"E0213","A0054","Big Data","2026-II","12","0.66"
"E0214","A0054","Calidad de Software","2026-II","10","0.71"
"E0215","A0054","Programacion","2026-II","5","0.98"
"E0216","A0054","Base de Datos","2026-II","17","0.84"
"E0217","A0055","Big Data","2026-II","16","0.78"
"E0218","A0055","Calidad de Software","2026-II","9","0.56"
"E0219","A0055","Programacion","2026-II","15","0.91"
"E0220","A0055","Base de Datos","2026-II","14","0.91"
"E0221","A0056","Big Data","2026-II","13","0.91"
"E0222","A0056","Calidad de Software","2026-II","13","1.00"
"E0223","A0056","Programacion","2026-II","9","0.95"
"E0224","A0056","Base de Datos","2026-II","7","0.51"
"E0225","A0057","Big Data","2026-II","16","0.65"
"E0226","A0057","Calidad de Software","2026-II","11","0.74"
"E0227","A0057","Programacion","2026-II","12","0.70"
"E0228","A0057","Base de Datos","2026-II","9","0.90"
"E0229","A0058","Big Data","2026-II","12","0.66"
"E0230","A0058","Calidad de Software","2026-II","11","0.93"
"E0231","A0058","Programacion","2026-II","14","0.80"
"E0232","A0058","Base de Datos","2026-II","7","0.86"
"E0233","A0059","Big Data","2026-II","9","0.92"
"E0234","A0059","Calidad de Software","2026-II","13","0.70"
"E0235","A0059","Programacion","2026-II","8","0.71"
"E0236","A0059","Base de Datos","2026-II","15","0.51"
"E0237","A0060","Big Data","2026-II","10","0.50"
"E0238","A0060","Calidad de Software","2026-II","15","0.80"
"E0239","A0060","Programacion","2026-II","18","0.89"
"E0240","A0060","Base de Datos","2026-II","20","0.66"
"E0241","A0061","Big Data","2026-II","13","0.70"
"E0242","A0061","Calidad de Software","2026-II","20","0.67"
"E0243","A0061","Programacion","2026-II","9","0.89"
"E0244","A0061","Base de Datos","2026-II","15","0.62"
"E0245","A0062","Big Data","2026-II","20","0.90"
"E0246","A0062","Calidad de Software","2026-II","14","0.97"
"E0247","A0062","Programacion","2026-II","16","0.90"
"E0248","A0062","Base de Datos","2026-II","7","0.81"
"E0249","A0063","Big Data","2026-II","16","0.68"
"E0250","A0063","Calidad de Software","2026-II","7","0.50"
"E0251","A0063","Programacion","2026-II","13","0.57"
"E0252","A0063","Base de Datos","2026-II","6","0.91"
"E0253","A0064","Big Data","2026-II","16","0.74"
"E0254","A0064","Calidad de Software","2026-II","15","0.74"
"E0255","A0064","Programacion","2026-II","18","0.96"
"E0256","A0064","Base de Datos","2026-II","12","0.75"
"E0257","A0065","Big Data","2026-II","10","0.72"
"E0258","A0065","Calidad de Software","2026-II","17","0.55"
"E0259","A0065","Programacion","2026-II","17","0.60"
"E0260","A0065","Base de Datos","2026-II","9","0.75"
"E0261","A0066","Big Data","2026-II","13","0.72"
"E0262","A0066","Calidad de Software","2026-II","11","0.98"
"E0263","A0066","Programacion","2026-II","20","0.79"
"E0264","A0066","Base de Datos","2026-II","20","0.95"
"E0265","A0067","Big Data","2026-II","18","0.74"
"E0266","A0067","Calidad de Software","2026-II","18","0.68"
"E0267","A0067","Programacion","2026-II","19","0.54"
"E0268","A0067","Base de Datos","2026-II","10","0.85"
"E0269","A0068","Big Data","2026-II","18","0.56"
"E0270","A0068","Calidad de Software","2026-II","11","0.83"
"E0271","A0068","Programacion","2026-II","14","0.60"
"E0272","A0068","Base de Datos","2026-II","19","0.97"
"E0273","A0069","Big Data","2026-II","20","0.59"
"E0274","A0069","Calidad de Software","2026-II","14","0.66"
"E0275","A0069","Programacion","2026-II","7","0.89"
"E0276","A0069","Base de Datos","2026-II","11","0.82"
"E0277","A0070","Big Data","2026-II","5","0.63"
"E0278","A0070","Calidad de Software","2026-II","11","0.88"
"E0279","A0070","Programacion","2026-II","6","0.78"
"E0280","A0070","Base de Datos","2026-II","6","0.60"
"E0281","A0071","Big Data","2026-II","19","0.50"
"E0282","A0071","Calidad de Software","2026-II","8","0.75"
"E0283","A0071","Programacion","2026-II","14","0.82"
"E0284","A0071","Base de Datos","2026-II","13","0.62"
"E0285","A0072","Big Data","2026-II","6","0.79"
"E0286","A0072","Calidad de Software","2026-II","11","0.50"
"E0287","A0072","Programacion","2026-II","13","0.97"
"E0288","A0072","Base de Datos","2026-II","6","0.81"
"E0289","A0073","Big Data","2026-II","14","0.89"
"E0290","A0073","Calidad de Software","2026-II","19","0.81"
"E0291","A0073","Programacion","2026-II","5","1.00"
"E0292","A0073","Base de Datos","2026-II","7","0.76"
"E0293","A0074","Big Data","2026-II","20","0.58"
"E0294","A0074","Calidad de Software","2026-II","16","0.84"
"E0295","A0074","Programacion","2026-II","6","0.96"
"E0296","A0074","Base de Datos","2026-II","10","0.78"
"E0297","A0075","Big Data","2026-II","15","0.79"
"E0298","A0075","Calidad de Software","2026-II","16","0.58"
"E0299","A0075","Programacion","2026-II","5","0.50"
"E0300","A0075","Base de Datos","2026-II","25","0.74"
"E0301","A0076","Big Data","2026-II","11","0.90"
"E0302","A0076","Calidad de Software","2026-II","18","0.76"
"E0303","A0076","Programacion","2026-II","13","0.70"
"E0304","A0076","Base de Datos","2026-II","18","0.53"
"E0305","A0077","Big Data","2026-II","20","0.98"
"E0306","A0077","Calidad de Software","2026-II","13","0.73"
"E0307","A0077","Programacion","2026-II","5","1.00"
"E0308","A0077","Base de Datos","2026-II","7","0.71"
"E0309","A0078","Big Data","2026-II","7","0.60"
"E0310","A0078","Calidad de Software","2026-II","15","0.76"
"E0311","A0078","Programacion","2026-II","16","0.84"
"E0312","A0078","Base de Datos","2026-II","19","0.90"
"E0313","A0079","Big Data","2026-II","11","0.67"
"E0314","A0079","Calidad de Software","2026-II","19","0.68"
"E0315","A0079","Programacion","2026-II","19","0.67"
"E0316","A0079","Base de Datos","2026-II","7","0.51"
"E0317","A0080","Big Data","2026-II","12","0.57"
"E0318","A0080","Calidad de Software","2026-II","7","0.85"
"E0319","A0080","Programacion","2026-II","16","0.51"
"E0320","A0080","Base de Datos","2026-II","9","0.53"
"E0321","A0081","Big Data","2026-II","5","0.58"
"E0322","A0081","Calidad de Software","2026-II","19","0.75"
"E0323","A0081","Programacion","2026-II","13","0.54"
"E0324","A0081","Base de Datos","2026-II","19","0.74"
"E0325","A0082","Big Data","2026-II","5","0.96"
"E0326","A0082","Calidad de Software","2026-II","12","0.83"
"E0327","A0082","Programacion","2026-II","9","0.58"
"E0328","A0082","Base de Datos","2026-II","7","0.64"
"E0329","A0083","Big Data","2026-II","15","0.72"
"E0330","A0083","Calidad de Software","2026-II","12","0.72"
"E0331","A0083","Programacion","2026-II","15","0.54"
"E0332","A0083","Base de Datos","2026-II","14","0.79"
"E0333","A0084","Big Data","2026-II","14","0.94"
"E0334","A0084","Calidad de Software","2026-II","16","0.93"
"E0335","A0084","Programacion","2026-II","16","0.63"
"E0336","A0084","Base de Datos","2026-II","13","0.58"
"E0337","A0085","Big Data","2026-II","16","0.88"
"E0338","A0085","Calidad de Software","2026-II","8","0.96"
"E0339","A0085","Programacion","2026-II","8","0.76"
"E0340","A0085","Base de Datos","2026-II","14","0.90"
"E0341","A0086","Big Data","2026-II","14","0.54"
"E0342","A0086","Calidad de Software","2026-II","19","0.96"
"E0343","A0086","Programacion","2026-II","13","0.51"
"E0344","A0086","Base de Datos","2026-II","20","0.87"
"E0345","A0087","Big Data","2026-II","7","0.78"
"E0346","A0087","Calidad de Software","2026-II","10","0.68"
"E0347","A0087","Programacion","2026-II","18","0.92"
"E0348","A0087","Base de Datos","2026-II","15","0.90"
"E0349","A0088","Big Data","2026-II","9","0.73"
"E0350","A0088","Calidad de Software","2026-II","8","0.53"
"E0351","A0088","Programacion","2026-II","17","0.85"
"E0352","A0088","Base de Datos","2026-II","15","0.98"
"E0353","A0089","Big Data","2026-II","10","0.78"
"E0354","A0089","Calidad de Software","2026-II","7","0.65"
"E0355","A0089","Programacion","2026-II","11","0.72"
"E0356","A0089","Base de Datos","2026-II","15","0.88"
"E0357","A0090","Big Data","2026-II","15","0.86"
"E0358","A0090","Calidad de Software","2026-II","14","0.92"
"E0359","A0090","Programacion","2026-II","8","0.72"
"E0360","A0090","Base de Datos","2026-II","16","0.52"
"E0361","A0091","Big Data","2026-II","15","0.54"
"E0362","A0091","Calidad de Software","2026-II","8","0.60"
"E0363","A0091","Programacion","2026-II","5","0.98"
"E0364","A0091","Base de Datos","2026-II","8","0.69"
"E0365","A0092","Big Data","2026-II","12","0.74"
"E0366","A0092","Calidad de Software","2026-II","8","0.73"
"E0367","A0092","Programacion","2026-II","14","0.95"
"E0368","A0092","Base de Datos","2026-II","7","0.57"
"E0369","A0093","Big Data","2026-II","7","0.78"
"E0370","A0093","Calidad de Software","2026-II","17","0.88"
"E0371","A0093","Programacion","2026-II","11","0.90"
"E0372","A0093","Base de Datos","2026-II","14","0.69"
"E0373","A0094","Big Data","2026-II","9","0.94"
"E0374","A0094","Calidad de Software","2026-II","19","0.87"
"E0375","A0094","Programacion","2026-II","5","0.59"
"E0376","A0094","Base de Datos","2026-II","11","0.79"
"E0377","A0095","Big Data","2026-II","12","0.69"
"E0378","A0095","Calidad de Software","2026-II","19","0.70"
"E0379","A0095","Programacion","2026-II","12","0.91"
"E0380","A0095","Base de Datos","2026-II","10","0.95"
"E0381","A0096","Big Data","2026-II","11","0.64"
"E0382","A0096","Calidad de Software","2026-II","5","0.56"
"E0383","A0096","Programacion","2026-II","5","0.66"
"E0384","A0096","Base de Datos","2026-II","20","0.69"
"E0385","A0097","Big Data","2026-II","11","0.97"
"E0386","A0097","Calidad de Software","2026-II","7","0.93"
"E0387","A0097","Programacion","2026-II","5","0.69"
"E0388","A0097","Base de Datos","2026-II","14","0.57"
"E0389","A0098","Big Data","2026-II","9","0.62"
"E0390","A0098","Calidad de Software","2026-II","8","0.98"
"E0391","A0098","Programacion","2026-II","16","0.99"
"E0392","A0098","Base de Datos","2026-II","13","0.88"
"E0393","A0099","Big Data","2026-II","5","0.55"
"E0394","A0099","Calidad de Software","2026-II","15","0.77"
"E0395","A0099","Programacion","2026-II","13","0.82"
"E0396","A0099","Base de Datos","2026-II","20","0.83"
"E0397","A0100","Big Data","2026-II","18","0.63"
"E0398","A0100","Calidad de Software","2026-II","6","0.70"
"E0399","A0100","Programacion","2026-II","14","0.87"
"E0400","A0100","Base de Datos","2026-II","25","0.98"
"E0401","A0101","Big Data","2026-II","14","0.60"
"E0402","A0101","Calidad de Software","2026-II","13","0.66"
"E0403","A0101","Programacion","2026-II","10","0.57"
"E0404","A0101","Base de Datos","2026-II","17","0.55"
"E0405","A0102","Big Data","2026-II","15","0.82"
"E0406","A0102","Calidad de Software","2026-II","8","0.71"
"E0407","A0102","Programacion","2026-II","14","0.88"
"E0408","A0102","Base de Datos","2026-II","18","0.59"
"E0409","A0103","Big Data","2026-II","20","0.62"
"E0410","A0103","Calidad de Software","2026-II","18","0.76"
"E0411","A0103","Programacion","2026-II","9","0.73"
"E0412","A0103","Base de Datos","2026-II","14","0.58"
"E0413","A0104","Big Data","2026-II","20","0.63"
"E0414","A0104","Calidad de Software","2026-II","5","0.70"
"E0415","A0104","Programacion","2026-II","16","0.69"
"E0416","A0104","Base de Datos","2026-II","18","0.57"
"E0417","A0105","Big Data","2026-II","19","0.90"
"E0418","A0105","Calidad de Software","2026-II","17","0.60"
"E0419","A0105","Programacion","2026-II","6","0.67"
"E0420","A0105","Base de Datos","2026-II","16","1.00"
"E0421","A0106","Big Data","2026-II","5","0.78"
"E0422","A0106","Calidad de Software","2026-II","15","0.64"
"E0423","A0106","Programacion","2026-II","18","0.63"
"E0424","A0106","Base de Datos","2026-II","19","0.52"
"E0425","A0107","Big Data","2026-II","13","0.64"
"E0426","A0107","Calidad de Software","2026-II","18","0.85"
"E0427","A0107","Programacion","2026-II","11","0.94"
"E0428","A0107","Base de Datos","2026-II","5","0.66"
"E0429","A0108","Big Data","2026-II","20","0.92"
"E0430","A0108","Calidad de Software","2026-II","6","0.59"
"E0431","A0108","Programacion","2026-II","14","0.93"
"E0432","A0108","Base de Datos","2026-II","10","0.98"
"E0433","A0109","Big Data","2026-II","15","0.78"
"E0434","A0109","Calidad de Software","2026-II","17","0.56"
"E0435","A0109","Programacion","2026-II","12","0.70"
"E0436","A0109","Base de Datos","2026-II","17","0.96"
"E0437","A0110","Big Data","2026-II","17","0.93"
"E0438","A0110","Calidad de Software","2026-II","12","0.89"
"E0439","A0110","Programacion","2026-II","9","0.94"
"E0440","A0110","Base de Datos","2026-II","16","0.52"
"E0441","A0111","Big Data","2026-II","7","0.89"
"E0442","A0111","Calidad de Software","2026-II","10","0.95"
"E0443","A0111","Programacion","2026-II","10","0.60"
"E0444","A0111","Base de Datos","2026-II","6","0.63"
"E0445","A0112","Big Data","2026-II","16","0.97"
"E0446","A0112","Calidad de Software","2026-II","12","0.66"
"E0447","A0112","Programacion","2026-II","9","0.84"
"E0448","A0112","Base de Datos","2026-II","20","0.54"
"E0449","A0113","Big Data","2026-II","11","0.69"
"E0450","A0113","Calidad de Software","2026-II","16","0.56"
"E0451","A0113","Programacion","2026-II","10","0.75"
"E0452","A0113","Base de Datos","2026-II","20","0.56"
"E0453","A0114","Big Data","2026-II","16","0.67"
"E0454","A0114","Calidad de Software","2026-II","7","0.72"
"E0455","A0114","Programacion","2026-II","12","0.94"
"E0456","A0114","Base de Datos","2026-II","16","0.82"
"E0457","A0115","Big Data","2026-II","8","0.63"
"E0458","A0115","Calidad de Software","2026-II","11","0.99"
"E0459","A0115","Programacion","2026-II","8","0.80"
"E0460","A0115","Base de Datos","2026-II","9","0.86"
"E0461","A0116","Big Data","2026-II","14","0.72"
"E0462","A0116","Calidad de Software","2026-II","12","0.55"
"E0463","A0116","Programacion","2026-II","20","0.83"
"E0464","A0116","Base de Datos","2026-II","7","0.86"
"E0465","A0117","Big Data","2026-II","12","0.60"
"E0466","A0117","Calidad de Software","2026-II","10","0.75"
"E0467","A0117","Programacion","2026-II","13","0.54"
"E0468","A0117","Base de Datos","2026-II","10","0.79"
"E0469","A0118","Big Data","2026-II","6","0.82"
"E0470","A0118","Calidad de Software","2026-II","20","0.95"
"E0471","A0118","Programacion","2026-II","16","0.96"
"E0472","A0118","Base de Datos","2026-II","8","0.60"
"E0473","A0119","Big Data","2026-II","8","0.85"
"E0474","A0119","Calidad de Software","2026-II","14","0.89"
"E0475","A0119","Programacion","2026-II","10","0.95"
"E0476","A0119","Base de Datos","2026-II","11","0.52"
"E0477","A0120","Big Data","2026-II","15","0.68"
"E0478","A0120","Calidad de Software","2026-II","7","0.53"
"E0479","A0120","Programacion","2026-II","19","0.90"
"E0480","A0120","Base de Datos","2026-II","13","0.76"
"E0481","A0121","Big Data","2026-II","10","0.99"
"E0482","A0121","Calidad de Software","2026-II","13","0.88"
"E0483","A0121","Programacion","2026-II","6","0.74"
"E0484","A0121","Base de Datos","2026-II","17","0.64"
"E0485","A0122","Big Data","2026-II","5","0.92"
"E0486","A0122","Calidad de Software","2026-II","14","0.87"
"E0487","A0122","Programacion","2026-II","10","0.73"
"E0488","A0122","Base de Datos","2026-II","10","0.90"
"E0489","A0123","Big Data","2026-II","7","0.98"
"E0490","A0123","Calidad de Software","2026-II","13","0.50"
"E0491","A0123","Programacion","2026-II","15","0.75"
"E0492","A0123","Base de Datos","2026-II","8","0.59"
"E0493","A0124","Big Data","2026-II","18","0.80"
"E0494","A0124","Calidad de Software","2026-II","18","0.84"
"E0495","A0124","Programacion","2026-II","16","0.75"
"E0496","A0124","Base de Datos","2026-II","7","0.53"
"E0497","A0125","Big Data","2026-II","20","0.89"
"E0498","A0125","Calidad de Software","2026-II","13","0.86"
"E0499","A0125","Programacion","2026-II","14","0.67"
"E0500","A0125","Base de Datos","2026-II","25","0.72"
"E0501","A0126","Big Data","2026-II","16","0.69"
"E0502","A0126","Calidad de Software","2026-II","15","0.54"
"E0503","A0126","Programacion","2026-II","13","0.52"
"E0504","A0126","Base de Datos","2026-II","7","0.93"
"E0505","A0127","Big Data","2026-II","19","0.51"
"E0506","A0127","Calidad de Software","2026-II","11","0.76"
"E0507","A0127","Programacion","2026-II","11","0.61"
"E0508","A0127","Base de Datos","2026-II","5","0.82"
"E0509","A0128","Big Data","2026-II","14","0.74"
"E0510","A0128","Calidad de Software","2026-II","7","0.74"
"E0511","A0128","Programacion","2026-II","9","0.53"
"E0512","A0128","Base de Datos","2026-II","17","0.68"
"E0513","A0129","Big Data","2026-II","10","0.87"
"E0514","A0129","Calidad de Software","2026-II","9","0.97"
"E0515","A0129","Programacion","2026-II","17","0.94"
"E0516","A0129","Base de Datos","2026-II","16","0.59"
"E0517","A0130","Big Data","2026-II","14","0.98"
"E0518","A0130","Calidad de Software","2026-II","14","0.87"
"E0519","A0130","Programacion","2026-II","16","0.85"
"E0520","A0130","Base de Datos","2026-II","16","0.98"
"E0521","A0131","Big Data","2026-II","16","0.89"
"E0522","A0131","Calidad de Software","2026-II","20","0.81"
"E0523","A0131","Programacion","2026-II","18","0.62"
"E0524","A0131","Base de Datos","2026-II","13","0.87"
"E0525","A0132","Big Data","2026-II","17","0.74"
"E0526","A0132","Calidad de Software","2026-II","10","0.86"
"E0527","A0132","Programacion","2026-II","16","0.58"
"E0528","A0132","Base de Datos","2026-II","18","0.65"
"E0529","A0133","Big Data","2026-II","16","0.75"
"E0530","A0133","Calidad de Software","2026-II","20","0.73"
"E0531","A0133","Programacion","2026-II","5","0.93"
"E0532","A0133","Base de Datos","2026-II","12","0.93"
"E0533","A0134","Big Data","2026-II","16","0.65"
"E0534","A0134","Calidad de Software","2026-II","11","1.00"
"E0535","A0134","Programacion","2026-II","14","0.94"
"E0536","A0134","Base de Datos","2026-II","15","0.93"
"E0537","A0135","Big Data","2026-II","16","0.91"
"E0538","A0135","Calidad de Software","2026-II","18","0.61"
"E0539","A0135","Programacion","2026-II","11","0.63"
"E0540","A0135","Base de Datos","2026-II","19","0.85"
"E0541","A0136","Big Data","2026-II","11","0.99"
"E0542","A0136","Calidad de Software","2026-II","9","0.95"
"E0543","A0136","Programacion","2026-II","15","0.91"
"E0544","A0136","Base de Datos","2026-II","18","0.65"
"E0545","A0137","Big Data","2026-II","5","0.64"
"E0546","A0137","Calidad de Software","2026-II","7","0.50"
"E0547","A0137","Programacion","2026-II","16","0.88"
"E0548","A0137","Base de Datos","2026-II","7","0.92"
"E0549","A0138","Big Data","2026-II","17","0.94"
"E0550","A0138","Calidad de Software","2026-II","17","0.99"
"E0551","A0138","Programacion","2026-II","14","0.58"
"E0552","A0138","Base de Datos","2026-II","19","0.99"
"E0553","A0139","Big Data","2026-II","14","1.00"
"E0554","A0139","Calidad de Software","2026-II","16","0.55"
"E0555","A0139","Programacion","2026-II","13","0.90"
"E0556","A0139","Base de Datos","2026-II","18","0.87"
"E0557","A0140","Big Data","2026-II","19","0.67"
"E0558","A0140","Calidad de Software","2026-II","7","0.50"
"E0559","A0140","Programacion","2026-II","15","0.59"
"E0560","A0140","Base de Datos","2026-II","7","0.66"
"E0561","A0141","Big Data","2026-II","17","0.62"
"E0562","A0141","Calidad de Software","2026-II","13","0.62"
"E0563","A0141","Programacion","2026-II","11","0.73"
"E0564","A0141","Base de Datos","2026-II","15","0.81"
"E0565","A0142","Big Data","2026-II","8","0.59"
"E0566","A0142","Calidad de Software","2026-II","9","0.66"
"E0567","A0142","Programacion","2026-II","19","0.88"
"E0568","A0142","Base de Datos","2026-II","10","0.89"
"E0569","A0143","Big Data","2026-II","14","0.76"
"E0570","A0143","Calidad de Software","2026-II","7","0.67"
"E0571","A0143","Programacion","2026-II","11","0.81"
"E0572","A0143","Base de Datos","2026-II","5","0.82"
"E0573","A0144","Big Data","2026-II","19","0.84"
"E0574","A0144","Calidad de Software","2026-II","13","0.84"
"E0575","A0144","Programacion","2026-II","7","0.78"
"E0576","A0144","Base de Datos","2026-II","6","0.81"
"E0577","A0145","Big Data","2026-II","5","0.96"
"E0578","A0145","Calidad de Software","2026-II","17","0.75"
"E0579","A0145","Programacion","2026-II","8","0.67"
"E0580","A0145","Base de Datos","2026-II","17","0.64"
"E0581","A0146","Big Data","2026-II","11","0.73"
"E0582","A0146","Calidad de Software","2026-II","12","0.85"
"E0583","A0146","Programacion","2026-II","18","0.69"
"E0584","A0146","Base de Datos","2026-II","18","0.76"
"E0585","A0147","Big Data","2026-II","5","0.84"
"E0586","A0147","Calidad de Software","2026-II","18","0.97"
"E0587","A0147","Programacion","2026-II","18","0.66"
"E0588","A0147","Base de Datos","2026-II","11","0.90"
"E0589","A0148","Big Data","2026-II","11","0.55"
"E0590","A0148","Calidad de Software","2026-II","18","0.86"
"E0591","A0148","Programacion","2026-II","15","0.78"
"E0592","A0148","Base de Datos","2026-II","18","0.85"
"E0593","A0149","Big Data","2026-II","18","0.62"
"E0594","A0149","Calidad de Software","2026-II","12","0.96"
"E0595","A0149","Programacion","2026-II","14","0.73"
"E0596","A0149","Base de Datos","2026-II","17","0.66"
"E0597","A0150","Big Data","2026-II","18","0.62"
"E0598","A0150","Calidad de Software","2026-II","11","0.60"
"E0599","A0150","Programacion","2026-II","10","0.98"
"E0600","A0150","Base de Datos","2026-II","25","0.81"
"E0601","A0151","Big Data","2026-II","12","0.53"
"E0602","A0151","Calidad de Software","2026-II","7","0.87"
"E0603","A0151","Programacion","2026-II","13","0.78"
"E0604","A0151","Base de Datos","2026-II","19","0.56"
"E0605","A0152","Big Data","2026-II","20","0.96"
"E0606","A0152","Calidad de Software","2026-II","19","0.66"
"E0607","A0152","Programacion","2026-II","7","0.72"
"E0608","A0152","Base de Datos","2026-II","10","0.86"
"E0609","A0153","Big Data","2026-II","10","0.91"
"E0610","A0153","Calidad de Software","2026-II","7","0.55"
"E0611","A0153","Programacion","2026-II","17","0.90"
"E0612","A0153","Base de Datos","2026-II","19","0.60"
"E0613","A0154","Big Data","2026-II","19","0.79"
"E0614","A0154","Calidad de Software","2026-II","8","0.89"
"E0615","A0154","Programacion","2026-II","7","0.53"
"E0616","A0154","Base de Datos","2026-II","6","0.50"
"E0617","A0155","Big Data","2026-II","18","0.86"
"E0618","A0155","Calidad de Software","2026-II","9","0.93"
"E0619","A0155","Programacion","2026-II","6","0.94"
"E0620","A0155","Base de Datos","2026-II","6","0.63"
"E0621","A0156","Big Data","2026-II","15","0.57"
"E0622","A0156","Calidad de Software","2026-II","11","0.87"
"E0623","A0156","Programacion","2026-II","16","0.91"
"E0624","A0156","Base de Datos","2026-II","19","0.76"
"E0625","A0157","Big Data","2026-II","16","0.73"
"E0626","A0157","Calidad de Software","2026-II","18","0.99"
"E0627","A0157","Programacion","2026-II","9","0.70"
"E0628","A0157","Base de Datos","2026-II","14","0.96"
"E0629","A0158","Big Data","2026-II","8","0.84"
"E0630","A0158","Calidad de Software","2026-II","16","0.60"
"E0631","A0158","Programacion","2026-II","8","0.70"
"E0632","A0158","Base de Datos","2026-II","15","0.74"
"E0633","A0159","Big Data","2026-II","12","0.97"
"E0634","A0159","Calidad de Software","2026-II","11","0.50"
"E0635","A0159","Programacion","2026-II","18","0.58"
"E0636","A0159","Base de Datos","2026-II","11","0.84"
"E0637","A0160","Big Data","2026-II","15","0.83"
"E0638","A0160","Calidad de Software","2026-II","7","0.65"
"E0639","A0160","Programacion","2026-II","11","0.65"
"E0640","A0160","Base de Datos","2026-II","11","0.80"
"E0641","A0161","Big Data","2026-II","17","0.75"
"E0642","A0161","Calidad de Software","2026-II","11","0.54"
"E0643","A0161","Programacion","2026-II","19","0.58"
"E0644","A0161","Base de Datos","2026-II","20","0.92"
"E0645","A0162","Big Data","2026-II","13","0.85"
"E0646","A0162","Calidad de Software","2026-II","8","0.92"
"E0647","A0162","Programacion","2026-II","10","0.94"
"E0648","A0162","Base de Datos","2026-II","8","0.62"
"E0649","A0163","Big Data","2026-II","10","0.80"
"E0650","A0163","Calidad de Software","2026-II","6","0.63"
"E0651","A0163","Programacion","2026-II","20","0.99"
"E0652","A0163","Base de Datos","2026-II","14","0.96"
"E0653","A0164","Big Data","2026-II","10","0.50"
"E0654","A0164","Calidad de Software","2026-II","10","0.90"
"E0655","A0164","Programacion","2026-II","18","0.56"
"E0656","A0164","Base de Datos","2026-II","11","0.58"
"E0657","A0165","Big Data","2026-II","18","0.83"
"E0658","A0165","Calidad de Software","2026-II","20","0.70"
"E0659","A0165","Programacion","2026-II","13","0.78"
"E0660","A0165","Base de Datos","2026-II","5","0.93"
"E0661","A0166","Big Data","2026-II","13","0.82"
"E0662","A0166","Calidad de Software","2026-II","10","0.94"
"E0663","A0166","Programacion","2026-II","11","0.82"
"E0664","A0166","Base de Datos","2026-II","15","0.57"
"E0665","A0167","Big Data","2026-II","15","0.69"
"E0666","A0167","Calidad de Software","2026-II","7","0.91"
"E0667","A0167","Programacion","2026-II","15","0.53"
"E0668","A0167","Base de Datos","2026-II","11","0.63"
"E0669","A0168","Big Data","2026-II","15","0.96"
"E0670","A0168","Calidad de Software","2026-II","10","0.66"
"E0671","A0168","Programacion","2026-II","13","0.64"
"E0672","A0168","Base de Datos","2026-II","9","0.83"
"E0673","A0169","Big Data","2026-II","20","0.94"
"E0674","A0169","Calidad de Software","2026-II","11","0.54"
"E0675","A0169","Programacion","2026-II","14","0.96"
"E0676","A0169","Base de Datos","2026-II","14","0.70"
"E0677","A0170","Big Data","2026-II","6","0.54"
"E0678","A0170","Calidad de Software","2026-II","8","0.90"
"E0679","A0170","Programacion","2026-II","6","0.70"
"E0680","A0170","Base de Datos","2026-II","9","0.81"
"E0681","A0171","Big Data","2026-II","5","0.81"
"E0682","A0171","Calidad de Software","2026-II","11","0.53"
"E0683","A0171","Programacion","2026-II","17","0.53"
"E0684","A0171","Base de Datos","2026-II","18","0.85"
"E0685","A0172","Big Data","2026-II","12","0.74"
"E0686","A0172","Calidad de Software","2026-II","20","0.86"
"E0687","A0172","Programacion","2026-II","18","0.99"
"E0688","A0172","Base de Datos","2026-II","10","1.00"
"E0689","A0173","Big Data","2026-II","14","0.89"
"E0690","A0173","Calidad de Software","2026-II","15","0.80"
"E0691","A0173","Programacion","2026-II","18","0.56"
"E0692","A0173","Base de Datos","2026-II","9","0.93"
"E0693","A0174","Big Data","2026-II","19","0.86"
"E0694","A0174","Calidad de Software","2026-II","16","0.74"
"E0695","A0174","Programacion","2026-II","9","0.59"
"E0696","A0174","Base de Datos","2026-II","12","0.76"
"E0697","A0175","Big Data","2026-II","8","0.69"
"E0698","A0175","Calidad de Software","2026-II","8","0.66"
"E0699","A0175","Programacion","2026-II","6","0.92"
"E0700","A0175","Base de Datos","2026-II","25","0.84"
"E0701","A0176","Big Data","2026-II","11","0.68"
"E0702","A0176","Calidad de Software","2026-II","5","0.75"
"E0703","A0176","Programacion","2026-II","19","0.82"
"E0704","A0176","Base de Datos","2026-II","19","1.00"
"E0705","A0177","Big Data","2026-II","8","0.67"
"E0706","A0177","Calidad de Software","2026-II","5","0.61"
"E0707","A0177","Programacion","2026-II","15","0.54"
"E0708","A0177","Base de Datos","2026-II","16","0.88"
"E0709","A0178","Big Data","2026-II","15","0.56"
"E0710","A0178","Calidad de Software","2026-II","12","0.64"
"E0711","A0178","Programacion","2026-II","16","0.60"
"E0712","A0178","Base de Datos","2026-II","6","0.78"
"E0713","A0179","Big Data","2026-II","16","0.98"
"E0714","A0179","Calidad de Software","2026-II","14","0.64"
"E0715","A0179","Programacion","2026-II","10","0.92"
"E0716","A0179","Base de Datos","2026-II","19","0.50"
"E0717","A0180","Big Data","2026-II","16","0.52"
"E0718","A0180","Calidad de Software","2026-II","7","0.59"
"E0719","A0180","Programacion","2026-II","11","0.72"
"E0720","A0180","Base de Datos","2026-II","6","0.89"
"E0721","A0181","Big Data","2026-II","19","0.69"
"E0722","A0181","Calidad de Software","2026-II","5","0.72"
"E0723","A0181","Programacion","2026-II","11","0.93"
"E0724","A0181","Base de Datos","2026-II","20","0.93"
"E0725","A0182","Big Data","2026-II","15","0.76"
"E0726","A0182","Calidad de Software","2026-II","15","0.98"
"E0727","A0182","Programacion","2026-II","14","0.90"
"E0728","A0182","Base de Datos","2026-II","12","0.69"
"E0729","A0183","Big Data","2026-II","14","0.57"
"E0730","A0183","Calidad de Software","2026-II","8","0.73"
"E0731","A0183","Programacion","2026-II","15","0.98"
"E0732","A0183","Base de Datos","2026-II","18","0.75"
"E0733","A0184","Big Data","2026-II","14","0.67"
"E0734","A0184","Calidad de Software","2026-II","10","0.89"
"E0735","A0184","Programacion","2026-II","17","0.56"
"E0736","A0184","Base de Datos","2026-II","19","0.91"
"E0737","A0185","Big Data","2026-II","18","0.85"
"E0738","A0185","Calidad de Software","2026-II","8","0.89"
"E0739","A0185","Programacion","2026-II","18","0.56"
"E0740","A0185","Base de Datos","2026-II","8","0.77"
"E0741","A0186","Big Data","2026-II","17","0.57"
"E0742","A0186","Calidad de Software","2026-II","8","0.73"
"E0743","A0186","Programacion","2026-II","8","0.50"
"E0744","A0186","Base de Datos","2026-II","19","0.96"
"E0745","A0187","Big Data","2026-II","6","0.80"
"E0746","A0187","Calidad de Software","2026-II","9","0.60"
"E0747","A0187","Programacion","2026-II","11","0.97"
"E0748","A0187","Base de Datos","2026-II","17","0.65"
"E0749","A0188","Big Data","2026-II","10","0.91"
"E0750","A0188","Calidad de Software","2026-II","8","0.57"
"E0751","A0188","Programacion","2026-II","16","0.92"
"E0752","A0188","Base de Datos","2026-II","18","0.89"
"E0753","A0189","Big Data","2026-II","9","0.97"
"E0754","A0189","Calidad de Software","2026-II","7","0.53"
"E0755","A0189","Programacion","2026-II","10","0.74"
"E0756","A0189","Base de Datos","2026-II","16","0.51"
"E0757","A0190","Big Data","2026-II","8","0.72"
"E0758","A0190","Calidad de Software","2026-II","19","0.86"
"E0759","A0190","Programacion","2026-II","16","0.57"
"E0760","A0190","Base de Datos","2026-II","10","0.56"
"E0761","A0191","Big Data","2026-II","19","0.86"
"E0762","A0191","Calidad de Software","2026-II","20","0.50"
"E0763","A0191","Programacion","2026-II","12","0.79"
"E0764","A0191","Base de Datos","2026-II","11","0.80"
"E0765","A0192","Big Data","2026-II","5","0.89"
"E0766","A0192","Calidad de Software","2026-II","15","0.73"
"E0767","A0192","Programacion","2026-II","6","0.51"
"E0768","A0192","Base de Datos","2026-II","20","0.82"
"E0769","A0193","Big Data","2026-II","17","0.95"
"E0770","A0193","Calidad de Software","2026-II","12","0.92"
"E0771","A0193","Programacion","2026-II","15","0.66"
"E0772","A0193","Base de Datos","2026-II","5","0.56"
"E0773","A0194","Big Data","2026-II","13","0.82"
"E0774","A0194","Calidad de Software","2026-II","19","0.56"
"E0775","A0194","Programacion","2026-II","17","0.50"
"E0776","A0194","Base de Datos","2026-II","19","0.84"
"E0777","A0195","Big Data","2026-II","20","0.60"
"E0778","A0195","Calidad de Software","2026-II","12","0.90"
"E0779","A0195","Programacion","2026-II","11","0.51"
"E0780","A0195","Base de Datos","2026-II","16","0.87"
"E0781","A0196","Big Data","2026-II","14","0.80"
"E0782","A0196","Calidad de Software","2026-II","16","0.76"
"E0783","A0196","Programacion","2026-II","14","0.82"
"E0784","A0196","Base de Datos","2026-II","10","0.60"
"E0785","A0197","Big Data","2026-II","18","0.62"
"E0786","A0197","Calidad de Software","2026-II","14","0.58"
"E0787","A0197","Programacion","2026-II","12","0.84"
"E0788","A0197","Base de Datos","2026-II","7","0.98"
"E0789","A0198","Big Data","2026-II","19","0.78"
"E0790","A0198","Calidad de Software","2026-II","17","0.99"
"E0791","A0198","Programacion","2026-II","8","0.84"
"E0792","A0198","Base de Datos","2026-II","11","0.60"
"E0793","A0199","Big Data","2026-II","17","0.87"
"E0794","A0199","Calidad de Software","2026-II","9","0.55"
"E0795","A0199","Programacion","2026-II","9","0.84"
"E0796","A0199","Base de Datos","2026-II","16","0.71"
"E0797","A0200","Big Data","2026-II","13","0.98"
"E0798","A0200","Calidad de Software","2026-II","5","0.92"
"E0799","A0200","Programacion","2026-II","16","0.68"
"E0800","A0200","Base de Datos","2026-II","25","0.66"
"E0801","A0201","Big Data","2026-II","9","0.62"
"E0802","A0201","Calidad de Software","2026-II","18","0.65"
"E0803","A0201","Programacion","2026-II","19","0.62"
"E0804","A0201","Base de Datos","2026-II","15","0.99"
"E0805","A0202","Big Data","2026-II","11","0.64"
"E0806","A0202","Calidad de Software","2026-II","13","0.93"
"E0807","A0202","Programacion","2026-II","6","0.66"
"E0808","A0202","Base de Datos","2026-II","7","0.56"
"E0809","A0203","Big Data","2026-II","12","0.88"
"E0810","A0203","Calidad de Software","2026-II","18","0.72"
"E0811","A0203","Programacion","2026-II","7","0.63"
"E0812","A0203","Base de Datos","2026-II","16","0.91"
"E0813","A0204","Big Data","2026-II","11","0.51"
"E0814","A0204","Calidad de Software","2026-II","9","0.91"
"E0815","A0204","Programacion","2026-II","14","0.90"
"E0816","A0204","Base de Datos","2026-II","18","0.63"
"E0817","A0205","Big Data","2026-II","20","0.80"
"E0818","A0205","Calidad de Software","2026-II","9","0.76"
"E0819","A0205","Programacion","2026-II","12","0.83"
"E0820","A0205","Base de Datos","2026-II","15","0.69"
"E0821","A0206","Big Data","2026-II","10","0.76"
"E0822","A0206","Calidad de Software","2026-II","20","0.89"
"E0823","A0206","Programacion","2026-II","9","0.58"
"E0824","A0206","Base de Datos","2026-II","9","0.85"
"E0825","A0207","Big Data","2026-II","10","0.92"
"E0826","A0207","Calidad de Software","2026-II","20","0.59"
"E0827","A0207","Programacion","2026-II","7","0.51"
"E0828","A0207","Base de Datos","2026-II","12","0.85"
"E0829","A0208","Big Data","2026-II","8","0.82"
"E0830","A0208","Calidad de Software","2026-II","14","0.96"
"E0831","A0208","Programacion","2026-II","14","0.55"
"E0832","A0208","Base de Datos","2026-II","12","0.81"
"E0833","A0209","Big Data","2026-II","6","0.74"
"E0834","A0209","Calidad de Software","2026-II","17","0.96"
"E0835","A0209","Programacion","2026-II","18","0.54"
"E0836","A0209","Base de Datos","2026-II","5","0.93"
"E0837","A0210","Big Data","2026-II","6","0.94"
"E0838","A0210","Calidad de Software","2026-II","20","0.65"
"E0839","A0210","Programacion","2026-II","12","0.76"
"E0840","A0210","Base de Datos","2026-II","17","0.62"
"E0841","A0211","Big Data","2026-II","20","0.82"
"E0842","A0211","Calidad de Software","2026-II","8","0.62"
"E0843","A0211","Programacion","2026-II","6","0.82"
"E0844","A0211","Base de Datos","2026-II","7","0.95"
"E0845","A0212","Big Data","2026-II","10","0.85"
"E0846","A0212","Calidad de Software","2026-II","19","0.95"
"E0847","A0212","Programacion","2026-II","6","0.52"
"E0848","A0212","Base de Datos","2026-II","12","0.89"
"E0849","A0213","Big Data","2026-II","16","0.73"
"E0850","A0213","Calidad de Software","2026-II","17","0.98"
"E0851","A0213","Programacion","2026-II","14","0.73"
"E0852","A0213","Base de Datos","2026-II","17","0.57"
"E0853","A0214","Big Data","2026-II","14","0.91"
"E0854","A0214","Calidad de Software","2026-II","18","0.99"
"E0855","A0214","Programacion","2026-II","5","0.66"
"E0856","A0214","Base de Datos","2026-II","16","0.76"
"E0857","A0215","Big Data","2026-II","8","0.81"
"E0858","A0215","Calidad de Software","2026-II","18","0.51"
"E0859","A0215","Programacion","2026-II","7","0.56"
"E0860","A0215","Base de Datos","2026-II","11","0.97"
"E0861","A0216","Big Data","2026-II","7","0.84"
"E0862","A0216","Calidad de Software","2026-II","13","0.93"
"E0863","A0216","Programacion","2026-II","9","0.55"
"E0864","A0216","Base de Datos","2026-II","9","0.70"
"E0865","A0217","Big Data","2026-II","16","0.77"
"E0866","A0217","Calidad de Software","2026-II","12","0.67"
"E0867","A0217","Programacion","2026-II","14","0.64"
"E0868","A0217","Base de Datos","2026-II","20","0.72"
"E0869","A0218","Big Data","2026-II","9","0.81"
"E0870","A0218","Calidad de Software","2026-II","6","0.81"
"E0871","A0218","Programacion","2026-II","18","0.68"
"E0872","A0218","Base de Datos","2026-II","14","0.85"
"E0873","A0219","Big Data","2026-II","11","0.56"
"E0874","A0219","Calidad de Software","2026-II","15","0.73"
"E0875","A0219","Programacion","2026-II","16","0.81"
"E0876","A0219","Base de Datos","2026-II","19","0.77"
"E0877","A0220","Big Data","2026-II","12","0.56"
"E0878","A0220","Calidad de Software","2026-II","19","0.77"
"E0879","A0220","Programacion","2026-II","12","0.70"
"E0880","A0220","Base de Datos","2026-II","16","0.94"
"E0881","A0221","Big Data","2026-II","20","0.95"
"E0882","A0221","Calidad de Software","2026-II","13","0.84"
"E0883","A0221","Programacion","2026-II","14","0.88"
"E0884","A0221","Base de Datos","2026-II","16","0.87"
"E0885","A0222","Big Data","2026-II","10","0.67"
"E0886","A0222","Calidad de Software","2026-II","5","0.56"
"E0887","A0222","Programacion","2026-II","13","0.76"
"E0888","A0222","Base de Datos","2026-II","10","0.54"
"E0889","A0223","Big Data","2026-II","11","0.68"
"E0890","A0223","Calidad de Software","2026-II","10","0.84"
"E0891","A0223","Programacion","2026-II","9","0.98"
"E0892","A0223","Base de Datos","2026-II","14","0.51"
"E0893","A0224","Big Data","2026-II","18","0.90"
"E0894","A0224","Calidad de Software","2026-II","15","0.72"
"E0895","A0224","Programacion","2026-II","16","0.58"
"E0896","A0224","Base de Datos","2026-II","20","0.96"
"E0897","A0225","Big Data","2026-II","17","0.51"
"E0898","A0225","Calidad de Software","2026-II","10","0.51"
"E0899","A0225","Programacion","2026-II","14","0.54"
"E0900","A0225","Base de Datos","2026-II","25","0.66"
"E0901","A0226","Big Data","2026-II","11","0.94"
"E0902","A0226","Calidad de Software","2026-II","14","1.00"
"E0903","A0226","Programacion","2026-II","6","0.53"
"E0904","A0226","Base de Datos","2026-II","15","0.71"
"E0905","A0227","Big Data","2026-II","7","0.58"
"E0906","A0227","Calidad de Software","2026-II","6","0.51"
"E0907","A0227","Programacion","2026-II","18","0.64"
"E0908","A0227","Base de Datos","2026-II","10","0.67"
"E0909","A0228","Big Data","2026-II","8","0.71"
"E0910","A0228","Calidad de Software","2026-II","5","0.76"
"E0911","A0228","Programacion","2026-II","14","0.59"
"E0912","A0228","Base de Datos","2026-II","7","0.79"
"E0913","A0229","Big Data","2026-II","9","0.72"
"E0914","A0229","Calidad de Software","2026-II","15","0.55"
"E0915","A0229","Programacion","2026-II","6","0.91"
"E0916","A0229","Base de Datos","2026-II","8","0.96"
"E0917","A0230","Big Data","2026-II","8","0.75"
"E0918","A0230","Calidad de Software","2026-II","14","0.86"
"E0919","A0230","Programacion","2026-II","9","0.58"
"E0920","A0230","Base de Datos","2026-II","14","0.72"
"E0921","A0231","Big Data","2026-II","17","0.59"
"E0922","A0231","Calidad de Software","2026-II","9","0.83"
"E0923","A0231","Programacion","2026-II","19","0.54"
"E0924","A0231","Base de Datos","2026-II","17","0.68"
"E0925","A0232","Big Data","2026-II","14","0.71"
"E0926","A0232","Calidad de Software","2026-II","20","0.63"
"E0927","A0232","Programacion","2026-II","10","0.56"
"E0928","A0232","Base de Datos","2026-II","8","0.71"
"E0929","A0233","Big Data","2026-II","7","0.87"
"E0930","A0233","Calidad de Software","2026-II","18","0.78"
"E0931","A0233","Programacion","2026-II","11","0.50"
"E0932","A0233","Base de Datos","2026-II","13","0.63"
"E0933","A0234","Big Data","2026-II","18","0.82"
"E0934","A0234","Calidad de Software","2026-II","12","0.65"
"E0935","A0234","Programacion","2026-II","13","0.90"
"E0936","A0234","Base de Datos","2026-II","7","0.71"
"E0937","A0235","Big Data","2026-II","14","0.77"
"E0938","A0235","Calidad de Software","2026-II","12","0.92"
"E0939","A0235","Programacion","2026-II","7","0.89"
"E0940","A0235","Base de Datos","2026-II","8","1.00"
"E0941","A0236","Big Data","2026-II","11","0.99"
"E0942","A0236","Calidad de Software","2026-II","20","0.56"
"E0943","A0236","Programacion","2026-II","8","0.67"
"E0944","A0236","Base de Datos","2026-II","12","0.55"
"E0945","A0237","Big Data","2026-II","17","0.65"
"E0946","A0237","Calidad de Software","2026-II","16","0.63"
"E0947","A0237","Programacion","2026-II","15","0.86"
"E0948","A0237","Base de Datos","2026-II","15","1.00"
"E0949","A0238","Big Data","2026-II","14","0.70"
"E0950","A0238","Calidad de Software","2026-II","15","0.91"
"E0951","A0238","Programacion","2026-II","5","0.91"
"E0952","A0238","Base de Datos","2026-II","12","0.55"
"E0953","A0239","Big Data","2026-II","6","0.76"
"E0954","A0239","Calidad de Software","2026-II","16","0.76"
"E0955","A0239","Programacion","2026-II","20","0.87"
"E0956","A0239","Base de Datos","2026-II","15","0.61"
"E0957","A0240","Big Data","2026-II","13","0.94"
"E0958","A0240","Calidad de Software","2026-II","6","0.72"
"E0959","A0240","Programacion","2026-II","8","0.86"
"E0960","A0240","Base de Datos","2026-II","5","0.53"
"E0961","A0241","Big Data","2026-II","15","0.67"
"E0962","A0241","Calidad de Software","2026-II","13","0.60"
"E0963","A0241","Programacion","2026-II","18","0.53"
"E0964","A0241","Base de Datos","2026-II","14","0.75"
"E0965","A0242","Big Data","2026-II","5","0.73"
"E0966","A0242","Calidad de Software","2026-II","8","1.00"
"E0967","A0242","Programacion","2026-II","5","0.83"
"E0968","A0242","Base de Datos","2026-II","16","0.79"
"E0969","A0243","Big Data","2026-II","10","0.76"
"E0970","A0243","Calidad de Software","2026-II","9","0.70"
"E0971","A0243","Programacion","2026-II","13","0.82"
"E0972","A0243","Base de Datos","2026-II","19","0.90"
"E0973","A0244","Big Data","2026-II","19","0.83"
"E0974","A0244","Calidad de Software","2026-II","15","0.63"
"E0975","A0244","Programacion","2026-II","7","0.63"
"E0976","A0244","Base de Datos","2026-II","15","0.87"
"E0977","A0245","Big Data","2026-II","11","0.51"
"E0978","A0245","Calidad de Software","2026-II","20","0.97"
"E0979","A0245","Programacion","2026-II","19","0.98"
"E0980","A0245","Base de Datos","2026-II","6","0.66"
"E0981","A0246","Big Data","2026-II","16","0.63"
"E0982","A0246","Calidad de Software","2026-II","20","0.92"
"E0983","A0246","Programacion","2026-II","16","0.79"
"E0984","A0246","Base de Datos","2026-II","10","0.98"
"E0985","A0247","Big Data","2026-II","7","0.51"
"E0986","A0247","Calidad de Software","2026-II","7","1.00"
"E0987","A0247","Programacion","2026-II","7","0.59"
"E0988","A0247","Base de Datos","2026-II","8","0.58"
"E0989","A0248","Big Data","2026-II","8","0.90"
"E0990","A0248","Calidad de Software","2026-II","19","0.75"
"E0991","A0248","Programacion","2026-II","17","0.96"
"E0992","A0248","Base de Datos","2026-II","19","0.88"
"E0993","A0249","Big Data","2026-II","17","0.55"
"E0994","A0249","Calidad de Software","2026-II","8","0.77"
"E0995","A0249","Programacion","2026-II","10","0.77"
"E0996","A0249","Base de Datos","2026-II","14","0.91"
"E0997","A0250","Big Data","2026-II","10","0.69"
"E0998","A0250","Calidad de Software","2026-II","8","0.93"
"E0999","A0250","Programacion","2026-II","18","0.97"
"E1000","A0250","Base de Datos","2026-II","25","0.56"
"E1001","A0251","Big Data","2026-II","14","0.88"
"E1002","A0251","Calidad de Software","2026-II","10","1.00"
"E1003","A0251","Programacion","2026-II","7","0.96"
"E1004","A0251","Base de Datos","2026-II","15","0.53"
"E1005","A0252","Big Data","2026-II","19","0.52"
"E1006","A0252","Calidad de Software","2026-II","13","0.83"
"E1007","A0252","Programacion","2026-II","10","0.82"
"E1008","A0252","Base de Datos","2026-II","15","0.64"
"E1009","A0253","Big Data","2026-II","7","0.96"
"E1010","A0253","Calidad de Software","2026-II","16","0.91"
"E1011","A0253","Programacion","2026-II","7","0.71"
"E1012","A0253","Base de Datos","2026-II","20","0.88"
"E1013","A0254","Big Data","2026-II","12","0.98"
"E1014","A0254","Calidad de Software","2026-II","16","0.63"
"E1015","A0254","Programacion","2026-II","14","0.55"
"E1016","A0254","Base de Datos","2026-II","5","0.90"
"E1017","A0255","Big Data","2026-II","11","0.66"
"E1018","A0255","Calidad de Software","2026-II","5","0.85"
"E1019","A0255","Programacion","2026-II","11","0.73"
"E1020","A0255","Base de Datos","2026-II","13","0.80"
"E1021","A0256","Big Data","2026-II","10","0.81"
"E1022","A0256","Calidad de Software","2026-II","18","0.97"
"E1023","A0256","Programacion","2026-II","11","0.74"
"E1024","A0256","Base de Datos","2026-II","13","0.65"
"E1025","A0257","Big Data","2026-II","15","0.96"
"E1026","A0257","Calidad de Software","2026-II","14","0.89"
"E1027","A0257","Programacion","2026-II","10","0.67"
"E1028","A0257","Base de Datos","2026-II","16","0.53"
"E1029","A0258","Big Data","2026-II","13","0.98"
"E1030","A0258","Calidad de Software","2026-II","9","0.58"
"E1031","A0258","Programacion","2026-II","6","0.96"
"E1032","A0258","Base de Datos","2026-II","12","0.68"
"E1033","A0259","Big Data","2026-II","17","0.53"
"E1034","A0259","Calidad de Software","2026-II","9","0.70"
"E1035","A0259","Programacion","2026-II","12","0.68"
"E1036","A0259","Base de Datos","2026-II","17","0.96"
"E1037","A0260","Big Data","2026-II","7","0.62"
"E1038","A0260","Calidad de Software","2026-II","9","0.78"
"E1039","A0260","Programacion","2026-II","8","0.85"
"E1040","A0260","Base de Datos","2026-II","5","0.69"
"E1041","A0261","Big Data","2026-II","20","0.94"
"E1042","A0261","Calidad de Software","2026-II","5","0.72"
"E1043","A0261","Programacion","2026-II","16","0.65"
"E1044","A0261","Base de Datos","2026-II","19","0.64"
"E1045","A0262","Big Data","2026-II","10","0.98"
"E1046","A0262","Calidad de Software","2026-II","20","0.75"
"E1047","A0262","Programacion","2026-II","16","0.89"
"E1048","A0262","Base de Datos","2026-II","20","0.75"
"E1049","A0263","Big Data","2026-II","18","0.57"
"E1050","A0263","Calidad de Software","2026-II","14","0.78"
"E1051","A0263","Programacion","2026-II","14","0.52"
"E1052","A0263","Base de Datos","2026-II","9","0.74"
"E1053","A0264","Big Data","2026-II","18","0.92"
"E1054","A0264","Calidad de Software","2026-II","14","0.91"
"E1055","A0264","Programacion","2026-II","14","0.58"
"E1056","A0264","Base de Datos","2026-II","18","0.56"
"E1057","A0265","Big Data","2026-II","12","0.59"
"E1058","A0265","Calidad de Software","2026-II","19","0.80"
"E1059","A0265","Programacion","2026-II","9","0.86"
"E1060","A0265","Base de Datos","2026-II","6","0.95"
"E1061","A0266","Big Data","2026-II","9","0.95"
"E1062","A0266","Calidad de Software","2026-II","7","0.94"
"E1063","A0266","Programacion","2026-II","10","0.88"
"E1064","A0266","Base de Datos","2026-II","8","0.64"
"E1065","A0267","Big Data","2026-II","12","0.90"
"E1066","A0267","Calidad de Software","2026-II","8","0.75"
"E1067","A0267","Programacion","2026-II","18","0.67"
"E1068","A0267","Base de Datos","2026-II","10","0.61"
"E1069","A0268","Big Data","2026-II","17","0.66"
"E1070","A0268","Calidad de Software","2026-II","13","0.95"
"E1071","A0268","Programacion","2026-II","9","0.95"
"E1072","A0268","Base de Datos","2026-II","20","0.55"
"E1073","A0269","Big Data","2026-II","11","0.56"
"E1074","A0269","Calidad de Software","2026-II","11","0.81"
"E1075","A0269","Programacion","2026-II","10","0.60"
"E1076","A0269","Base de Datos","2026-II","16","0.71"
"E1077","A0270","Big Data","2026-II","15","0.91"
"E1078","A0270","Calidad de Software","2026-II","19","0.64"
"E1079","A0270","Programacion","2026-II","18","0.92"
"E1080","A0270","Base de Datos","2026-II","6","0.97"
"E1081","A0271","Big Data","2026-II","12","0.65"
"E1082","A0271","Calidad de Software","2026-II","11","0.59"
"E1083","A0271","Programacion","2026-II","17","0.68"
"E1084","A0271","Base de Datos","2026-II","20","0.83"
"E1085","A0272","Big Data","2026-II","6","0.55"
"E1086","A0272","Calidad de Software","2026-II","6","0.76"
"E1087","A0272","Programacion","2026-II","8","0.71"
"E1088","A0272","Base de Datos","2026-II","19","0.82"
"E1089","A0273","Big Data","2026-II","19","0.82"
"E1090","A0273","Calidad de Software","2026-II","8","0.64"
"E1091","A0273","Programacion","2026-II","11","0.88"
"E1092","A0273","Base de Datos","2026-II","10","0.80"
"E1093","A0274","Big Data","2026-II","20","0.71"
"E1094","A0274","Calidad de Software","2026-II","7","0.90"
"E1095","A0274","Programacion","2026-II","11","0.82"
"E1096","A0274","Base de Datos","2026-II","9","0.98"
"E1097","A0275","Big Data","2026-II","9","0.55"
"E1098","A0275","Calidad de Software","2026-II","5","0.59"
"E1099","A0275","Programacion","2026-II","16","0.86"
"E1100","A0275","Base de Datos","2026-II","25","0.70"
"E1101","A0276","Big Data","2026-II","6","0.69"
"E1102","A0276","Calidad de Software","2026-II","8","0.83"
"E1103","A0276","Programacion","2026-II","10","0.58"
"E1104","A0276","Base de Datos","2026-II","13","0.72"
"E1105","A0277","Big Data","2026-II","5","0.73"
"E1106","A0277","Calidad de Software","2026-II","9","0.98"
"E1107","A0277","Programacion","2026-II","19","0.97"
"E1108","A0277","Base de Datos","2026-II","16","0.53"
"E1109","A0278","Big Data","2026-II","20","0.92"
"E1110","A0278","Calidad de Software","2026-II","13","0.71"
"E1111","A0278","Programacion","2026-II","7","0.70"
"E1112","A0278","Base de Datos","2026-II","8","0.84"
"E1113","A0279","Big Data","2026-II","7","0.60"
"E1114","A0279","Calidad de Software","2026-II","8","0.85"
"E1115","A0279","Programacion","2026-II","20","0.85"
"E1116","A0279","Base de Datos","2026-II","12","0.90"
"E1117","A0280","Big Data","2026-II","13","0.68"
"E1118","A0280","Calidad de Software","2026-II","7","0.86"
"E1119","A0280","Programacion","2026-II","19","0.92"
"E1120","A0280","Base de Datos","2026-II","11","0.51"
"E1121","A0281","Big Data","2026-II","7","0.51"
"E1122","A0281","Calidad de Software","2026-II","10","0.89"
"E1123","A0281","Programacion","2026-II","13","0.88"
"E1124","A0281","Base de Datos","2026-II","12","0.57"
"E1125","A0282","Big Data","2026-II","19","0.87"
"E1126","A0282","Calidad de Software","2026-II","18","0.55"
"E1127","A0282","Programacion","2026-II","13","0.95"
"E1128","A0282","Base de Datos","2026-II","20","0.80"
"E1129","A0283","Big Data","2026-II","11","0.86"
"E1130","A0283","Calidad de Software","2026-II","15","0.54"
"E1131","A0283","Programacion","2026-II","20","0.93"
"E1132","A0283","Base de Datos","2026-II","19","0.51"
"E1133","A0284","Big Data","2026-II","16","0.94"
"E1134","A0284","Calidad de Software","2026-II","13","0.63"
"E1135","A0284","Programacion","2026-II","9","0.77"
"E1136","A0284","Base de Datos","2026-II","9","0.91"
"E1137","A0285","Big Data","2026-II","16","0.75"
"E1138","A0285","Calidad de Software","2026-II","8","0.81"
"E1139","A0285","Programacion","2026-II","7","0.66"
"E1140","A0285","Base de Datos","2026-II","8","0.99"
"E1141","A0286","Big Data","2026-II","18","0.84"
"E1142","A0286","Calidad de Software","2026-II","16","0.93"
"E1143","A0286","Programacion","2026-II","16","0.93"
"E1144","A0286","Base de Datos","2026-II","14","0.64"
"E1145","A0287","Big Data","2026-II","16","0.71"
"E1146","A0287","Calidad de Software","2026-II","18","0.62"
"E1147","A0287","Programacion","2026-II","9","0.69"
"E1148","A0287","Base de Datos","2026-II","11","0.72"
"E1149","A0288","Big Data","2026-II","7","0.53"
"E1150","A0288","Calidad de Software","2026-II","9","0.87"
"E1151","A0288","Programacion","2026-II","6","0.85"
"E1152","A0288","Base de Datos","2026-II","10","0.78"
"E1153","A0289","Big Data","2026-II","15","0.54"
"E1154","A0289","Calidad de Software","2026-II","14","0.99"
"E1155","A0289","Programacion","2026-II","5","0.59"
"E1156","A0289","Base de Datos","2026-II","10","0.86"
"E1157","A0290","Big Data","2026-II","13","0.98"
"E1158","A0290","Calidad de Software","2026-II","20","0.96"
"E1159","A0290","Programacion","2026-II","12","0.91"
"E1160","A0290","Base de Datos","2026-II","12","0.54"
"E1161","A0291","Big Data","2026-II","8","0.50"
"E1162","A0291","Calidad de Software","2026-II","14","0.97"
"E1163","A0291","Programacion","2026-II","17","1.00"
"E1164","A0291","Base de Datos","2026-II","8","0.62"
"E1165","A0292","Big Data","2026-II","20","0.91"
"E1166","A0292","Calidad de Software","2026-II","8","0.59"
"E1167","A0292","Programacion","2026-II","16","0.79"
"E1168","A0292","Base de Datos","2026-II","18","0.84"
"E1169","A0293","Big Data","2026-II","13","0.84"
"E1170","A0293","Calidad de Software","2026-II","11","0.62"
"E1171","A0293","Programacion","2026-II","11","0.84"
"E1172","A0293","Base de Datos","2026-II","9","0.75"
"E1173","A0294","Big Data","2026-II","16","0.71"
"E1174","A0294","Calidad de Software","2026-II","8","0.86"
"E1175","A0294","Programacion","2026-II","14","0.79"
"E1176","A0294","Base de Datos","2026-II","18","0.91"
"E1177","A0295","Big Data","2026-II","14","0.99"
"E1178","A0295","Calidad de Software","2026-II","6","0.77"
"E1179","A0295","Programacion","2026-II","5","0.80"
"E1180","A0295","Base de Datos","2026-II","5","0.60"
"E1181","A0296","Big Data","2026-II","20","0.84"
"E1182","A0296","Calidad de Software","2026-II","5","0.68"
"E1183","A0296","Programacion","2026-II","18","0.54"
"E1184","A0296","Base de Datos","2026-II","18","0.57"
"E1185","A0297","Big Data","2026-II","14","0.78"
"E1186","A0297","Calidad de Software","2026-II","13","0.56"
"E1187","A0297","Programacion","2026-II","9","0.84"
"E1188","A0297","Base de Datos","2026-II","14","0.71"
"E1189","A0298","Big Data","2026-II","5","0.97"
"E1190","A0298","Calidad de Software","2026-II","8","0.65"
"E1191","A0298","Programacion","2026-II","14","0.83"
"E1192","A0298","Base de Datos","2026-II","15","0.63"
"E1193","A0299","Big Data","2026-II","6","0.69"
"E1194","A0299","Calidad de Software","2026-II","17","0.70"
"E1195","A0299","Programacion","2026-II","20","0.98"
"E1196","A0299","Base de Datos","2026-II","20","0.92"
"E1197","A0300","Big Data","2026-II","14","0.64"
"E1198","A0300","Calidad de Software","2026-II","13","0.82"
"E1199","A0300","Programacion","2026-II","12","0.87"
"E1200","A0300","Base de Datos","2026-II","25","0.93"
"E1201","A0301","Big Data","2026-II","7","0.72"
"E1202","A0301","Calidad de Software","2026-II","5","0.90"
"E1203","A0301","Programacion","2026-II","9","0.99"
"E1204","A0301","Base de Datos","2026-II","20","0.96"
"E1205","A0302","Big Data","2026-II","8","0.92"
"E1206","A0302","Calidad de Software","2026-II","8","0.78"
"E1207","A0302","Programacion","2026-II","6","0.77"
"E1208","A0302","Base de Datos","2026-II","16","0.85"
"E1209","A0303","Big Data","2026-II","10","0.85"
"E1210","A0303","Calidad de Software","2026-II","18","0.65"
"E1211","A0303","Programacion","2026-II","9","0.84"
"E1212","A0303","Base de Datos","2026-II","11","0.78"
"E1213","A0304","Big Data","2026-II","16","0.79"
"E1214","A0304","Calidad de Software","2026-II","13","0.74"
"E1215","A0304","Programacion","2026-II","7","0.88"
"E1216","A0304","Base de Datos","2026-II","9","0.59"
"E1217","A0305","Big Data","2026-II","13","0.65"
"E1218","A0305","Calidad de Software","2026-II","20","0.97"
"E1219","A0305","Programacion","2026-II","6","0.84"
"E1220","A0305","Base de Datos","2026-II","18","0.84"
"E1221","A0306","Big Data","2026-II","6","0.73"
"E1222","A0306","Calidad de Software","2026-II","9","0.90"
"E1223","A0306","Programacion","2026-II","7","0.56"
"E1224","A0306","Base de Datos","2026-II","14","0.88"
"E1225","A0307","Big Data","2026-II","11","0.58"
"E1226","A0307","Calidad de Software","2026-II","16","0.88"
"E1227","A0307","Programacion","2026-II","17","0.56"
"E1228","A0307","Base de Datos","2026-II","13","0.61"
"E1229","A0308","Big Data","2026-II","13","0.52"
"E1230","A0308","Calidad de Software","2026-II","11","0.69"
"E1231","A0308","Programacion","2026-II","16","0.54"
"E1232","A0308","Base de Datos","2026-II","8","0.69"
"E1233","A0309","Big Data","2026-II","16","0.68"
"E1234","A0309","Calidad de Software","2026-II","18","0.85"
"E1235","A0309","Programacion","2026-II","5","0.50"
"E1236","A0309","Base de Datos","2026-II","11","0.57"
"E1237","A0310","Big Data","2026-II","12","0.86"
"E1238","A0310","Calidad de Software","2026-II","19","0.89"
"E1239","A0310","Programacion","2026-II","9","0.93"
"E1240","A0310","Base de Datos","2026-II","20","0.57"
"E1241","A0311","Big Data","2026-II","9","0.91"
"E1242","A0311","Calidad de Software","2026-II","7","0.69"
"E1243","A0311","Programacion","2026-II","16","0.60"
"E1244","A0311","Base de Datos","2026-II","17","0.67"
"E1245","A0312","Big Data","2026-II","20","0.67"
"E1246","A0312","Calidad de Software","2026-II","7","0.99"
"E1247","A0312","Programacion","2026-II","16","0.96"
"E1248","A0312","Base de Datos","2026-II","16","0.56"
"E1249","A0313","Big Data","2026-II","19","0.61"
"E1250","A0313","Calidad de Software","2026-II","7","0.82"
"E1251","A0313","Programacion","2026-II","12","0.66"
"E1252","A0313","Base de Datos","2026-II","6","0.58"
"E1253","A0314","Big Data","2026-II","7","0.61"
"E1254","A0314","Calidad de Software","2026-II","18","0.81"
"E1255","A0314","Programacion","2026-II","17","0.56"
"E1256","A0314","Base de Datos","2026-II","12","1.00"
"E1257","A0315","Big Data","2026-II","7","0.85"
"E1258","A0315","Calidad de Software","2026-II","19","0.75"
"E1259","A0315","Programacion","2026-II","16","0.52"
"E1260","A0315","Base de Datos","2026-II","7","0.71"
"E1261","A0316","Big Data","2026-II","8","0.90"
"E1262","A0316","Calidad de Software","2026-II","17","0.88"
"E1263","A0316","Programacion","2026-II","18","0.96"
"E1264","A0316","Base de Datos","2026-II","13","0.51"
"E1265","A0317","Big Data","2026-II","15","0.77"
"E1266","A0317","Calidad de Software","2026-II","5","0.77"
"E1267","A0317","Programacion","2026-II","5","0.92"
"E1268","A0317","Base de Datos","2026-II","9","0.53"
"E1269","A0318","Big Data","2026-II","5","0.97"
"E1270","A0318","Calidad de Software","2026-II","15","0.75"
"E1271","A0318","Programacion","2026-II","9","0.55"
"E1272","A0318","Base de Datos","2026-II","8","0.61"
"E1273","A0319","Big Data","2026-II","9","1.00"
"E1274","A0319","Calidad de Software","2026-II","14","0.74"
"E1275","A0319","Programacion","2026-II","10","0.56"
"E1276","A0319","Base de Datos","2026-II","6","0.89"
"E1277","A0320","Big Data","2026-II","11","0.96"
"E1278","A0320","Calidad de Software","2026-II","15","0.66"
"E1279","A0320","Programacion","2026-II","9","0.92"
"E1280","A0320","Base de Datos","2026-II","13","0.94"
"E1281","A0321","Big Data","2026-II","9","0.77"
"E1282","A0321","Calidad de Software","2026-II","13","0.90"
"E1283","A0321","Programacion","2026-II","20","0.90"
"E1284","A0321","Base de Datos","2026-II","12","0.50"
"E1285","A0322","Big Data","2026-II","14","0.69"
"E1286","A0322","Calidad de Software","2026-II","18","0.92"
"E1287","A0322","Programacion","2026-II","15","0.74"
"E1288","A0322","Base de Datos","2026-II","17","0.66"
"E1289","A0323","Big Data","2026-II","10","0.77"
"E1290","A0323","Calidad de Software","2026-II","5","0.82"
"E1291","A0323","Programacion","2026-II","13","0.56"
"E1292","A0323","Base de Datos","2026-II","15","0.60"
"E1293","A0324","Big Data","2026-II","16","0.66"
"E1294","A0324","Calidad de Software","2026-II","6","0.82"
"E1295","A0324","Programacion","2026-II","9","0.58"
"E1296","A0324","Base de Datos","2026-II","5","0.75"
"E1297","A0325","Big Data","2026-II","17","0.80"
"E1298","A0325","Calidad de Software","2026-II","13","0.97"
"E1299","A0325","Programacion","2026-II","10","0.85"
"E1300","A0325","Base de Datos","2026-II","25","0.95"
"E1301","A0326","Big Data","2026-II","11","0.99"
"E1302","A0326","Calidad de Software","2026-II","18","0.61"
"E1303","A0326","Programacion","2026-II","20","0.60"
"E1304","A0326","Base de Datos","2026-II","11","0.75"
"E1305","A0327","Big Data","2026-II","12","0.58"
"E1306","A0327","Calidad de Software","2026-II","8","0.51"
"E1307","A0327","Programacion","2026-II","7","0.99"
"E1308","A0327","Base de Datos","2026-II","17","0.59"
"E1309","A0328","Big Data","2026-II","7","0.50"
"E1310","A0328","Calidad de Software","2026-II","8","0.58"
"E1311","A0328","Programacion","2026-II","7","0.76"
"E1312","A0328","Base de Datos","2026-II","8","0.84"
"E1313","A0329","Big Data","2026-II","17","0.95"
"E1314","A0329","Calidad de Software","2026-II","8","0.60"
"E1315","A0329","Programacion","2026-II","16","0.71"
"E1316","A0329","Base de Datos","2026-II","19","0.65"
"E1317","A0330","Big Data","2026-II","10","0.61"
"E1318","A0330","Calidad de Software","2026-II","10","0.72"
"E1319","A0330","Programacion","2026-II","8","0.76"
"E1320","A0330","Base de Datos","2026-II","6","0.87"
"E1321","A0331","Big Data","2026-II","20","0.93"
"E1322","A0331","Calidad de Software","2026-II","11","0.59"
"E1323","A0331","Programacion","2026-II","18","0.97"
"E1324","A0331","Base de Datos","2026-II","11","0.86"
"E1325","A0332","Big Data","2026-II","15","0.84"
"E1326","A0332","Calidad de Software","2026-II","11","0.60"
"E1327","A0332","Programacion","2026-II","13","0.90"
"E1328","A0332","Base de Datos","2026-II","8","0.80"
"E1329","A0333","Big Data","2026-II","20","0.63"
"E1330","A0333","Calidad de Software","2026-II","10","0.51"
"E1331","A0333","Programacion","2026-II","15","0.81"
"E1332","A0333","Base de Datos","2026-II","10","0.83"
"E1333","A0334","Big Data","2026-II","18","0.88"
"E1334","A0334","Calidad de Software","2026-II","13","0.55"
"E1335","A0334","Programacion","2026-II","12","0.93"
"E1336","A0334","Base de Datos","2026-II","12","0.67"
"E1337","A0335","Big Data","2026-II","9","0.68"
"E1338","A0335","Calidad de Software","2026-II","11","0.63"
"E1339","A0335","Programacion","2026-II","7","0.92"
"E1340","A0335","Base de Datos","2026-II","7","0.90"
"E1341","A0336","Big Data","2026-II","19","0.61"
"E1342","A0336","Calidad de Software","2026-II","5","0.51"
"E1343","A0336","Programacion","2026-II","20","0.72"
"E1344","A0336","Base de Datos","2026-II","14","0.92"
"E1345","A0337","Big Data","2026-II","8","0.75"
"E1346","A0337","Calidad de Software","2026-II","8","0.70"
"E1347","A0337","Programacion","2026-II","7","0.65"
"E1348","A0337","Base de Datos","2026-II","13","0.86"
"E1349","A0338","Big Data","2026-II","15","0.75"
"E1350","A0338","Calidad de Software","2026-II","13","0.91"
"E1351","A0338","Programacion","2026-II","18","1.00"
"E1352","A0338","Base de Datos","2026-II","7","0.61"
"E1353","A0339","Big Data","2026-II","5","0.84"
"E1354","A0339","Calidad de Software","2026-II","11","0.59"
"E1355","A0339","Programacion","2026-II","12","0.82"
"E1356","A0339","Base de Datos","2026-II","18","0.81"
"E1357","A0340","Big Data","2026-II","19","0.55"
"E1358","A0340","Calidad de Software","2026-II","10","0.62"
"E1359","A0340","Programacion","2026-II","17","0.51"
"E1360","A0340","Base de Datos","2026-II","18","0.89"
"E1361","A0341","Big Data","2026-II","12","0.79"
"E1362","A0341","Calidad de Software","2026-II","6","0.98"
"E1363","A0341","Programacion","2026-II","15","0.86"
"E1364","A0341","Base de Datos","2026-II","17","0.77"
"E1365","A0342","Big Data","2026-II","11","0.72"
"E1366","A0342","Calidad de Software","2026-II","6","0.61"
"E1367","A0342","Programacion","2026-II","9","0.59"
"E1368","A0342","Base de Datos","2026-II","18","0.93"
"E1369","A0343","Big Data","2026-II","11","0.87"
"E1370","A0343","Calidad de Software","2026-II","19","0.61"
"E1371","A0343","Programacion","2026-II","13","0.66"
"E1372","A0343","Base de Datos","2026-II","10","0.83"
"E1373","A0344","Big Data","2026-II","12","0.54"
"E1374","A0344","Calidad de Software","2026-II","6","0.67"
"E1375","A0344","Programacion","2026-II","17","0.73"
"E1376","A0344","Base de Datos","2026-II","7","0.86"
"E1377","A0345","Big Data","2026-II","11","0.73"
"E1378","A0345","Calidad de Software","2026-II","15","0.94"
"E1379","A0345","Programacion","2026-II","14","0.80"
"E1380","A0345","Base de Datos","2026-II","6","0.61"
"E1381","A0346","Big Data","2026-II","11","0.66"
"E1382","A0346","Calidad de Software","2026-II","8","0.96"
"E1383","A0346","Programacion","2026-II","5","0.68"
"E1384","A0346","Base de Datos","2026-II","11","0.64"
"E1385","A0347","Big Data","2026-II","20","0.83"
"E1386","A0347","Calidad de Software","2026-II","12","0.97"
"E1387","A0347","Programacion","2026-II","15","0.85"
"E1388","A0347","Base de Datos","2026-II","12","0.90"
"E1389","A0348","Big Data","2026-II","20","0.69"
"E1390","A0348","Calidad de Software","2026-II","12","0.81"
"E1391","A0348","Programacion","2026-II","10","0.69"
"E1392","A0348","Base de Datos","2026-II","19","0.98"
"E1393","A0349","Big Data","2026-II","6","0.65"
"E1394","A0349","Calidad de Software","2026-II","19","0.58"
"E1395","A0349","Programacion","2026-II","8","0.75"
"E1396","A0349","Base de Datos","2026-II","10","0.72"
"E1397","A0350","Big Data","2026-II","15","0.99"
"E1398","A0350","Calidad de Software","2026-II","6","0.56"
"E1399","A0350","Programacion","2026-II","11","0.50"
"E1400","A0350","Base de Datos","2026-II","25","0.97"
"E1401","A0351","Big Data","2026-II","14","0.61"
"E1402","A0351","Calidad de Software","2026-II","14","0.80"
"E1403","A0351","Programacion","2026-II","13","0.85"
"E1404","A0351","Base de Datos","2026-II","10","0.63"
"E1405","A0352","Big Data","2026-II","12","0.69"
"E1406","A0352","Calidad de Software","2026-II","7","0.91"
"E1407","A0352","Programacion","2026-II","12","0.69"
"E1408","A0352","Base de Datos","2026-II","18","0.66"
"E1409","A0353","Big Data","2026-II","15","0.58"
"E1410","A0353","Calidad de Software","2026-II","11","0.63"
"E1411","A0353","Programacion","2026-II","17","0.51"
"E1412","A0353","Base de Datos","2026-II","11","0.70"
"E1413","A0354","Big Data","2026-II","7","0.86"
"E1414","A0354","Calidad de Software","2026-II","5","0.74"
"E1415","A0354","Programacion","2026-II","19","0.52"
"E1416","A0354","Base de Datos","2026-II","17","0.50"
"E1417","A0355","Big Data","2026-II","9","0.86"
"E1418","A0355","Calidad de Software","2026-II","5","0.84"
"E1419","A0355","Programacion","2026-II","18","0.97"
"E1420","A0355","Base de Datos","2026-II","20","0.87"
"E1421","A0356","Big Data","2026-II","18","0.77"
"E1422","A0356","Calidad de Software","2026-II","19","0.93"
"E1423","A0356","Programacion","2026-II","20","0.61"
"E1424","A0356","Base de Datos","2026-II","17","0.94"
"E1425","A0357","Big Data","2026-II","10","0.65"
"E1426","A0357","Calidad de Software","2026-II","5","0.89"
"E1427","A0357","Programacion","2026-II","8","0.67"
"E1428","A0357","Base de Datos","2026-II","6","0.80"
"E1429","A0358","Big Data","2026-II","18","0.84"
"E1430","A0358","Calidad de Software","2026-II","13","0.97"
"E1431","A0358","Programacion","2026-II","15","0.62"
"E1432","A0358","Base de Datos","2026-II","9","0.75"
"E1433","A0359","Big Data","2026-II","10","0.62"
"E1434","A0359","Calidad de Software","2026-II","20","0.51"
"E1435","A0359","Programacion","2026-II","12","0.85"
"E1436","A0359","Base de Datos","2026-II","11","0.60"
"E1437","A0360","Big Data","2026-II","12","0.52"
"E1438","A0360","Calidad de Software","2026-II","18","0.83"
"E1439","A0360","Programacion","2026-II","17","0.53"
"E1440","A0360","Base de Datos","2026-II","15","0.75"
"E1441","A0361","Big Data","2026-II","15","0.65"
"E1442","A0361","Calidad de Software","2026-II","13","0.67"
"E1443","A0361","Programacion","2026-II","12","0.92"
"E1444","A0361","Base de Datos","2026-II","13","0.99"
"E1445","A0362","Big Data","2026-II","19","0.92"
"E1446","A0362","Calidad de Software","2026-II","16","0.84"
"E1447","A0362","Programacion","2026-II","11","0.70"
"E1448","A0362","Base de Datos","2026-II","12","0.95"
"E1449","A0363","Big Data","2026-II","10","0.90"
"E1450","A0363","Calidad de Software","2026-II","19","0.61"
"E1451","A0363","Programacion","2026-II","9","0.96"
"E1452","A0363","Base de Datos","2026-II","19","0.80"
"E1453","A0364","Big Data","2026-II","12","0.71"
"E1454","A0364","Calidad de Software","2026-II","12","0.90"
"E1455","A0364","Programacion","2026-II","11","0.51"
"E1456","A0364","Base de Datos","2026-II","5","0.60"
"E1457","A0365","Big Data","2026-II","16","0.88"
"E1458","A0365","Calidad de Software","2026-II","10","0.99"
"E1459","A0365","Programacion","2026-II","13","0.58"
"E1460","A0365","Base de Datos","2026-II","9","0.94"
"E1461","A0366","Big Data","2026-II","18","0.99"
"E1462","A0366","Calidad de Software","2026-II","9","0.74"
"E1463","A0366","Programacion","2026-II","17","0.66"
"E1464","A0366","Base de Datos","2026-II","17","0.83"
"E1465","A0367","Big Data","2026-II","15","0.58"
"E1466","A0367","Calidad de Software","2026-II","9","0.84"
"E1467","A0367","Programacion","2026-II","14","0.94"
"E1468","A0367","Base de Datos","2026-II","14","0.50"
"E1469","A0368","Big Data","2026-II","7","0.58"
"E1470","A0368","Calidad de Software","2026-II","12","0.91"
"E1471","A0368","Programacion","2026-II","16","0.64"
"E1472","A0368","Base de Datos","2026-II","5","0.63"
"E1473","A0369","Big Data","2026-II","14","0.51"
"E1474","A0369","Calidad de Software","2026-II","17","0.75"
"E1475","A0369","Programacion","2026-II","17","1.00"
"E1476","A0369","Base de Datos","2026-II","16","0.66"
"E1477","A0370","Big Data","2026-II","16","0.88"
"E1478","A0370","Calidad de Software","2026-II","14","0.91"
"E1479","A0370","Programacion","2026-II","14","0.62"
"E1480","A0370","Base de Datos","2026-II","8","0.80"
"E1481","A0371","Big Data","2026-II","13","0.69"
"E1482","A0371","Calidad de Software","2026-II","5","0.92"
"E1483","A0371","Programacion","2026-II","13","0.96"
"E1484","A0371","Base de Datos","2026-II","9","0.61"
"E1485","A0372","Big Data","2026-II","18","0.59"
"E1486","A0372","Calidad de Software","2026-II","7","0.72"
"E1487","A0372","Programacion","2026-II","9","0.84"
"E1488","A0372","Base de Datos","2026-II","17","0.51"
"E1489","A0373","Big Data","2026-II","13","0.66"
"E1490","A0373","Calidad de Software","2026-II","20","0.80"
"E1491","A0373","Programacion","2026-II","5","0.54"
"E1492","A0373","Base de Datos","2026-II","13","0.62"
"E1493","A0374","Big Data","2026-II","18","0.64"
"E1494","A0374","Calidad de Software","2026-II","16","0.66"
"E1495","A0374","Programacion","2026-II","6","0.96"
"E1496","A0374","Base de Datos","2026-II","5","0.61"
"E1497","A0375","Big Data","2026-II","14","0.87"
"E1498","A0375","Calidad de Software","2026-II","14","0.61"
"E1499","A0375","Programacion","2026-II","14","0.54"
"E1500","A0375","Base de Datos","2026-II","25","0.51"
"E1501","A0376","Big Data","2026-II","6","0.59"
"E1502","A0376","Calidad de Software","2026-II","12","0.67"
"E1503","A0376","Programacion","2026-II","8","0.52"
"E1504","A0376","Base de Datos","2026-II","7","0.63"
"E1505","A0377","Big Data","2026-II","5","0.67"
"E1506","A0377","Calidad de Software","2026-II","11","0.93"
"E1507","A0377","Programacion","2026-II","12","0.51"
"E1508","A0377","Base de Datos","2026-II","20","0.69"
"E1509","A0378","Big Data","2026-II","7","0.93"
"E1510","A0378","Calidad de Software","2026-II","13","0.92"
"E1511","A0378","Programacion","2026-II","11","0.56"
"E1512","A0378","Base de Datos","2026-II","18","1.00"
"E1513","A0379","Big Data","2026-II","12","0.76"
"E1514","A0379","Calidad de Software","2026-II","20","0.76"
"E1515","A0379","Programacion","2026-II","12","1.00"
"E1516","A0379","Base de Datos","2026-II","15","0.79"
"E1517","A0380","Big Data","2026-II","15","0.78"
"E1518","A0380","Calidad de Software","2026-II","8","0.96"
"E1519","A0380","Programacion","2026-II","14","0.71"
"E1520","A0380","Base de Datos","2026-II","6","0.69"
"E1521","A0381","Big Data","2026-II","16","0.74"
"E1522","A0381","Calidad de Software","2026-II","11","0.96"
"E1523","A0381","Programacion","2026-II","10","0.94"
"E1524","A0381","Base de Datos","2026-II","15","0.61"
"E1525","A0382","Big Data","2026-II","20","0.76"
"E1526","A0382","Calidad de Software","2026-II","14","0.54"
"E1527","A0382","Programacion","2026-II","18","0.54"
"E1528","A0382","Base de Datos","2026-II","8","0.66"
"E1529","A0383","Big Data","2026-II","11","0.88"
"E1530","A0383","Calidad de Software","2026-II","9","0.91"
"E1531","A0383","Programacion","2026-II","17","0.62"
"E1532","A0383","Base de Datos","2026-II","13","0.81"
"E1533","A0384","Big Data","2026-II","20","0.81"
"E1534","A0384","Calidad de Software","2026-II","11","0.98"
"E1535","A0384","Programacion","2026-II","15","0.57"
"E1536","A0384","Base de Datos","2026-II","12","0.94"
"E1537","A0385","Big Data","2026-II","6","0.68"
"E1538","A0385","Calidad de Software","2026-II","20","0.82"
"E1539","A0385","Programacion","2026-II","8","0.70"
"E1540","A0385","Base de Datos","2026-II","16","0.85"
"E1541","A0386","Big Data","2026-II","9","0.98"
"E1542","A0386","Calidad de Software","2026-II","18","0.70"
"E1543","A0386","Programacion","2026-II","8","0.51"
"E1544","A0386","Base de Datos","2026-II","17","0.90"
"E1545","A0387","Big Data","2026-II","19","0.78"
"E1546","A0387","Calidad de Software","2026-II","10","0.89"
"E1547","A0387","Programacion","2026-II","8","0.59"
"E1548","A0387","Base de Datos","2026-II","5","0.68"
"E1549","A0388","Big Data","2026-II","10","0.61"
"E1550","A0388","Calidad de Software","2026-II","11","0.51"
"E1551","A0388","Programacion","2026-II","14","0.77"
"E1552","A0388","Base de Datos","2026-II","19","0.63"
"E1553","A0389","Big Data","2026-II","6","0.52"
"E1554","A0389","Calidad de Software","2026-II","9","0.96"
"E1555","A0389","Programacion","2026-II","7","0.90"
"E1556","A0389","Base de Datos","2026-II","5","0.81"
"E1557","A0390","Big Data","2026-II","6","0.84"
"E1558","A0390","Calidad de Software","2026-II","9","0.83"
"E1559","A0390","Programacion","2026-II","13","0.87"
"E1560","A0390","Base de Datos","2026-II","8","0.98"
"E1561","A0391","Big Data","2026-II","15","0.65"
"E1562","A0391","Calidad de Software","2026-II","16","0.60"
"E1563","A0391","Programacion","2026-II","5","0.76"
"E1564","A0391","Base de Datos","2026-II","15","0.84"
"E1565","A0392","Big Data","2026-II","7","0.98"
"E1566","A0392","Calidad de Software","2026-II","12","0.81"
"E1567","A0392","Programacion","2026-II","19","0.95"
"E1568","A0392","Base de Datos","2026-II","16","0.95"
"E1569","A0393","Big Data","2026-II","16","0.75"
"E1570","A0393","Calidad de Software","2026-II","8","0.74"
"E1571","A0393","Programacion","2026-II","17","0.51"
"E1572","A0393","Base de Datos","2026-II","12","0.61"
"E1573","A0394","Big Data","2026-II","8","0.98"
"E1574","A0394","Calidad de Software","2026-II","16","0.70"
"E1575","A0394","Programacion","2026-II","9","0.68"
"E1576","A0394","Base de Datos","2026-II","6","0.88"
"E1577","A0395","Big Data","2026-II","10","0.74"
"E1578","A0395","Calidad de Software","2026-II","18","0.53"
"E1579","A0395","Programacion","2026-II","17","0.92"
"E1580","A0395","Base de Datos","2026-II","19","0.91"
"E1581","A0396","Big Data","2026-II","9","0.56"
"E1582","A0396","Calidad de Software","2026-II","18","0.74"
"E1583","A0396","Programacion","2026-II","5","0.76"
"E1584","A0396","Base de Datos","2026-II","17","0.52"
"E1585","A0397","Big Data","2026-II","18","0.62"
"E1586","A0397","Calidad de Software","2026-II","7","0.92"
"E1587","A0397","Programacion","2026-II","11","0.96"
"E1588","A0397","Base de Datos","2026-II","6","0.88"
"E1589","A0398","Big Data","2026-II","10","0.80"
"E1590","A0398","Calidad de Software","2026-II","12","0.94"
"E1591","A0398","Programacion","2026-II","20","0.54"
"E1592","A0398","Base de Datos","2026-II","15","0.91"
"E1593","A0399","Big Data","2026-II","18","0.58"
"E1594","A0399","Calidad de Software","2026-II","12","0.97"
"E1595","A0399","Programacion","2026-II","15","0.82"
"E1596","A0399","Base de Datos","2026-II","13","0.79"
"E1597","A0400","Big Data","2026-II","17","0.86"
"E1598","A0400","Calidad de Software","2026-II","16","0.67"
"E1599","A0400","Programacion","2026-II","17","0.90"
"E1600","A0400","Base de Datos","2026-II","25","0.67"
"E1601","A0401","Big Data","2026-II","5","0.99"
"E1602","A0401","Calidad de Software","2026-II","15","0.53"
"E1603","A0401","Programacion","2026-II","18","0.52"
"E1604","A0401","Base de Datos","2026-II","12","0.83"
"E1605","A0402","Big Data","2026-II","11","0.79"
"E1606","A0402","Calidad de Software","2026-II","15","0.96"
"E1607","A0402","Programacion","2026-II","16","0.78"
"E1608","A0402","Base de Datos","2026-II","15","0.52"
"E1609","A0403","Big Data","2026-II","8","0.62"
"E1610","A0403","Calidad de Software","2026-II","10","0.93"
"E1611","A0403","Programacion","2026-II","11","0.76"
"E1612","A0403","Base de Datos","2026-II","12","0.53"
"E1613","A0404","Big Data","2026-II","17","0.62"
"E1614","A0404","Calidad de Software","2026-II","7","0.85"
"E1615","A0404","Programacion","2026-II","12","0.96"
"E1616","A0404","Base de Datos","2026-II","13","0.67"
"E1617","A0405","Big Data","2026-II","19","0.75"
"E1618","A0405","Calidad de Software","2026-II","18","0.82"
"E1619","A0405","Programacion","2026-II","11","0.80"
"E1620","A0405","Base de Datos","2026-II","8","0.69"
"E1621","A0406","Big Data","2026-II","6","0.66"
"E1622","A0406","Calidad de Software","2026-II","8","0.94"
"E1623","A0406","Programacion","2026-II","17","0.65"
"E1624","A0406","Base de Datos","2026-II","6","0.90"
"E1625","A0407","Big Data","2026-II","20","0.67"
"E1626","A0407","Calidad de Software","2026-II","8","0.66"
"E1627","A0407","Programacion","2026-II","20","0.78"
"E1628","A0407","Base de Datos","2026-II","10","0.57"
"E1629","A0408","Big Data","2026-II","20","0.55"
"E1630","A0408","Calidad de Software","2026-II","19","0.53"
"E1631","A0408","Programacion","2026-II","14","0.50"
"E1632","A0408","Base de Datos","2026-II","12","0.76"
"E1633","A0409","Big Data","2026-II","11","0.90"
"E1634","A0409","Calidad de Software","2026-II","9","0.83"
"E1635","A0409","Programacion","2026-II","11","0.78"
"E1636","A0409","Base de Datos","2026-II","13","0.67"
"E1637","A0410","Big Data","2026-II","6","0.72"
"E1638","A0410","Calidad de Software","2026-II","10","0.77"
"E1639","A0410","Programacion","2026-II","11","0.60"
"E1640","A0410","Base de Datos","2026-II","15","0.88"
"E1641","A0411","Big Data","2026-II","10","0.99"
"E1642","A0411","Calidad de Software","2026-II","20","0.92"
"E1643","A0411","Programacion","2026-II","16","0.61"
"E1644","A0411","Base de Datos","2026-II","20","0.58"
"E1645","A0412","Big Data","2026-II","9","0.60"
"E1646","A0412","Calidad de Software","2026-II","6","0.63"
"E1647","A0412","Programacion","2026-II","20","0.89"
"E1648","A0412","Base de Datos","2026-II","11","0.73"
"E1649","A0413","Big Data","2026-II","7","0.56"
"E1650","A0413","Calidad de Software","2026-II","14","0.92"
"E1651","A0413","Programacion","2026-II","9","0.56"
"E1652","A0413","Base de Datos","2026-II","13","0.90"
"E1653","A0414","Big Data","2026-II","10","0.82"
"E1654","A0414","Calidad de Software","2026-II","14","0.53"
"E1655","A0414","Programacion","2026-II","5","0.86"
"E1656","A0414","Base de Datos","2026-II","17","0.98"
"E1657","A0415","Big Data","2026-II","16","0.82"
"E1658","A0415","Calidad de Software","2026-II","8","0.92"
"E1659","A0415","Programacion","2026-II","9","0.78"
"E1660","A0415","Base de Datos","2026-II","20","0.76"
"E1661","A0416","Big Data","2026-II","6","0.61"
"E1662","A0416","Calidad de Software","2026-II","14","0.83"
"E1663","A0416","Programacion","2026-II","16","0.70"
"E1664","A0416","Base de Datos","2026-II","7","0.98"
"E1665","A0417","Big Data","2026-II","10","1.00"
"E1666","A0417","Calidad de Software","2026-II","19","0.73"
"E1667","A0417","Programacion","2026-II","12","0.77"
"E1668","A0417","Base de Datos","2026-II","8","0.75"
"E1669","A0418","Big Data","2026-II","7","0.76"
"E1670","A0418","Calidad de Software","2026-II","16","0.99"
"E1671","A0418","Programacion","2026-II","13","0.95"
"E1672","A0418","Base de Datos","2026-II","9","0.50"
"E1673","A0419","Big Data","2026-II","9","0.81"
"E1674","A0419","Calidad de Software","2026-II","20","0.83"
"E1675","A0419","Programacion","2026-II","12","0.71"
"E1676","A0419","Base de Datos","2026-II","12","0.84"
"E1677","A0420","Big Data","2026-II","16","0.55"
"E1678","A0420","Calidad de Software","2026-II","16","0.74"
"E1679","A0420","Programacion","2026-II","5","0.88"
"E1680","A0420","Base de Datos","2026-II","18","0.81"
"E1681","A0421","Big Data","2026-II","15","0.78"
"E1682","A0421","Calidad de Software","2026-II","18","0.65"
"E1683","A0421","Programacion","2026-II","15","0.99"
"E1684","A0421","Base de Datos","2026-II","15","0.94"
"E1685","A0422","Big Data","2026-II","18","0.55"
"E1686","A0422","Calidad de Software","2026-II","8","0.66"
"E1687","A0422","Programacion","2026-II","12","0.61"
"E1688","A0422","Base de Datos","2026-II","8","0.89"
"E1689","A0423","Big Data","2026-II","12","0.97"
"E1690","A0423","Calidad de Software","2026-II","10","0.93"
"E1691","A0423","Programacion","2026-II","7","0.70"
"E1692","A0423","Base de Datos","2026-II","9","0.81"
"E1693","A0424","Big Data","2026-II","12","0.52"
"E1694","A0424","Calidad de Software","2026-II","7","0.78"
"E1695","A0424","Programacion","2026-II","16","0.82"
"E1696","A0424","Base de Datos","2026-II","16","0.85"
"E1697","A0425","Big Data","2026-II","18","0.88"
"E1698","A0425","Calidad de Software","2026-II","19","0.99"
"E1699","A0425","Programacion","2026-II","13","0.70"
"E1700","A0425","Base de Datos","2026-II","25","0.90"
"E1701","A0426","Big Data","2026-II","11","0.89"
"E1702","A0426","Calidad de Software","2026-II","9","0.82"
"E1703","A0426","Programacion","2026-II","7","0.54"
"E1704","A0426","Base de Datos","2026-II","14","0.82"
"E1705","A0427","Big Data","2026-II","13","0.87"
"E1706","A0427","Calidad de Software","2026-II","9","0.98"
"E1707","A0427","Programacion","2026-II","11","0.98"
"E1708","A0427","Base de Datos","2026-II","20","0.97"
"E1709","A0428","Big Data","2026-II","5","0.75"
"E1710","A0428","Calidad de Software","2026-II","15","0.81"
"E1711","A0428","Programacion","2026-II","15","0.95"
"E1712","A0428","Base de Datos","2026-II","18","0.84"
"E1713","A0429","Big Data","2026-II","15","0.85"
"E1714","A0429","Calidad de Software","2026-II","8","0.86"
"E1715","A0429","Programacion","2026-II","14","0.75"
"E1716","A0429","Base de Datos","2026-II","14","0.73"
"E1717","A0430","Big Data","2026-II","7","0.67"
"E1718","A0430","Calidad de Software","2026-II","9","0.56"
"E1719","A0430","Programacion","2026-II","9","0.69"
"E1720","A0430","Base de Datos","2026-II","14","0.94"
"E1721","A0431","Big Data","2026-II","19","0.79"
"E1722","A0431","Calidad de Software","2026-II","15","0.85"
"E1723","A0431","Programacion","2026-II","20","0.96"
"E1724","A0431","Base de Datos","2026-II","17","0.60"
"E1725","A0432","Big Data","2026-II","17","0.69"
"E1726","A0432","Calidad de Software","2026-II","12","0.52"
"E1727","A0432","Programacion","2026-II","17","0.52"
"E1728","A0432","Base de Datos","2026-II","7","0.83"
"E1729","A0433","Big Data","2026-II","19","0.54"
"E1730","A0433","Calidad de Software","2026-II","9","0.77"
"E1731","A0433","Programacion","2026-II","19","0.82"
"E1732","A0433","Base de Datos","2026-II","14","0.66"
"E1733","A0434","Big Data","2026-II","13","0.79"
"E1734","A0434","Calidad de Software","2026-II","13","1.00"
"E1735","A0434","Programacion","2026-II","18","0.91"
"E1736","A0434","Base de Datos","2026-II","17","0.58"
"E1737","A0435","Big Data","2026-II","11","1.00"
"E1738","A0435","Calidad de Software","2026-II","20","0.64"
"E1739","A0435","Programacion","2026-II","13","0.51"
"E1740","A0435","Base de Datos","2026-II","11","0.73"
"E1741","A0436","Big Data","2026-II","12","0.50"
"E1742","A0436","Calidad de Software","2026-II","18","0.84"
"E1743","A0436","Programacion","2026-II","20","0.94"
"E1744","A0436","Base de Datos","2026-II","18","0.52"
"E1745","A0437","Big Data","2026-II","17","0.89"
"E1746","A0437","Calidad de Software","2026-II","13","0.57"
"E1747","A0437","Programacion","2026-II","16","0.60"
"E1748","A0437","Base de Datos","2026-II","9","0.87"
"E1749","A0438","Big Data","2026-II","10","0.72"
"E1750","A0438","Calidad de Software","2026-II","17","0.95"
"E1751","A0438","Programacion","2026-II","6","0.90"
"E1752","A0438","Base de Datos","2026-II","16","0.99"
"E1753","A0439","Big Data","2026-II","17","0.71"
"E1754","A0439","Calidad de Software","2026-II","17","0.65"
"E1755","A0439","Programacion","2026-II","14","0.65"
"E1756","A0439","Base de Datos","2026-II","15","0.51"
"E1757","A0440","Big Data","2026-II","10","0.79"
"E1758","A0440","Calidad de Software","2026-II","13","0.55"
"E1759","A0440","Programacion","2026-II","20","0.98"
"E1760","A0440","Base de Datos","2026-II","9","0.75"
"E1761","A0441","Big Data","2026-II","8","0.79"
"E1762","A0441","Calidad de Software","2026-II","5","0.51"
"E1763","A0441","Programacion","2026-II","5","0.60"
"E1764","A0441","Base de Datos","2026-II","11","0.50"
"E1765","A0442","Big Data","2026-II","20","0.81"
"E1766","A0442","Calidad de Software","2026-II","20","0.74"
"E1767","A0442","Programacion","2026-II","7","0.61"
"E1768","A0442","Base de Datos","2026-II","13","0.61"
"E1769","A0443","Big Data","2026-II","12","0.83"
"E1770","A0443","Calidad de Software","2026-II","10","0.72"
"E1771","A0443","Programacion","2026-II","6","0.87"
"E1772","A0443","Base de Datos","2026-II","12","0.73"
"E1773","A0444","Big Data","2026-II","6","0.75"
"E1774","A0444","Calidad de Software","2026-II","12","0.96"
"E1775","A0444","Programacion","2026-II","14","0.52"
"E1776","A0444","Base de Datos","2026-II","10","0.86"
"E1777","A0445","Big Data","2026-II","14","0.61"
"E1778","A0445","Calidad de Software","2026-II","8","0.64"
"E1779","A0445","Programacion","2026-II","19","0.53"
"E1780","A0445","Base de Datos","2026-II","16","0.88"
"E1781","A0446","Big Data","2026-II","10","0.68"
"E1782","A0446","Calidad de Software","2026-II","13","0.55"
"E1783","A0446","Programacion","2026-II","8","0.81"
"E1784","A0446","Base de Datos","2026-II","19","0.74"
"E1785","A0447","Big Data","2026-II","20","0.95"
"E1786","A0447","Calidad de Software","2026-II","12","0.94"
"E1787","A0447","Programacion","2026-II","12","0.99"
"E1788","A0447","Base de Datos","2026-II","12","0.88"
"E1789","A0448","Big Data","2026-II","8","0.62"
"E1790","A0448","Calidad de Software","2026-II","12","1.00"
"E1791","A0448","Programacion","2026-II","8","0.86"
"E1792","A0448","Base de Datos","2026-II","9","0.91"
"E1793","A0449","Big Data","2026-II","14","0.91"
"E1794","A0449","Calidad de Software","2026-II","12","0.54"
"E1795","A0449","Programacion","2026-II","20","0.66"
"E1796","A0449","Base de Datos","2026-II","5","0.58"
"E1797","A0450","Big Data","2026-II","16","0.65"
"E1798","A0450","Calidad de Software","2026-II","6","0.80"
"E1799","A0450","Programacion","2026-II","12","0.75"
"E1800","A0450","Base de Datos","2026-II","25","0.81"
"E1801","A0451","Big Data","2026-II","6","0.95"
"E1802","A0451","Calidad de Software","2026-II","10","0.87"
"E1803","A0451","Programacion","2026-II","16","0.64"
"E1804","A0451","Base de Datos","2026-II","18","0.94"
"E1805","A0452","Big Data","2026-II","17","0.72"
"E1806","A0452","Calidad de Software","2026-II","17","0.66"
"E1807","A0452","Programacion","2026-II","17","0.51"
"E1808","A0452","Base de Datos","2026-II","17","0.94"
"E1809","A0453","Big Data","2026-II","19","0.80"
"E1810","A0453","Calidad de Software","2026-II","5","0.64"
"E1811","A0453","Programacion","2026-II","14","0.74"
"E1812","A0453","Base de Datos","2026-II","10","0.54"
"E1813","A0454","Big Data","2026-II","7","0.84"
"E1814","A0454","Calidad de Software","2026-II","15","0.62"
"E1815","A0454","Programacion","2026-II","6","0.89"
"E1816","A0454","Base de Datos","2026-II","13","0.81"
"E1817","A0455","Big Data","2026-II","10","0.66"
"E1818","A0455","Calidad de Software","2026-II","8","0.68"
"E1819","A0455","Programacion","2026-II","17","0.56"
"E1820","A0455","Base de Datos","2026-II","6","0.87"
"E1821","A0456","Big Data","2026-II","5","0.58"
"E1822","A0456","Calidad de Software","2026-II","5","0.89"
"E1823","A0456","Programacion","2026-II","12","0.74"
"E1824","A0456","Base de Datos","2026-II","17","0.62"
"E1825","A0457","Big Data","2026-II","17","0.72"
"E1826","A0457","Calidad de Software","2026-II","9","0.76"
"E1827","A0457","Programacion","2026-II","6","0.82"
"E1828","A0457","Base de Datos","2026-II","10","0.68"
"E1829","A0458","Big Data","2026-II","9","0.60"
"E1830","A0458","Calidad de Software","2026-II","11","0.96"
"E1831","A0458","Programacion","2026-II","7","0.86"
"E1832","A0458","Base de Datos","2026-II","5","0.83"
"E1833","A0459","Big Data","2026-II","10","0.78"
"E1834","A0459","Calidad de Software","2026-II","19","0.65"
"E1835","A0459","Programacion","2026-II","18","0.66"
"E1836","A0459","Base de Datos","2026-II","15","0.88"
"E1837","A0460","Big Data","2026-II","12","0.93"
"E1838","A0460","Calidad de Software","2026-II","18","0.96"
"E1839","A0460","Programacion","2026-II","12","0.66"
"E1840","A0460","Base de Datos","2026-II","10","0.60"
"E1841","A0461","Big Data","2026-II","8","0.58"
"E1842","A0461","Calidad de Software","2026-II","19","0.89"
"E1843","A0461","Programacion","2026-II","19","0.74"
"E1844","A0461","Base de Datos","2026-II","13","0.83"
"E1845","A0462","Big Data","2026-II","5","0.57"
"E1846","A0462","Calidad de Software","2026-II","15","0.82"
"E1847","A0462","Programacion","2026-II","20","0.77"
"E1848","A0462","Base de Datos","2026-II","12","0.88"
"E1849","A0463","Big Data","2026-II","16","0.64"
"E1850","A0463","Calidad de Software","2026-II","7","0.94"
"E1851","A0463","Programacion","2026-II","20","0.92"
"E1852","A0463","Base de Datos","2026-II","14","0.90"
"E1853","A0464","Big Data","2026-II","8","0.68"
"E1854","A0464","Calidad de Software","2026-II","15","0.87"
"E1855","A0464","Programacion","2026-II","12","0.90"
"E1856","A0464","Base de Datos","2026-II","15","0.92"
"E1857","A0465","Big Data","2026-II","10","0.66"
"E1858","A0465","Calidad de Software","2026-II","8","0.66"
"E1859","A0465","Programacion","2026-II","12","0.92"
"E1860","A0465","Base de Datos","2026-II","19","0.55"
"E1861","A0466","Big Data","2026-II","20","0.82"
"E1862","A0466","Calidad de Software","2026-II","14","0.76"
"E1863","A0466","Programacion","2026-II","20","1.00"
"E1864","A0466","Base de Datos","2026-II","14","0.50"
"E1865","A0467","Big Data","2026-II","9","0.52"
"E1866","A0467","Calidad de Software","2026-II","12","0.95"
"E1867","A0467","Programacion","2026-II","6","0.68"
"E1868","A0467","Base de Datos","2026-II","12","0.53"
"E1869","A0468","Big Data","2026-II","9","0.94"
"E1870","A0468","Calidad de Software","2026-II","18","0.50"
"E1871","A0468","Programacion","2026-II","15","0.67"
"E1872","A0468","Base de Datos","2026-II","12","0.88"
"E1873","A0469","Big Data","2026-II","10","0.83"
"E1874","A0469","Calidad de Software","2026-II","7","0.66"
"E1875","A0469","Programacion","2026-II","5","0.92"
"E1876","A0469","Base de Datos","2026-II","7","0.82"
"E1877","A0470","Big Data","2026-II","19","0.89"
"E1878","A0470","Calidad de Software","2026-II","6","0.61"
"E1879","A0470","Programacion","2026-II","20","0.55"
"E1880","A0470","Base de Datos","2026-II","20","0.89"
"E1881","A0471","Big Data","2026-II","9","0.53"
"E1882","A0471","Calidad de Software","2026-II","9","0.65"
"E1883","A0471","Programacion","2026-II","13","0.69"
"E1884","A0471","Base de Datos","2026-II","17","0.83"
"E1885","A0472","Big Data","2026-II","14","0.60"
"E1886","A0472","Calidad de Software","2026-II","12","0.79"
"E1887","A0472","Programacion","2026-II","18","0.61"
"E1888","A0472","Base de Datos","2026-II","18","0.51"
"E1889","A0473","Big Data","2026-II","10","0.65"
"E1890","A0473","Calidad de Software","2026-II","15","0.69"
"E1891","A0473","Programacion","2026-II","18","0.96"
"E1892","A0473","Base de Datos","2026-II","12","0.71"
"E1893","A0474","Big Data","2026-II","19","0.84"
"E1894","A0474","Calidad de Software","2026-II","15","0.72"
"E1895","A0474","Programacion","2026-II","9","0.77"
"E1896","A0474","Base de Datos","2026-II","5","0.55"
"E1897","A0475","Big Data","2026-II","20","1.00"
"E1898","A0475","Calidad de Software","2026-II","18","0.90"
"E1899","A0475","Programacion","2026-II","13","0.71"
"E1900","A0475","Base de Datos","2026-II","25","0.61"
"E1901","A0476","Big Data","2026-II","12","0.51"
"E1902","A0476","Calidad de Software","2026-II","6","0.59"
"E1903","A0476","Programacion","2026-II","6","0.85"
"E1904","A0476","Base de Datos","2026-II","5","0.75"
"E1905","A0477","Big Data","2026-II","9","0.83"
"E1906","A0477","Calidad de Software","2026-II","16","0.89"
"E1907","A0477","Programacion","2026-II","10","0.50"
"E1908","A0477","Base de Datos","2026-II","5","0.71"
"E1909","A0478","Big Data","2026-II","20","0.82"
"E1910","A0478","Calidad de Software","2026-II","19","0.83"
"E1911","A0478","Programacion","2026-II","6","0.69"
"E1912","A0478","Base de Datos","2026-II","13","0.60"
"E1913","A0479","Big Data","2026-II","17","0.97"
"E1914","A0479","Calidad de Software","2026-II","7","0.83"
"E1915","A0479","Programacion","2026-II","5","0.50"
"E1916","A0479","Base de Datos","2026-II","18","0.78"
"E1917","A0480","Big Data","2026-II","7","0.83"
"E1918","A0480","Calidad de Software","2026-II","9","0.57"
"E1919","A0480","Programacion","2026-II","14","0.81"
"E1920","A0480","Base de Datos","2026-II","15","0.61"
"E1921","A0481","Big Data","2026-II","10","0.56"
"E1922","A0481","Calidad de Software","2026-II","19","0.59"
"E1923","A0481","Programacion","2026-II","10","0.84"
"E1924","A0481","Base de Datos","2026-II","17","0.71"
"E1925","A0482","Big Data","2026-II","5","0.87"
"E1926","A0482","Calidad de Software","2026-II","11","0.76"
"E1927","A0482","Programacion","2026-II","14","0.58"
"E1928","A0482","Base de Datos","2026-II","8","0.92"
"E1929","A0483","Big Data","2026-II","9","0.70"
"E1930","A0483","Calidad de Software","2026-II","10","0.68"
"E1931","A0483","Programacion","2026-II","13","0.58"
"E1932","A0483","Base de Datos","2026-II","14","0.59"
"E1933","A0484","Big Data","2026-II","5","1.00"
"E1934","A0484","Calidad de Software","2026-II","8","0.92"
"E1935","A0484","Programacion","2026-II","11","0.96"
"E1936","A0484","Base de Datos","2026-II","12","0.70"
"E1937","A0485","Big Data","2026-II","12","1.00"
"E1938","A0485","Calidad de Software","2026-II","6","0.77"
"E1939","A0485","Programacion","2026-II","8","0.83"
"E1940","A0485","Base de Datos","2026-II","19","0.67"
"E1941","A0486","Big Data","2026-II","17","0.56"
"E1942","A0486","Calidad de Software","2026-II","8","0.90"
"E1943","A0486","Programacion","2026-II","6","0.67"
"E1944","A0486","Base de Datos","2026-II","14","0.96"
"E1945","A0487","Big Data","2026-II","12","0.60"
"E1946","A0487","Calidad de Software","2026-II","8","0.66"
"E1947","A0487","Programacion","2026-II","9","0.84"
"E1948","A0487","Base de Datos","2026-II","18","0.95"
"E1949","A0488","Big Data","2026-II","6","0.88"
"E1950","A0488","Calidad de Software","2026-II","17","0.68"
"E1951","A0488","Programacion","2026-II","8","0.79"
"E1952","A0488","Base de Datos","2026-II","15","0.98"
"E1953","A0489","Big Data","2026-II","17","0.51"
"E1954","A0489","Calidad de Software","2026-II","8","0.66"
"E1955","A0489","Programacion","2026-II","12","0.60"
"E1956","A0489","Base de Datos","2026-II","6","0.75"
"E1957","A0490","Big Data","2026-II","8","0.85"
"E1958","A0490","Calidad de Software","2026-II","15","0.92"
"E1959","A0490","Programacion","2026-II","17","0.76"
"E1960","A0490","Base de Datos","2026-II","17","0.89"
"E1961","A0491","Big Data","2026-II","18","0.75"
"E1962","A0491","Calidad de Software","2026-II","20","0.65"
"E1963","A0491","Programacion","2026-II","8","0.91"
"E1964","A0491","Base de Datos","2026-II","19","0.87"
"E1965","A0492","Big Data","2026-II","5","0.83"
"E1966","A0492","Calidad de Software","2026-II","9","0.97"
"E1967","A0492","Programacion","2026-II","17","0.55"
"E1968","A0492","Base de Datos","2026-II","12","0.66"
"E1969","A0493","Big Data","2026-II","10","0.97"
"E1970","A0493","Calidad de Software","2026-II","20","0.79"
"E1971","A0493","Programacion","2026-II","5","0.82"
"E1972","A0493","Base de Datos","2026-II","6","0.75"
"E1973","A0494","Big Data","2026-II","12","0.79"
"E1974","A0494","Calidad de Software","2026-II","16","0.73"
"E1975","A0494","Programacion","2026-II","15","0.77"
"E1976","A0494","Base de Datos","2026-II","16","0.88"
"E1977","A0495","Big Data","2026-II","5","0.92"
"E1978","A0495","Calidad de Software","2026-II","6","0.56"
"E1979","A0495","Programacion","2026-II","17","0.95"
"E1980","A0495","Base de Datos","2026-II","11","0.78"
"E1981","A0496","Big Data","2026-II","20","0.78"
"E1982","A0496","Calidad de Software","2026-II","6","0.82"
"E1983","A0496","Programacion","2026-II","19","0.73"
"E1984","A0496","Base de Datos","2026-II","6","0.89"
"E1985","A0497","Big Data","2026-II","13","0.94"
"E1986","A0497","Calidad de Software","2026-II","13","0.95"
"E1987","A0497","Programacion","2026-II","16","0.55"
"E1988","A0497","Base de Datos","2026-II","18","0.87"
"E1989","A0498","Big Data","2026-II","14","0.89"
"E1990","A0498","Calidad de Software","2026-II","16","0.61"
"E1991","A0498","Programacion","2026-II","10","0.91"
"E1992","A0498","Base de Datos","2026-II","16","0.51"
"E1993","A0499","Big Data","2026-II","20","0.56"
"E1994","A0499","Calidad de Software","2026-II","7","0.67"
"E1995","A0499","Programacion","2026-II","5","0.72"
"E1996","A0499","Base de Datos","2026-II","10","0.94"
"E1997","A0500","Big Data","2026-II","19","0.52"
"E1998","A0500","Calidad de Software","2026-II","18","0.64"
"E1999","A0500","Programacion","2026-II","17","0.90"
"E0001","A0500","Base de Datos","2026-II","25","0.63"
