estudiante_id,curso_id,periodo,evaluacion,peso,nota,fecha_registro
VG260001,APS,2026-II,EC1,0.20,20,2026-09-14
VG260001,APS,2026-II,EC2,0.20,17,2026-10-19
VG260001,APS,2026-II,EP,0.25,20,2026-10-12
VG260001,APS,2026-II,EF,0.35,17,2026-12-07
VG260001,TBD,2026-II,EC1,0.20,17,2026-09-15
VG260001,TBD,2026-II,EC2,0.20,18,2026-10-20
VG260001,TBD,2026-II,EP,0.25,20,2026-10-13
VG260001,TBD,2026-II,EF,0.35,16,2026-12-08
VG260001,FIA,2026-II,EC1,0.20,15,2026-09-16
VG260001,FIA,2026-II,EC2,0.20,17,2026-10-21
VG260001,FIA,2026-II,EP,0.25,17,2026-10-14
VG260001,FIA,2026-II,EF,0.35,14,2026-12-09
VG260001,SDE,2026-II,EC1,0.20,16,2026-09-17
VG260001,SDE,2026-II,EC2,0.20,18,2026-10-22
VG260001,SDE,2026-II,EP,0.25,18,2026-10-15
VG260001,SDE,2026-II,EF,0.35,17,2026-12-10
VG260001,FCS,2026-II,EC1,0.20,18,2026-09-18
VG260001,FCS,2026-II,EC2,0.20,19,2026-10-23
VG260001,FCS,2026-II,EP,0.25,19,2026-10-16
VG260001,FCS,2026-II,EF,0.35,17,2026-12-11
VG260001,EIA,2026-II,EC1,0.20,17,2026-09-14
VG260001,EIA,2026-II,EC2,0.20,17,2026-10-19
VG260001,EIA,2026-II,EP,0.25,16,2026-10-12
VG260001,EIA,2026-II,EF,0.35,16,2026-12-07
VG260001,CII,2026-II,EC1,0.20,20,2026-09-15
VG260001,CII,2026-II,EC2,0.20,18,2026-10-20
VG260001,CII,2026-II,EP,0.25,18,2026-10-13
VG260001,CII,2026-II,EF,0.35,16,2026-12-08
VG260001,EIT,2026-II,EC1,0.20,20,2026-09-16
VG260001,EIT,2026-II,EC2,0.20,20,2026-10-21
VG260001,EIT,2026-II,EP,0.25,20,2026-10-14
VG260001,EIT,2026-II,EF,0.35,,
VG260001,EFSRT5,2026-II,EC1,0.20,19,2026-09-17
VG260001,EFSRT5,2026-II,EC2,0.20,20,2026-10-22
VG260001,EFSRT5,2026-II,EP,0.25,19,2026-10-15
VG260001,EFSRT5,2026-II,EF,0.35,,
VG260002,APS,2026-II,EC1,0.20,14,2026-09-14
VG260002,APS,2026-II,EC2,0.20,12,2026-10-19
VG260002,APS,2026-II,EP,0.25,10,2026-10-12
VG260002,APS,2026-II,EF,0.35,10,2026-12-07
VG260002,TBD,2026-II,EC1,0.20,10,2026-09-15
VG260002,TBD,2026-II,EC2,0.20,10,2026-10-20
VG260002,TBD,2026-II,EP,0.25,12,2026-10-13
VG260002,TBD,2026-II,EF,0.35,9,2026-12-08
VG260002,FIA,2026-II,EC1,0.20,7,2026-09-16
VG260002,FIA,2026-II,EC2,0.20,10,2026-10-21
VG260002,FIA,2026-II,EP,0.25,12,2026-10-14
VG260002,FIA,2026-II,EF,0.35,11,2026-12-09
VG260002,SDE,2026-II,EC1,0.20,10,2026-09-17
VG260002,SDE,2026-II,EC2,0.20,13,2026-10-22
VG260002,SDE,2026-II,EP,0.25,11,2026-10-15
VG260002,SDE,2026-II,EF,0.35,12,2026-12-10
VG260002,FCS,2026-II,EC1,0.20,9,2026-09-18
VG260002,FCS,2026-II,EC2,0.20,13,2026-10-23
VG260002,FCS,2026-II,EP,0.25,10,2026-10-16
VG260002,FCS,2026-II,EF,0.35,13,2026-12-11
VG260002,EIA,2026-II,EC1,0.20,8,2026-09-14
VG260002,EIA,2026-II,EC2,0.20,12,2026-10-19
VG260002,EIA,2026-II,EP,0.25,11,2026-10-12
VG260002,EIA,2026-II,EF,0.35,13,2026-12-07
VG260002,CII,2026-II,EC1,0.20,10,2026-09-15
VG260002,CII,2026-II,EC2,0.20,12,2026-10-20
VG260002,CII,2026-II,EP,0.25,9,2026-10-13
VG260002,CII,2026-II,EF,0.35,11,2026-12-08
VG260002,EIT,2026-II,EC1,0.20,12,2026-09-16
VG260002,EIT,2026-II,EC2,0.20,12,2026-10-21
VG260002,EIT,2026-II,EP,0.25,14,2026-10-14
VG260002,EIT,2026-II,EF,0.35,,
VG260002,EFSRT5,2026-II,EC1,0.20,9,2026-09-17
VG260002,EFSRT5,2026-II,EC2,0.20,13,2026-10-22
VG260002,EFSRT5,2026-II,EP,0.25,11,2026-10-15
VG260002,EFSRT5,2026-II,EF,0.35,,
VG260003,APS,2026-II,EC1,0.20,9,2026-09-14
VG260003,APS,2026-II,EC2,0.20,9,2026-10-19
VG260003,APS,2026-II,EP,0.25,12,2026-10-12
VG260003,APS,2026-II,EF,0.35,8,2026-12-07
VG260003,TBD,2026-II,EC1,0.20,9,2026-09-15
VG260003,TBD,2026-II,EC2,0.20,12,2026-10-20
VG260003,TBD,2026-II,EP,0.25,8,2026-10-13
VG260003,TBD,2026-II,EF,0.35,10,2026-12-08
VG260003,FIA,2026-II,EC1,0.20,7,2026-09-16
VG260003,FIA,2026-II,EC2,0.20,13,2026-10-21
VG260003,FIA,2026-II,EP,0.25,8,2026-10-14
VG260003,FIA,2026-II,EF,0.35,7,2026-12-09
VG260003,SDE,2026-II,EC1,0.20,13,2026-09-17
VG260003,SDE,2026-II,EC2,0.20,12,2026-10-22
VG260003,SDE,2026-II,EP,0.25,9,2026-10-15
VG260003,SDE,2026-II,EF,0.35,9,2026-12-10
VG260003,FCS,2026-II,EC1,0.20,14,2026-09-18
VG260003,FCS,2026-II,EC2,0.20,11,2026-10-23
VG260003,FCS,2026-II,EP,0.25,13,2026-10-16
VG260003,FCS,2026-II,EF,0.35,11,2026-12-11
VG260003,EIA,2026-II,EC1,0.20,8,2026-09-14
VG260003,EIA,2026-II,EC2,0.20,7,2026-10-19
VG260003,EIA,2026-II,EP,0.25,8,2026-10-12
VG260003,EIA,2026-II,EF,0.35,9,2026-12-07
VG260003,CII,2026-II,EC1,0.20,12,2026-09-15
VG260003,CII,2026-II,EC2,0.20,12,2026-10-20
VG260003,CII,2026-II,EP,0.25,10,2026-10-13
VG260003,CII,2026-II,EF,0.35,12,2026-12-08
VG260003,EIT,2026-II,EC1,0.20,12,2026-09-16
VG260003,EIT,2026-II,EC2,0.20,11,2026-10-21
VG260003,EIT,2026-II,EP,0.25,8,2026-10-14
VG260003,EIT,2026-II,EF,0.35,,
VG260003,EFSRT5,2026-II,EC1,0.20,9,2026-09-17
VG260003,EFSRT5,2026-II,EC2,0.20,8,2026-10-22
VG260003,EFSRT5,2026-II,EP,0.25,7,2026-10-15
VG260003,EFSRT5,2026-II,EF,0.35,,
VG260004,APS,2026-II,EC1,0.20,18,2026-09-14
VG260004,APS,2026-II,EC2,0.20,13,2026-10-19
VG260004,APS,2026-II,EP,0.25,14,2026-10-12
VG260004,APS,2026-II,EF,0.35,13,2026-12-07
VG260004,TBD,2026-II,EC1,0.20,18,2026-09-15
VG260004,TBD,2026-II,EC2,0.20,17,2026-10-20
VG260004,TBD,2026-II,EP,0.25,16,2026-10-13
VG260004,TBD,2026-II,EF,0.35,15,2026-12-08
VG260004,FIA,2026-II,EC1,0.20,14,2026-09-16
VG260004,FIA,2026-II,EC2,0.20,15,2026-10-21
VG260004,FIA,2026-II,EP,0.25,14,2026-10-14
VG260004,FIA,2026-II,EF,0.35,14,2026-12-09
VG260004,SDE,2026-II,EC1,0.20,12,2026-09-17
VG260004,SDE,2026-II,EC2,0.20,15,2026-10-22
VG260004,SDE,2026-II,EP,0.25,18,2026-10-15
VG260004,SDE,2026-II,EF,0.35,12,2026-12-10
VG260004,FCS,2026-II,EC1,0.20,16,2026-09-18
VG260004,FCS,2026-II,EC2,0.20,14,2026-10-23
VG260004,FCS,2026-II,EP,0.25,17,2026-10-16
VG260004,FCS,2026-II,EF,0.35,16,2026-12-11
VG260004,EIA,2026-II,EC1,0.20,13,2026-09-14
VG260004,EIA,2026-II,EC2,0.20,13,2026-10-19
VG260004,EIA,2026-II,EP,0.25,14,2026-10-12
VG260004,EIA,2026-II,EF,0.35,15,2026-12-07
VG260004,CII,2026-II,EC1,0.20,13,2026-09-15
VG260004,CII,2026-II,EC2,0.20,18,2026-10-20
VG260004,CII,2026-II,EP,0.25,17,2026-10-13
VG260004,CII,2026-II,EF,0.35,16,2026-12-08
VG260004,EIT,2026-II,EC1,0.20,13,2026-09-16
VG260004,EIT,2026-II,EC2,0.20,17,2026-10-21
VG260004,EIT,2026-II,EP,0.25,15,2026-10-14
VG260004,EIT,2026-II,EF,0.35,,
VG260004,EFSRT5,2026-II,EC1,0.20,17,2026-09-17
VG260004,EFSRT5,2026-II,EC2,0.20,20,2026-10-22
VG260004,EFSRT5,2026-II,EP,0.25,13,2026-10-15
VG260004,EFSRT5,2026-II,EF,0.35,,
VG260005,APS,2026-II,EC1,0.20,20,2026-09-14
VG260005,APS,2026-II,EC2,0.20,16,2026-10-19
VG260005,APS,2026-II,EP,0.25,17,2026-10-12
VG260005,APS,2026-II,EF,0.35,18,2026-12-07
VG260005,TBD,2026-II,EC1,0.20,19,2026-09-15
VG260005,TBD,2026-II,EC2,0.20,19,2026-10-20
VG260005,TBD,2026-II,EP,0.25,16,2026-10-13
VG260005,TBD,2026-II,EF,0.35,17,2026-12-08
VG260005,FIA,2026-II,EC1,0.20,15,2026-09-16
VG260005,FIA,2026-II,EC2,0.20,13,2026-10-21
VG260005,FIA,2026-II,EP,0.25,18,2026-10-14
VG260005,FIA,2026-II,EF,0.35,15,2026-12-09
VG260005,SDE,2026-II,EC1,0.20,13,2026-09-17
VG260005,SDE,2026-II,EC2,0.20,16,2026-10-22
VG260005,SDE,2026-II,EP,0.25,14,2026-10-15
VG260005,SDE,2026-II,EF,0.35,15,2026-12-10
VG260005,FCS,2026-II,EC1,0.20,12,2026-09-18
VG260005,FCS,2026-II,EC2,0.20,17,2026-10-23
VG260005,FCS,2026-II,EP,0.25,18,2026-10-16
VG260005,FCS,2026-II,EF,0.35,15,2026-12-11
VG260005,EIA,2026-II,EC1,0.20,19,2026-09-14
VG260005,EIA,2026-II,EC2,0.20,15,2026-10-19
VG260005,EIA,2026-II,EP,0.25,15,2026-10-12
VG260005,EIA,2026-II,EF,0.35,14,2026-12-07
VG260005,CII,2026-II,EC1,0.20,17,2026-09-15
VG260005,CII,2026-II,EC2,0.20,18,2026-10-20
VG260005,CII,2026-II,EP,0.25,20,2026-10-13
VG260005,CII,2026-II,EF,0.35,19,2026-12-08
VG260005,EIT,2026-II,EC1,0.20,18,2026-09-16
VG260005,EIT,2026-II,EC2,0.20,14,2026-10-21
VG260005,EIT,2026-II,EP,0.25,18,2026-10-14
VG260005,EIT,2026-II,EF,0.35,,
VG260005,EFSRT5,2026-II,EC1,0.20,20,2026-09-17
VG260005,EFSRT5,2026-II,EC2,0.20,18,2026-10-22
VG260005,EFSRT5,2026-II,EP,0.25,20,2026-10-15
VG260005,EFSRT5,2026-II,EF,0.35,,
VG260006,APS,2026-II,EC1,0.20,17,2026-09-14
VG260006,APS,2026-II,EC2,0.20,20,2026-10-19
VG260006,APS,2026-II,EP,0.25,16,2026-10-12
VG260006,APS,2026-II,EF,0.35,18,2026-12-07
VG260006,TBD,2026-II,EC1,0.20,19,2026-09-15
VG260006,TBD,2026-II,EC2,0.20,16,2026-10-20
VG260006,TBD,2026-II,EP,0.25,19,2026-10-13
VG260006,TBD,2026-II,EF,0.35,17,2026-12-08
VG260006,FIA,2026-II,EC1,0.20,17,2026-09-16
VG260006,FIA,2026-II,EC2,0.20,15,2026-10-21
VG260006,FIA,2026-II,EP,0.25,18,2026-10-14
VG260006,FIA,2026-II,EF,0.35,17,2026-12-09
VG260006,SDE,2026-II,EC1,0.20,16,2026-09-17
VG260006,SDE,2026-II,EC2,0.20,19,2026-10-22
VG260006,SDE,2026-II,EP,0.25,17,2026-10-15
VG260006,SDE,2026-II,EF,0.35,15,2026-12-10
VG260006,FCS,2026-II,EC1,0.20,16,2026-09-18
VG260006,FCS,2026-II,EC2,0.20,15,2026-10-23
VG260006,FCS,2026-II,EP,0.25,18,2026-10-16
VG260006,FCS,2026-II,EF,0.35,16,2026-12-11
VG260006,EIA,2026-II,EC1,0.20,16,2026-09-14
VG260006,EIA,2026-II,EC2,0.20,19,2026-10-19
VG260006,EIA,2026-II,EP,0.25,18,2026-10-12
VG260006,EIA,2026-II,EF,0.35,17,2026-12-07
VG260006,CII,2026-II,EC1,0.20,17,2026-09-15
VG260006,CII,2026-II,EC2,0.20,20,2026-10-20
VG260006,CII,2026-II,EP,0.25,16,2026-10-13
VG260006,CII,2026-II,EF,0.35,16,2026-12-08
VG260006,EIT,2026-II,EC1,0.20,17,2026-09-16
VG260006,EIT,2026-II,EC2,0.20,20,2026-10-21
VG260006,EIT,2026-II,EP,0.25,16,2026-10-14
VG260006,EIT,2026-II,EF,0.35,,
VG260006,EFSRT5,2026-II,EC1,0.20,18,2026-09-17
VG260006,EFSRT5,2026-II,EC2,0.20,19,2026-10-22
VG260006,EFSRT5,2026-II,EP,0.25,20,2026-10-15
VG260006,EFSRT5,2026-II,EF,0.35,,
VG260007,APS,2026-II,EC1,0.20,9,2026-09-14
VG260007,APS,2026-II,EC2,0.20,12,2026-10-19
VG260007,APS,2026-II,EP,0.25,14,2026-10-12
VG260007,APS,2026-II,EF,0.35,11,2026-12-07
VG260007,TBD,2026-II,EC1,0.20,13,2026-09-15
VG260007,TBD,2026-II,EC2,0.20,13,2026-10-20
VG260007,TBD,2026-II,EP,0.25,7,2026-10-13
VG260007,TBD,2026-II,EF,0.35,10,2026-12-08
VG260007,FIA,2026-II,EC1,0.20,12,2026-09-16
VG260007,FIA,2026-II,EC2,0.20,12,2026-10-21
VG260007,FIA,2026-II,EP,0.25,12,2026-10-14
VG260007,FIA,2026-II,EF,0.35,12,2026-12-09
VG260007,SDE,2026-II,EC1,0.20,12,2026-09-17
VG260007,SDE,2026-II,EC2,0.20,14,2026-10-22
VG260007,SDE,2026-II,EP,0.25,9,2026-10-15
VG260007,SDE,2026-II,EF,0.35,11,2026-12-10
VG260007,FCS,2026-II,EC1,0.20,13,2026-09-18
VG260007,FCS,2026-II,EC2,0.20,11,2026-10-23
VG260007,FCS,2026-II,EP,0.25,9,2026-10-16
VG260007,FCS,2026-II,EF,0.35,10,2026-12-11
VG260007,EIA,2026-II,EC1,0.20,13,2026-09-14
VG260007,EIA,2026-II,EC2,0.20,11,2026-10-19
VG260007,EIA,2026-II,EP,0.25,8,2026-10-12
VG260007,EIA,2026-II,EF,0.35,14,2026-12-07
VG260007,CII,2026-II,EC1,0.20,11,2026-09-15
VG260007,CII,2026-II,EC2,0.20,14,2026-10-20
VG260007,CII,2026-II,EP,0.25,12,2026-10-13
VG260007,CII,2026-II,EF,0.35,12,2026-12-08
VG260007,EIT,2026-II,EC1,0.20,9,2026-09-16
VG260007,EIT,2026-II,EC2,0.20,10,2026-10-21
VG260007,EIT,2026-II,EP,0.25,10,2026-10-14
VG260007,EIT,2026-II,EF,0.35,,
VG260007,EFSRT5,2026-II,EC1,0.20,12,2026-09-17
VG260007,EFSRT5,2026-II,EC2,0.20,13,2026-10-22
VG260007,EFSRT5,2026-II,EP,0.25,11,2026-10-15
VG260007,EFSRT5,2026-II,EF,0.35,,
VG260008,APS,2026-II,EC1,0.20,13,2026-09-14
VG260008,APS,2026-II,EC2,0.20,11,2026-10-19
VG260008,APS,2026-II,EP,0.25,11,2026-10-12
VG260008,APS,2026-II,EF,0.35,13,2026-12-07
VG260008,TBD,2026-II,EC1,0.20,13,2026-09-15
VG260008,TBD,2026-II,EC2,0.20,14,2026-10-20
VG260008,TBD,2026-II,EP,0.25,14,2026-10-13
VG260008,TBD,2026-II,EF,0.35,14,2026-12-08
VG260008,FIA,2026-II,EC1,0.20,8,2026-09-16
VG260008,FIA,2026-II,EC2,0.20,11,2026-10-21
VG260008,FIA,2026-II,EP,0.25,12,2026-10-14
VG260008,FIA,2026-II,EF,0.35,12,2026-12-09
VG260008,SDE,2026-II,EC1,0.20,13,2026-09-17
VG260008,SDE,2026-II,EC2,0.20,12,2026-10-22
VG260008,SDE,2026-II,EP,0.25,15,2026-10-15
VG260008,SDE,2026-II,EF,0.35,13,2026-12-10
VG260008,FCS,2026-II,EC1,0.20,13,2026-09-18
VG260008,FCS,2026-II,EC2,0.20,13,2026-10-23
VG260008,FCS,2026-II,EP,0.25,9,2026-10-16
VG260008,FCS,2026-II,EF,0.35,15,2026-12-11
VG260008,EIA,2026-II,EC1,0.20,11,2026-09-14
VG260008,EIA,2026-II,EC2,0.20,12,2026-10-19
VG260008,EIA,2026-II,EP,0.25,12,2026-10-12
VG260008,EIA,2026-II,EF,0.35,13,2026-12-07
VG260008,CII,2026-II,EC1,0.20,17,2026-09-15
VG260008,CII,2026-II,EC2,0.20,13,2026-10-20
VG260008,CII,2026-II,EP,0.25,17,2026-10-13
VG260008,CII,2026-II,EF,0.35,16,2026-12-08
VG260008,EIT,2026-II,EC1,0.20,14,2026-09-16
VG260008,EIT,2026-II,EC2,0.20,12,2026-10-21
VG260008,EIT,2026-II,EP,0.25,15,2026-10-14
VG260008,EIT,2026-II,EF,0.35,,
VG260008,EFSRT5,2026-II,EC1,0.20,13,2026-09-17
VG260008,EFSRT5,2026-II,EC2,0.20,13,2026-10-22
VG260008,EFSRT5,2026-II,EP,0.25,14,2026-10-15
VG260008,EFSRT5,2026-II,EF,0.35,,
VG260009,APS,2026-II,EC1,0.20,14,2026-09-14
VG260009,APS,2026-II,EC2,0.20,13,2026-10-19
VG260009,APS,2026-II,EP,0.25,17,2026-10-12
VG260009,APS,2026-II,EF,0.35,17,2026-12-07
VG260009,TBD,2026-II,EC1,0.20,18,2026-09-15
VG260009,TBD,2026-II,EC2,0.20,17,2026-10-20
VG260009,TBD,2026-II,EP,0.25,11,2026-10-13
VG260009,TBD,2026-II,EF,0.35,14,2026-12-08
VG260009,FIA,2026-II,EC1,0.20,17,2026-09-16
VG260009,FIA,2026-II,EC2,0.20,14,2026-10-21
VG260009,FIA,2026-II,EP,0.25,18,2026-10-14
VG260009,FIA,2026-II,EF,0.35,12,2026-12-09
VG260009,SDE,2026-II,EC1,0.20,16,2026-09-17
VG260009,SDE,2026-II,EC2,0.20,12,2026-10-22
VG260009,SDE,2026-II,EP,0.25,14,2026-10-15
VG260009,SDE,2026-II,EF,0.35,17,2026-12-10
VG260009,FCS,2026-II,EC1,0.20,19,2026-09-18
VG260009,FCS,2026-II,EC2,0.20,16,2026-10-23
VG260009,FCS,2026-II,EP,0.25,15,2026-10-16
VG260009,FCS,2026-II,EF,0.35,20.5x,2026-12-11
VG260009,EIA,2026-II,EC1,0.20,14,2026-09-14
VG260009,EIA,2026-II,EC2,0.20,15,2026-10-19
VG260009,EIA,2026-II,EP,0.25,13,2026-10-12
VG260009,EIA,2026-II,EF,0.35,13,2026-12-07
VG260009,CII,2026-II,EC1,0.20,15,2026-09-15
VG260009,CII,2026-II,EC2,0.20,14,2026-10-20
VG260009,CII,2026-II,EP,0.25,19,2026-10-13
VG260009,CII,2026-II,EF,0.35,17,2026-12-08
VG260009,EIT,2026-II,EC1,0.20,17,2026-09-16
VG260009,EIT,2026-II,EC2,0.20,14,2026-10-21
VG260009,EIT,2026-II,EP,0.25,15,2026-10-14
VG260009,EIT,2026-II,EF,0.35,,
VG260009,EFSRT5,2026-II,EC1,0.20,16,2026-09-17
VG260009,EFSRT5,2026-II,EC2,0.20,16,2026-10-22
VG260009,EFSRT5,2026-II,EP,0.25,17,2026-10-15
VG260009,EFSRT5,2026-II,EF,0.35,,
VG260010,APS,2026-II,EC1,0.20,11,2026-09-14
VG260010,APS,2026-II,EC2,0.20,10,2026-10-19
VG260010,APS,2026-II,EP,0.25,16,2026-10-12
VG260010,APS,2026-II,EF,0.35,12,2026-12-07
VG260010,TBD,2026-II,EC1,0.20,11,2026-09-15
VG260010,TBD,2026-II,EC2,0.20,9,2026-10-20
VG260010,TBD,2026-II,EP,0.25,13,2026-10-13
VG260010,TBD,2026-II,EF,0.35,9,2026-12-08
VG260010,FIA,2026-II,EC1,0.20,10,2026-09-16
VG260010,FIA,2026-II,EC2,0.20,14,2026-10-21
VG260010,FIA,2026-II,EP,0.25,11,2026-10-14
VG260010,FIA,2026-II,EF,0.35,15,2026-12-09
VG260010,SDE,2026-II,EC1,0.20,11,2026-09-17
VG260010,SDE,2026-II,EC2,0.20,13,2026-10-22
VG260010,SDE,2026-II,EP,0.25,12,2026-10-15
VG260010,SDE,2026-II,EF,0.35,11,2026-12-10
VG260010,FCS,2026-II,EC1,0.20,13,2026-09-18
VG260010,FCS,2026-II,EC2,0.20,11,2026-10-23
VG260010,FCS,2026-II,EP,0.25,13,2026-10-16
VG260010,FCS,2026-II,EF,0.35,13,2026-12-11
VG260010,EIA,2026-II,EC1,0.20,8,2026-09-14
VG260010,EIA,2026-II,EC2,0.20,11,2026-10-19
VG260010,EIA,2026-II,EP,0.25,10,2026-10-12
VG260010,EIA,2026-II,EF,0.35,10,2026-12-07
VG260010,CII,2026-II,EC1,0.20,12,2026-09-15
VG260010,CII,2026-II,EC2,0.20,11,2026-10-20
VG260010,CII,2026-II,EP,0.25,14,2026-10-13
VG260010,CII,2026-II,EF,0.35,13,2026-12-08
VG260010,EIT,2026-II,EC1,0.20,14,2026-09-16
VG260010,EIT,2026-II,EC2,0.20,12,2026-10-21
VG260010,EIT,2026-II,EP,0.25,13,2026-10-14
VG260010,EIT,2026-II,EF,0.35,,
VG260010,EFSRT5,2026-II,EC1,0.20,16,2026-09-17
VG260010,EFSRT5,2026-II,EC2,0.20,11,2026-10-22
VG260010,EFSRT5,2026-II,EP,0.25,11,2026-10-15
VG260010,EFSRT5,2026-II,EF,0.35,,
VG260011,APS,2026-II,EC1,0.20,11,2026-09-14
VG260011,APS,2026-II,EC2,0.20,14,2026-10-19
VG260011,APS,2026-II,EP,0.25,15,2026-10-12
VG260011,APS,2026-II,EF,0.35,11,2026-12-07
VG260011,TBD,2026-II,EC1,0.20,13,2026-09-15
VG260011,TBD,2026-II,EC2,0.20,17,2026-10-20
VG260011,TBD,2026-II,EP,0.25,13,2026-10-13
VG260011,TBD,2026-II,EF,0.35,14,2026-12-08
VG260011,FIA,2026-II,EC1,0.20,14,2026-09-16
VG260011,FIA,2026-II,EC2,0.20,15,2026-10-21
VG260011,FIA,2026-II,EP,0.25,16,2026-10-14
VG260011,FIA,2026-II,EF,0.35,16,2026-12-09
VG260011,SDE,2026-II,EC1,0.20,15,2026-09-17
VG260011,SDE,2026-II,EC2,0.20,13,2026-10-22
VG260011,SDE,2026-II,EP,0.25,12,2026-10-15
VG260011,SDE,2026-II,EF,0.35,12,2026-12-10
VG260011,FCS,2026-II,EC1,0.20,14,2026-09-18
VG260011,FCS,2026-II,EC2,0.20,15,2026-10-23
VG260011,FCS,2026-II,EP,0.25,16,2026-10-16
VG260011,FCS,2026-II,EF,0.35,14,2026-12-11
VG260011,EIA,2026-II,EC1,0.20,14,2026-09-14
VG260011,EIA,2026-II,EC2,0.20,14,2026-10-19
VG260011,EIA,2026-II,EP,0.25,16,2026-10-12
VG260011,EIA,2026-II,EF,0.35,14,2026-12-07
VG260011,CII,2026-II,EC1,0.20,16,2026-09-15
VG260011,CII,2026-II,EC2,0.20,16,2026-10-20
VG260011,CII,2026-II,EP,0.25,14,2026-10-13
VG260011,CII,2026-II,EF,0.35,17,2026-12-08
VG260011,EIT,2026-II,EC1,0.20,9,2026-09-16
VG260011,EIT,2026-II,EC2,0.20,15,2026-10-21
VG260011,EIT,2026-II,EP,0.25,13,2026-10-14
VG260011,EIT,2026-II,EF,0.35,,
VG260011,EFSRT5,2026-II,EC1,0.20,17,2026-09-17
VG260011,EFSRT5,2026-II,EC2,0.20,11,2026-10-22
VG260011,EFSRT5,2026-II,EP,0.25,14,2026-10-15
VG260011,EFSRT5,2026-II,EF,0.35,,
VG260012,APS,2026-II,EC1,0.20,13,2026-09-14
VG260012,APS,2026-II,EC2,0.20,11,2026-10-19
VG260012,APS,2026-II,EP,0.25,14,2026-10-12
VG260012,APS,2026-II,EF,0.35,14,2026-12-07
VG260012,TBD,2026-II,EC1,0.20,11,2026-09-15
VG260012,TBD,2026-II,EC2,0.20,14,2026-10-20
VG260012,TBD,2026-II,EP,0.25,14,2026-10-13
VG260012,TBD,2026-II,EF,0.35,8,2026-12-08
VG260012,FIA,2026-II,EC1,0.20,11,2026-09-16
VG260012,FIA,2026-II,EC2,0.20,9,2026-10-21
VG260012,FIA,2026-II,EP,0.25,11,2026-10-14
VG260012,FIA,2026-II,EF,0.35,14,2026-12-09
VG260012,SDE,2026-II,EC1,0.20,12,2026-09-17
VG260012,SDE,2026-II,EC2,0.20,11,2026-10-22
VG260012,SDE,2026-II,EP,0.25,16,2026-10-15
VG260012,SDE,2026-II,EF,0.35,12,2026-12-10
VG260012,FCS,2026-II,EC1,0.20,13,2026-09-18
VG260012,FCS,2026-II,EC2,0.20,13,2026-10-23
VG260012,FCS,2026-II,EP,0.25,14,2026-10-16
VG260012,FCS,2026-II,EF,0.35,12,2026-12-11
VG260012,EIA,2026-II,EC1,0.20,13,2026-09-14
VG260012,EIA,2026-II,EC2,0.20,12,2026-10-19
VG260012,EIA,2026-II,EP,0.25,13,2026-10-12
VG260012,EIA,2026-II,EF,0.35,10,2026-12-07
VG260012,CII,2026-II,EC1,0.20,13,2026-09-15
VG260012,CII,2026-II,EC2,0.20,13,2026-10-20
VG260012,CII,2026-II,EP,0.25,12,2026-10-13
VG260012,CII,2026-II,EF,0.35,13,2026-12-08
VG260012,EIT,2026-II,EC1,0.20,12,2026-09-16
VG260012,EIT,2026-II,EC2,0.20,13,2026-10-21
VG260012,EIT,2026-II,EP,0.25,12,2026-10-14
VG260012,EIT,2026-II,EF,0.35,,
VG260012,EFSRT5,2026-II,EC1,0.20,12,2026-09-17
VG260012,EFSRT5,2026-II,EC2,0.20,14,2026-10-22
VG260012,EFSRT5,2026-II,EP,0.25,11,2026-10-15
VG260012,EFSRT5,2026-II,EF,0.35,,
VG260013,APS,2026-II,EC1,0.20,12,2026-09-14
VG260013,APS,2026-II,EC2,0.20,14,2026-10-19
VG260013,APS,2026-II,EP,0.25,12,2026-10-12
VG260013,APS,2026-II,EF,0.35,13,2026-12-07
VG260013,TBD,2026-II,EC1,0.20,15,2026-09-15
VG260013,TBD,2026-II,EC2,0.20,14,2026-10-20
VG260013,TBD,2026-II,EP,0.25,10,2026-10-13
VG260013,TBD,2026-II,EF,0.35,11,2026-12-08
VG260013,FIA,2026-II,EC1,0.20,15,2026-09-16
VG260013,FIA,2026-II,EC2,0.20,10,2026-10-21
VG260013,FIA,2026-II,EP,0.25,14,2026-10-14
VG260013,FIA,2026-II,EF,0.35,12,2026-12-09
VG260013,SDE,2026-II,EC1,0.20,13,2026-09-17
VG260013,SDE,2026-II,EC2,0.20,14,2026-10-22
VG260013,SDE,2026-II,EP,0.25,8,2026-10-15
VG260013,SDE,2026-II,EF,0.35,10,2026-12-10
VG260013,FCS,2026-II,EC1,0.20,12,2026-09-18
VG260013,FCS,2026-II,EC2,0.20,11,2026-10-23
VG260013,FCS,2026-II,EP,0.25,13,2026-10-16
VG260013,FCS,2026-II,EF,0.35,18,2026-12-11
VG260013,EIA,2026-II,EC1,0.20,11,2026-09-14
VG260013,EIA,2026-II,EC2,0.20,10,2026-10-19
VG260013,EIA,2026-II,EP,0.25,14,2026-10-12
VG260013,EIA,2026-II,EF,0.35,9,2026-12-07
VG260013,CII,2026-II,EC1,0.20,13,2026-09-15
VG260013,CII,2026-II,EC2,0.20,14,2026-10-20
VG260013,CII,2026-II,EP,0.25,16,2026-10-13
VG260013,CII,2026-II,EF,0.35,15,2026-12-08
VG260013,EIT,2026-II,EC1,0.20,13,2026-09-16
VG260013,EIT,2026-II,EC2,0.20,14,2026-10-21
VG260013,EIT,2026-II,EP,0.25,13,2026-10-14
VG260013,EIT,2026-II,EF,0.35,,
VG260013,EFSRT5,2026-II,EC1,0.20,15,2026-09-17
VG260013,EFSRT5,2026-II,EC2,0.20,10,2026-10-22
VG260013,EFSRT5,2026-II,EP,0.25,14,2026-10-15
VG260013,EFSRT5,2026-II,EF,0.35,,
VG260014,APS,2026-II,EC1,0.20,17,2026-09-14
VG260014,APS,2026-II,EC2,0.20,13,2026-10-19
VG260014,APS,2026-II,EP,0.25,19,2026-10-12
VG260014,APS,2026-II,EF,0.35,19,2026-12-07
VG260014,TBD,2026-II,EC1,0.20,18,2026-09-15
VG260014,TBD,2026-II,EC2,0.20,18,2026-10-20
VG260014,TBD,2026-II,EP,0.25,14,2026-10-13
VG260014,TBD,2026-II,EF,0.35,99,2026-12-08
VG260014,FIA,2026-II,EC1,0.20,13,2026-09-16
VG260014,FIA,2026-II,EC2,0.20,16,2026-10-21
VG260014,FIA,2026-II,EP,0.25,17,2026-10-14
VG260014,FIA,2026-II,EF,0.35,17,2026-12-09
VG260014,SDE,2026-II,EC1,0.20,16,2026-09-17
VG260014,SDE,2026-II,EC2,0.20,17,2026-10-22
VG260014,SDE,2026-II,EP,0.25,14,2026-10-15
VG260014,SDE,2026-II,EF,0.35,13,2026-12-10
VG260014,FCS,2026-II,EC1,1.5,16,2026-09-18
VG260014,FCS,2026-II,EC2,0.20,15,2026-10-23
VG260014,FCS,2026-II,EP,0.25,15,2026-10-16
VG260014,FCS,2026-II,EF,0.35,17,2026-12-11
VG260014,EIA,2026-II,EC1,0.20,16,2026-09-14
VG260014,EIA,2026-II,EC2,0.20,15,2026-10-19
VG260014,EIA,2026-II,EP,0.25,15,2026-10-12
VG260014,EIA,2026-II,EF,0.35,14,2026-12-07
VG260014,CII,2026-II,EC1,0.20,19,2026-09-15
VG260014,CII,2026-II,EC2,0.20,17,2026-10-20
VG260014,CII,2026-II,EP,0.25,17,2026-10-13
VG260014,CII,2026-II,EF,0.35,17,2026-12-08
VG260014,EIT,2026-II,EC1,0.20,18,2026-09-16
VG260014,EIT,2026-II,EC2,0.20,16,2026-10-21
VG260014,EIT,2026-II,EP,0.25,18,2026-10-14
VG260014,EIT,2026-II,EF,0.35,,
VG260014,EFSRT5,2026-II,EC1,0.20,19,2026-09-17
VG260014,EFSRT5,2026-II,EC2,0.20,18,2026-10-22
VG260014,EFSRT5,2026-II,EP,0.25,19,2026-10-15
VG260014,EFSRT5,2026-II,EF,0.35,,
VG260015,APS,2026-II,EC1,0.20,16,2026-09-14
VG260015,APS,2026-II,EC2,0.20,14,2026-10-19
VG260015,APS,2026-II,EP,0.25,15,2026-10-12
VG260015,APS,2026-II,EF,0.35,18,2026-12-07
VG260015,TBD,2026-II,EC1,0.20,14,2026-09-15
VG260015,TBD,2026-II,EC2,0.20,15,2026-10-20
VG260015,TBD,2026-II,EP,0.25,16,2026-10-13
VG260015,TBD,2026-II,EF,0.35,16,2026-12-08
VG260015,FIA,2026-II,EC1,0.20,12,2026-09-16
VG260015,FIA,2026-II,EC2,0.20,12,2026-10-21
VG260015,FIA,2026-II,EP,0.25,16,2026-10-14
VG260015,FIA,2026-II,EF,0.35,14,2026-12-09
VG260015,SDE,2026-II,EC1,0.20,11,2026-09-17
VG260015,SDE,2026-II,EC2,0.20,14,2026-10-22
VG260015,SDE,2026-II,EP,0.25,13,2026-10-15
VG260015,SDE,2026-II,EF,0.35,13,2026-12-10
VG260015,FCS,2026-II,EC1,0.20,15,2026-09-18
VG260015,FCS,2026-II,EC2,0.20,16,2026-10-23
VG260015,FCS,2026-II,EP,0.25,13,2026-10-16
VG260015,FCS,2026-II,EF,0.35,13,2026-12-11
VG260015,EIA,2026-II,EC1,0.20,18,2026-09-14
VG260015,EIA,2026-II,EC2,0.20,12,2026-10-19
VG260015,EIA,2026-II,EP,0.25,13,2026-10-12
VG260015,EIA,2026-II,EF,0.35,15,2026-12-07
VG260015,CII,2026-II,EC1,0.20,16,2026-09-15
VG260015,CII,2026-II,EC2,0.20,17,2026-10-20
VG260015,CII,2026-II,EP,0.25,15,2026-10-13
VG260015,CII,2026-II,EF,0.35,17,2026-12-08
VG260015,EIT,2026-II,EC1,0.20,14,2026-09-16
VG260015,EIT,2026-II,EC2,0.20,12,2026-10-21
VG260015,EIT,2026-II,EP,0.25,17,2026-10-14
VG260015,EIT,2026-II,EF,0.35,,
VG260015,EFSRT5,2026-II,EC1,0.20,17,2026-09-17
VG260015,EFSRT5,2026-II,EC2,0.20,15,2026-10-22
VG260015,EFSRT5,2026-II,EP,0.25,17,2026-10-15
VG260015,EFSRT5,2026-II,EF,0.35,,
VG260016,APS,2026-II,EC1,0.20,10,2026-09-14
VG260016,APS,2026-II,EC2,0.20,15,2026-10-19
VG260016,APS,2026-II,EP,0.25,16,2026-10-12
VG260016,APS,2026-II,EF,0.35,11,2026-12-07
VG260016,TBD,2026-II,EC1,0.20,15,2026-09-15
VG260016,TBD,2026-II,EC2,0.20,13,2026-10-20
VG260016,TBD,2026-II,EP,0.25,14,2026-10-13
VG260016,TBD,2026-II,EF,0.35,8,2026-12-08
VG260016,FIA,2026-II,EC1,0.20,14,2026-09-16
VG260016,FIA,2026-II,EC2,0.20,15,2026-10-21
VG260016,FIA,2026-II,EP,0.25,11,2026-10-14
VG260016,FIA,2026-II,EF,0.35,10,2026-12-09
VG260016,SDE,2026-II,EC1,0.20,13,2026-09-17
VG260016,SDE,2026-II,EC2,0.20,11,2026-10-22
VG260016,SDE,2026-II,EP,0.25,17,2026-10-15
VG260016,SDE,2026-II,EF,0.35,13,2026-12-10
VG260016,FCS,2026-II,EC1,0.20,15,2026-09-18
VG260016,FCS,2026-II,EC2,0.20,12,2026-10-23
VG260016,FCS,2026-II,EP,0.25,13,2026-10-16
VG260016,FCS,2026-II,EF,0.35,14,2026-12-11
VG260016,EIA,2026-II,EC1,0.20,12,2026-09-14
VG260016,EIA,2026-II,EC2,0.20,14,2026-10-19
VG260016,EIA,2026-II,EP,0.25,12,2026-10-12
VG260016,EIA,2026-II,EF,0.35,12,2026-12-07
VG260016,CII,2026-II,EC1,0.20,13,2026-09-15
VG260016,CII,2026-II,EC2,0.20,14,2026-10-20
VG260016,CII,2026-II,EP,0.25,14,2026-10-13
VG260016,CII,2026-II,EF,0.35,14,2026-12-08
VG260016,EIT,2026-II,EC1,0.20,14,2026-09-16
VG260016,EIT,2026-II,EC2,0.20,10,2026-10-21
VG260016,EIT,2026-II,EP,0.25,12,2026-10-14
VG260016,EIT,2026-II,EF,0.35,,
VG260016,EFSRT5,2026-II,EC1,0.20,A,2026-09-17
VG260016,EFSRT5,2026-II,EC2,0.20,14,2026-10-22
VG260016,EFSRT5,2026-II,EP,0.25,11,2026-10-15
VG260016,EFSRT5,2026-II,EF,0.35,,
VG260017,APS,2026-II,EC1,0.20,18,2026-09-14
VG260017,APS,2026-II,EC2,0.20,16,2026-10-19
VG260017,APS,2026-II,EP,0.25,17,2026-10-12
VG260017,APS,2026-II,EF,0.35,16,2026-12-07
VG260017,TBD,2026-II,EC1,0.20,16,2026-09-15
VG260017,TBD,2026-II,EC2,0.20,17,2026-10-20
VG260017,TBD,2026-II,EP,0.25,16,2026-10-13
VG260017,TBD,2026-II,EF,0.35,16,2026-12-08
VG260017,FIA,2026-II,EC1,0.20,19,2026-09-16
VG260017,FIA,2026-II,EC2,0.20,16,2026-10-21
VG260017,FIA,2026-II,EP,0.25,19,2026-10-14
VG260017,FIA,2026-II,EF,0.35,18,2026-12-09
VG260017,SDE,2026-II,EC1,0.20,19,2026-09-17
VG260017,SDE,2026-II,EC2,0.20,12,2026-10-22
VG260017,SDE,2026-II,EP,0.25,17,2026-10-15
VG260017,SDE,2026-II,EF,0.35,17,2026-12-10
VG260017,FCS,2026-II,EC1,0.20,18,2026-09-18
VG260017,FCS,2026-II,EC2,0.20,30,2026-10-23
VG260017,FCS,2026-II,EP,0.25,18,2026-10-16
VG260017,FCS,2026-II,EF,0.35,18,2026-12-11
VG260017,EIA,2026-II,EC1,0.20,16,2026-09-14
VG260017,EIA,2026-II,EC2,0.20,16,2026-10-19
VG260017,EIA,2026-II,EP,0.25,17,2026-10-12
VG260017,EIA,2026-II,EF,0.35,17,2026-12-07
VG260017,CII,2026-II,EC1,0.20,20,2026-09-15
VG260017,CII,2026-II,EC2,0.20,16,2026-10-20
VG260017,CII,2026-II,EP,0.25,17,2026-10-13
VG260017,CII,2026-II,EF,0.35,18,2026-12-08
VG260017,EIT,2026-II,EC1,0.20,14,2026-09-16
VG260017,EIT,2026-II,EC2,0.20,16,2026-10-21
VG260017,EIT,2026-II,EP,0.25,19,2026-10-14
VG260017,EIT,2026-II,EF,0.35,,
VG260017,EFSRT5,2026-II,EC1,0.20,20,2026-09-17
VG260017,EFSRT5,2026-II,EC2,0.20,17,2026-10-22
VG260017,EFSRT5,2026-II,EP,0.25,18,2026-10-15
VG260017,EFSRT5,2026-II,EF,0.35,,
VG260018,APS,2026-II,EC1,0.20,15,2026-09-14
VG260018,APS,2026-II,EC2,0.20,12,2026-10-19
VG260018,APS,2026-II,EP,0.25,15,2026-10-12
VG260018,APS,2026-II,EF,0.35,18,2026-12-07
VG260018,TBD,2026-II,EC1,0.20,16,2026-09-15
VG260018,TBD,2026-II,EC2,0.20,15,2026-10-20
VG260018,TBD,2026-II,EP,0.25,13,2026-10-13
VG260018,TBD,2026-II,EF,0.35,17,2026-12-08
VG260018,FIA,2026-II,EC1,0.20,15,2026-09-16
VG260018,FIA,2026-II,EC2,0.20,15,2026-10-21
VG260018,FIA,2026-II,EP,0.25,15,2026-10-14
VG260018,FIA,2026-II,EF,0.35,14,2026-12-09
VG260018,SDE,2026-II,EC1,0.20,14,2026-09-17
VG260018,SDE,2026-II,EC2,0.20,13,2026-10-22
VG260018,SDE,2026-II,EP,0.25,15,2026-10-15
VG260018,SDE,2026-II,EF,0.35,15,2026-12-10
VG260018,FCS,2026-II,EC1,0.20,16,2026-09-18
VG260018,FCS,2026-II,EC2,0.20,17,2026-10-23
VG260018,FCS,2026-II,EP,0.25,15,2026-10-16
VG260018,FCS,2026-II,EF,0.35,16,2026-12-11
VG260018,EIA,2026-II,EC1,0.20,17,2026-09-14
VG260018,EIA,2026-II,EC2,0.20,13,2026-10-19
VG260018,EIA,2026-II,EP,0.25,13,2026-10-12
VG260018,EIA,2026-II,EF,0.35,14,2026-12-07
VG260018,CII,2026-II,EC1,0.20,18,2026-09-15
VG260018,CII,2026-II,EC2,0.20,13,2026-10-20
VG260018,CII,2026-II,EP,0.25,20,2026-10-13
VG260018,CII,2026-II,EF,0.35,18,2026-12-08
VG260018,EIT,2026-II,EC1,0.20,17,2026-09-16
VG260018,EIT,2026-II,EC2,0.20,17,2026-10-21
VG260018,EIT,2026-II,EP,0.25,16,2026-10-14
VG260018,EIT,2026-II,EF,0.35,,
VG260018,EFSRT5,2026-II,EC1,0.20,14,2026-09-17
VG260018,EFSRT5,2026-II,EC2,0.20,17,2026-10-22
VG260018,EFSRT5,2026-II,EP,0.25,13,2026-10-15
VG260018,EFSRT5,2026-II,EF,0.35,,
VG260019,APS,2026-II,EC1,0.20,18,2026-09-14
VG260019,APS,2026-II,EC2,0.20,20,2026-10-19
VG260019,APS,2026-II,EP,0.25,20,2026-10-12
VG260019,APS,2026-II,EF,0.35,20,2026-12-07
VG260019,TBD,2026-II,EC1,0.20,20,2026-09-15
VG260019,TBD,2026-II,EC2,0.20,15,2026-10-20
VG260019,TBD,2026-II,EP,0.25,20,2026-10-13
VG260019,TBD,2026-II,EF,0.35,16,2026-12-08
VG260019,FIA,2026-II,EC1,0.20,18,2026-09-16
VG260019,FIA,2026-II,EC2,0.20,19,2026-10-21
VG260019,FIA,2026-II,EP,0.25,14,2026-10-14
VG260019,FIA,2026-II,EF,0.35,16,2026-12-09
VG260019,SDE,2026-II,EC1,0.20,16,2026-09-17
VG260019,SDE,2026-II,EC2,0.20,15,2026-10-22
VG260019,SDE,2026-II,EP,0.25,19,2026-10-15
VG260019,SDE,2026-II,EF,0.35,20,2026-12-10
VG260019,FCS,2026-II,EC1,0.20,20,2026-09-18
VG260019,FCS,2026-II,EC2,0.20,20,2026-10-23
VG260019,FCS,2026-II,EP,0.25,20,2026-10-16
VG260019,FCS,2026-II,EF,0.35,19,2026-12-11
VG260019,EIA,2026-II,EC1,0.20,20,2026-09-14
VG260019,EIA,2026-II,EC2,0.20,17,2026-10-19
VG260019,EIA,2026-II,EP,0.25,17,2026-10-12
VG260019,EIA,2026-II,EF,0.35,20,2026-12-07
VG260019,CII,2026-II,EC1,0.20,19,2026-09-15
VG260019,CII,2026-II,EC2,0.20,20,2026-10-20
VG260019,CII,2026-II,EP,0.25,19,2026-10-13
VG260019,CII,2026-II,EF,0.35,20,2026-12-08
VG260019,EIT,2026-II,EC1,0.20,19,2026-09-16
VG260019,EIT,2026-II,EC2,0.20,20,2026-10-21
VG260019,EIT,2026-II,EP,0.25,17,2026-10-14
VG260019,EIT,2026-II,EF,0.35,,
VG260019,EFSRT5,2026-II,EC1,0.20,19,2026-09-17
VG260019,EFSRT5,2026-II,EC2,0.20,18,2026-10-22
VG260019,EFSRT5,2026-II,EP,0.25,18,2026-10-15
VG260019,EFSRT5,2026-II,EF,0.35,,
VG260020,APS,2026-II,EC1,0.20,17,2026-09-14
VG260020,APS,2026-II,EC2,0.20,13,2026-10-19
VG260020,APS,2026-II,EP,0.25,11,2026-10-12
VG260020,APS,2026-II,EF,0.35,14,2026-12-07
VG260020,TBD,2026-II,EC1,0.20,15,2026-09-15
VG260020,TBD,2026-II,EC2,0.20,16,2026-10-20
VG260020,TBD,2026-II,EP,0.25,18,2026-10-13
VG260020,TBD,2026-II,EF,0.35,14,2026-12-08
VG260020,FIA,2026-II,EC1,0.20,13,2026-09-16
VG260020,FIA,2026-II,EC2,0.20,14,2026-10-21
VG260020,FIA,2026-II,EP,0.25,13,2026-10-14
VG260020,FIA,2026-II,EF,0.35,16,2026-12-09
VG260020,SDE,2026-II,EC1,0.20,12,2026-09-17
VG260020,SDE,2026-II,EC2,0.20,15,2026-10-22
VG260020,SDE,2026-II,EP,0.25,15,2026-10-15
VG260020,SDE,2026-II,EF,0.35,13,2026-12-10
VG260020,FCS,2026-II,EC1,0.20,15,2026-09-18
VG260020,FCS,2026-II,EC2,0.20,19,2026-10-23
VG260020,FCS,2026-II,EP,0.25,16,2026-10-16
VG260020,FCS,2026-II,EF,0.35,17,2026-12-11
VG260020,EIA,2026-II,EC1,0.20,25,2026-09-14
VG260020,EIA,2026-II,EC2,0.20,16,2026-10-19
VG260020,EIA,2026-II,EP,0.25,12,2026-10-12
VG260020,EIA,2026-II,EF,0.35,13,2026-12-07
VG260020,CII,2026-II,EC1,0.20,15,2026-09-15
VG260020,CII,2026-II,EC2,0.20,17,2026-10-20
VG260020,CII,2026-II,EP,0.25,13,2026-10-13
VG260020,CII,2026-II,EF,0.35,16,2026-12-08
VG260020,EIT,2026-II,EC1,0.20,15,2026-09-16
VG260020,EIT,2026-II,EC2,0.20,14,2026-10-21
VG260020,EIT,2026-II,EP,0.25,16,2026-10-14
VG260020,EIT,2026-II,EF,0.35,,
VG260020,EFSRT5,2026-II,EC1,0.20,16,2026-09-17
VG260020,EFSRT5,2026-II,EC2,0.20,13,2026-10-22
VG260020,EFSRT5,2026-II,EP,0.25,15,2026-10-15
VG260020,EFSRT5,2026-II,EF,0.35,,
VG260021,APS,2026-II,EC1,0.20,18,2026-09-14
VG260021,APS,2026-II,EC2,0.20,20,2026-10-19
VG260021,APS,2026-II,EP,0.25,17,2026-10-12
VG260021,APS,2026-II,EF,0.35,16,2026-12-07
VG260021,TBD,2026-II,EC1,0.20,16,2026-09-15
VG260021,TBD,2026-II,EC2,0.20,20,2026-10-20
VG260021,TBD,2026-II,EP,0.25,20,2026-10-13
VG260021,TBD,2026-II,EF,0.35,15,2026-12-08
VG260021,FIA,2026-II,EC1,0.20,18,2026-09-16
VG260021,FIA,2026-II,EC2,0.20,17,2026-10-21
VG260021,FIA,2026-II,EP,0.25,17,2026-10-14
VG260021,FIA,2026-II,EF,0.35,16,2026-12-09
VG260021,SDE,2026-II,EC1,0.20,20,2026-09-17
VG260021,SDE,2026-II,EC2,0.20,16,2026-10-22
VG260021,SDE,2026-II,EP,0.25,16,2026-10-15
VG260021,SDE,2026-II,EF,0.35,20,2026-12-10
VG260021,FCS,2026-II,EC1,0.20,20,2026-09-18
VG260021,FCS,2026-II,EC2,0.20,17,2026-10-23
VG260021,FCS,2026-II,EP,0.25,20,2026-10-16
VG260021,FCS,2026-II,EF,0.35,20,2026-12-11
VG260021,EIA,2026-II,EC1,0.20,18,2026-09-14
VG260021,EIA,2026-II,EC2,0.20,16,2026-10-19
VG260021,EIA,2026-II,EP,0.25,15,2026-10-12
VG260021,EIA,2026-II,EF,0.35,doce,2026-12-07
VG260021,CII,2026-II,EC1,0.20,16,2026-09-15
VG260021,CII,2026-II,EC2,0.20,18,2026-10-20
VG260021,CII,2026-II,EP,0.25,17,2026-10-13
VG260021,CII,2026-II,EF,0.35,20,2026-12-08
VG260021,EIT,2026-II,EC1,0.20,20,2026-09-16
VG260021,EIT,2026-II,EC2,0.20,20,2026-10-21
VG260021,EIT,2026-II,EP,0.25,18,2026-10-14
VG260021,EIT,2026-II,EF,0.35,,
VG260021,EFSRT5,2026-II,EC1,0.20,18,2026-09-17
VG260021,EFSRT5,2026-II,EC2,0.20,17,2026-10-22
VG260021,EFSRT5,2026-II,EP,0.25,20,2026-10-15
VG260021,EFSRT5,2026-II,EF,0.35,,
VG260022,APS,2026-II,EC1,0.20,15,2026-09-14
VG260022,APS,2026-II,EC2,0.20,17,2026-10-19
VG260022,APS,2026-II,EP,0.25,14,2026-10-12
VG260022,APS,2026-II,EF,0.35,15,2026-12-07
VG260022,TBD,2026-II,EC1,0.20,17,2026-09-15
VG260022,TBD,2026-II,EC2,0.20,11,2026-10-20
VG260022,TBD,2026-II,EP,0.25,15,2026-10-13
VG260022,TBD,2026-II,EF,0.35,11,2026-12-08
VG260022,FIA,2026-II,EC1,0.20,16,2026-09-16
VG260022,FIA,2026-II,EC2,0.20,19,2026-10-21
VG260022,FIA,2026-II,EP,0.25,18,2026-10-14
VG260022,FIA,2026-II,EF,0.35,13,2026-12-09
VG260022,SDE,2026-II,EC1,0.20,11,2026-09-17
VG260022,SDE,2026-II,EC2,0.20,16,2026-10-22
VG260022,SDE,2026-II,EP,0.25,13,2026-10-15
VG260022,SDE,2026-II,EF,0.35,25,2026-12-10
VG260022,FCS,2026-II,EC1,0.20,15,2026-09-18
VG260022,FCS,2026-II,EC2,0.20,13,2026-10-23
VG260022,FCS,2026-II,EP,0.25,17,2026-10-16
VG260022,FCS,2026-II,EF,0.35,12,2026-12-11
VG260022,EIA,2026-II,EC1,0.20,16,2026-09-14
VG260022,EIA,2026-II,EC2,0.20,16,2026-10-19
VG260022,EIA,2026-II,EP,0.25,16,2026-10-12
VG260022,EIA,2026-II,EF,0.35,15,2026-12-07
VG260022,CII,2026-II,EC1,0.20,17,2026-09-15
VG260022,CII,2026-II,EC2,0.20,19,2026-10-20
VG260022,CII,2026-II,EP,0.25,19,2026-10-13
VG260022,CII,2026-II,EF,0.35,16,2026-12-08
VG260022,EIT,2026-II,EC1,0.20,17,2026-09-16
VG260022,EIT,2026-II,EC2,0.20,17,2026-10-21
VG260022,EIT,2026-II,EP,0.25,14,2026-10-14
VG260022,EIT,2026-II,EF,0.35,,
VG260022,EFSRT5,2026-II,EC1,0.20,17,2026-09-17
VG260022,EFSRT5,2026-II,EC2,0.20,17,2026-10-22
VG260022,EFSRT5,2026-II,EP,0.25,16,2026-10-15
VG260022,EFSRT5,2026-II,EF,0.35,,
VG260023,APS,2026-II,EC1,0.20,17,2026-09-14
VG260023,APS,2026-II,EC2,0.20,17,2026-10-19
VG260023,APS,2026-II,EP,0.25,15,2026-10-12
VG260023,APS,2026-II,EF,0.35,19,2026-12-07
VG260023,TBD,2026-II,EC1,0.20,15,2026-09-15
VG260023,TBD,2026-II,EC2,0.20,18,2026-10-20
VG260023,TBD,2026-II,EP,0.25,15,2026-10-13
VG260023,TBD,2026-II,EF,0.35,15,2026-12-08
VG260023,FIA,2026-II,EC1,0.20,15,2026-09-16
VG260023,FIA,2026-II,EC2,0.20,16,2026-10-21
VG260023,FIA,2026-II,EP,0.25,15,2026-10-14
VG260023,FIA,2026-II,EF,0.35,14,2026-12-09
VG260023,SDE,2026-II,EC1,0.20,16,2026-09-17
VG260023,SDE,2026-II,EC2,0.20,12,2026-10-22
VG260023,SDE,2026-II,EP,0.25,13,2026-10-15
VG260023,SDE,2026-II,EF,0.35,17,2026-12-10
VG260023,FCS,2026-II,EC1,0.20,16,2026-09-18
VG260023,FCS,2026-II,EC2,0.20,18,2026-10-23
VG260023,FCS,2026-II,EP,0.25,15,2026-10-16
VG260023,FCS,2026-II,EF,0.35,15,2026-12-11
VG260023,EIA,2026-II,EC1,0.20,14,2026-09-14
VG260023,EIA,2026-II,EC2,0.20,19,2026-10-19
VG260023,EIA,2026-II,EP,0.25,14,2026-10-12
VG260023,EIA,2026-II,EF,0.35,16,2026-12-07
VG260023,CII,2026-II,EC1,0.20,19,2026-09-15
VG260023,CII,2026-II,EC2,0.20,18,2026-10-20
VG260023,CII,2026-II,EP,0.25,20,2026-10-13
VG260023,CII,2026-II,EF,0.35,14,2026-12-08
VG260023,EIT,2026-II,EC1,0.20,17,2026-09-16
VG260023,EIT,2026-II,EC2,0.20,16,2026-10-21
VG260023,EIT,2026-II,EP,0.25,15,2026-10-14
VG260023,EIT,2026-II,EF,0.35,,
VG260023,EFSRT5,2026-II,EC1,0.20,16,2026-09-17
VG260023,EFSRT5,2026-II,EC2,0.20,15,2026-10-22
VG260023,EFSRT5,2026-II,EP,0.25,16,2026-10-15
VG260023,EFSRT5,2026-II,EF,0.35,,
VG260024,APS,2026-II,EC1,0.20,16,2026-09-14
VG260024,APS,2026-II,EC2,0.20,17,2026-10-19
VG260024,APS,2026-II,EP,0.25,18,2026-10-12
VG260024,APS,2026-II,EF,0.35,17,2026-12-07
VG260024,TBD,2026-II,EC1,0.20,20,2026-09-15
VG260024,TBD,2026-II,EC2,0.20,14,2026-10-20
VG260024,TBD,2026-II,EP,0.25,16,2026-10-13
VG260024,TBD,2026-II,EF,0.35,12,2026-12-08
VG260024,FIA,2026-II,EC1,0.20,15,2026-09-16
VG260024,FIA,2026-II,EC2,0.20,17,2026-10-21
VG260024,FIA,2026-II,EP,0.25,18,2026-10-14
VG260024,FIA,2026-II,EF,0.35,14,2026-12-09
VG260024,SDE,2026-II,EC1,0.20,18,2026-09-17
VG260024,SDE,2026-II,EC2,0.20,16,2026-10-22
VG260024,SDE,2026-II,EP,0.25,12,2026-10-15
VG260024,SDE,2026-II,EF,0.35,18,2026-12-10
VG260024,FCS,2026-II,EC1,0.20,15,2026-09-18
VG260024,FCS,2026-II,EC2,0.20,16,2026-10-23
VG260024,FCS,2026-II,EP,0.25,17,2026-10-16
VG260024,FCS,2026-II,EF,0.35,20,2026-12-11
VG260024,EIA,2026-II,EC1,0.20,15,2026-09-14
VG260024,EIA,2026-II,EC2,0.20,17,2026-10-19
VG260024,EIA,2026-II,EP,0.25,15,2026-10-12
VG260024,EIA,2026-II,EF,0.35,15,2026-12-07
VG260024,CII,2026-II,EC1,0.20,19,2026-09-15
VG260024,CII,2026-II,EC2,0.20,13,2026-10-20
VG260024,CII,2026-II,EP,0.25,19,2026-10-13
VG260024,CII,2026-II,EF,0.35,17,2026-12-08
VG260024,EIT,2026-II,EC1,0.20,17,2026-09-16
VG260024,EIT,2026-II,EC2,0.20,13,2026-10-21
VG260024,EIT,2026-II,EP,0.25,17,2026-10-14
VG260024,EIT,2026-II,EF,0.35,,
VG260024,EFSRT5,2026-II,EC1,0.20,20,2026-09-17
VG260024,EFSRT5,2026-II,EC2,0.20,19,2026-10-22
VG260024,EFSRT5,2026-II,EP,0.25,15,2026-10-15
VG260024,EFSRT5,2026-II,EF,0.35,,
VG260025,APS,2026-II,EC1,0.20,14,2026-09-14
VG260025,APS,2026-II,EC2,0.20,17,2026-10-19
VG260025,APS,2026-II,EP,0.25,16,2026-10-12
VG260025,APS,2026-II,EF,0.35,18,2026-12-07
VG260025,TBD,2026-II,EC1,0.20,17,2026-09-15
VG260025,TBD,2026-II,EC2,0.20,17,2026-10-20
VG260025,TBD,2026-II,EP,0.25,17,2026-10-13
VG260025,TBD,2026-II,EF,0.35,18,2026-12-08
VG260025,FIA,2026-II,EC1,0.20,12,2026-09-16
VG260025,FIA,2026-II,EC2,0.20,15,2026-10-21
VG260025,FIA,2026-II,EP,0.25,17,2026-10-14
VG260025,FIA,2026-II,EF,0.35,15,2026-12-09
VG260025,SDE,2026-II,EC1,0.20,15,2026-09-17
VG260025,SDE,2026-II,EC2,0.20,15,2026-10-22
VG260025,SDE,2026-II,EP,0.25,15,2026-10-15
VG260025,SDE,2026-II,EF,0.35,16,2026-12-10
VG260025,FCS,2026-II,EC1,0.20,16,2026-09-18
VG260025,FCS,2026-II,EC2,0.20,17,2026-10-23
VG260025,FCS,2026-II,EP,0.25,17,2026-10-16
VG260025,FCS,2026-II,EF,0.35,16,2026-12-11
VG260025,EIA,2026-II,EC1,0.20,14,2026-09-14
VG260025,EIA,2026-II,EC2,0.20,14,2026-10-19
VG260025,EIA,2026-II,EP,0.25,14,2026-10-12
VG260025,EIA,2026-II,EF,0.35,14,2026-12-07
VG260025,CII,2026-II,EC1,0.20,17,2026-09-15
VG260025,CII,2026-II,EC2,0.20,19,2026-10-20
VG260025,CII,2026-II,EP,0.25,13,2026-10-13
VG260025,CII,2026-II,EF,0.35,19,2026-12-08
VG260025,EIT,2026-II,EC1,0.20,18,2026-09-16
VG260025,EIT,2026-II,EC2,0.20,17,2026-10-21
VG260025,EIT,2026-II,EP,0.25,18,2026-10-14
VG260025,EIT,2026-II,EF,0.35,,
VG260025,EFSRT5,2026-II,EC1,0.20,17,2026-09-17
VG260025,EFSRT5,2026-II,EC2,0.20,18,2026-10-22
VG260025,EFSRT5,2026-II,EP,0.25,17,2026-10-15
VG260025,EFSRT5,2026-II,EF,0.35,,
VG260026,APS,2026-II,EC1,0.20,17,2026-09-14
VG260026,APS,2026-II,EC2,0.20,20,2026-10-19
VG260026,APS,2026-II,EP,0.25,14,2026-10-12
VG260026,APS,2026-II,EF,0.35,18,2026-12-07
VG260026,TBD,2026-II,EC1,0.20,19,2026-09-15
VG260026,TBD,2026-II,EC2,0.20,20,2026-10-20
VG260026,TBD,2026-II,EP,0.25,16,2026-10-13
VG260026,TBD,2026-II,EF,0.35,20,2026-12-08
VG260026,FIA,2026-II,EC1,0.20,15,2026-09-16
VG260026,FIA,2026-II,EC2,0.20,15,2026-10-21
VG260026,FIA,2026-II,EP,0.25,18,2026-10-14
VG260026,FIA,2026-II,EF,0.35,16,2026-12-09
VG260026,SDE,2026-II,EC1,0.20,17,2026-09-17
VG260026,SDE,2026-II,EC2,0.20,17,2026-10-22
VG260026,SDE,2026-II,EP,0.25,15,2026-10-15
VG260026,SDE,2026-II,EF,0.35,17,2026-12-10
VG260026,FCS,2026-II,EC1,0.20,19,2026-09-18
VG260026,FCS,2026-II,EC2,0.20,17,2026-10-23
VG260026,FCS,2026-II,EP,0.25,15,2026-10-16
VG260026,FCS,2026-II,EF,0.35,17,2026-12-11
VG260026,EIA,2026-II,EC1,0.20,14,2026-09-14
VG260026,EIA,2026-II,EC2,0.20,11,2026-10-19
VG260026,EIA,2026-II,EP,0.25,16,2026-10-12
VG260026,EIA,2026-II,EF,0.35,15,2026-12-07
VG260026,CII,2026-II,EC1,0.20,15,2026-09-15
VG260026,CII,2026-II,EC2,0.20,17,2026-10-20
VG260026,CII,2026-II,EP,0.25,16,2026-10-13
VG260026,CII,2026-II,EF,0.35,18,2026-12-08
VG260026,EIT,2026-II,EC1,0.20,15,2026-09-16
VG260026,EIT,2026-II,EC2,0.20,20,2026-10-21
VG260026,EIT,2026-II,EP,0.25,17,2026-10-14
VG260026,EIT,2026-II,EF,0.35,,
VG260026,EFSRT5,2026-II,EC1,0.20,19,2026-09-17
VG260026,EFSRT5,2026-II,EC2,0.20,20,2026-10-22
VG260026,EFSRT5,2026-II,EP,0.25,16,2026-10-15
VG260026,EFSRT5,2026-II,EF,0.35,,
VG260027,APS,2026-II,EC1,0.20,17,2026-09-14
VG260027,APS,2026-II,EC2,0.20,16,2026-10-19
VG260027,APS,2026-II,EP,0.25,14,2026-10-12
VG260027,APS,2026-II,EF,0.35,14,2026-12-07
VG260027,TBD,2026-II,EC1,0.20,17,2026-09-15
VG260027,TBD,2026-II,EC2,0.20,16,2026-10-20
VG260027,TBD,2026-II,EP,0.25,17,2026-10-13
VG260027,TBD,2026-II,EF,0.35,12,2026-12-08
VG260027,FIA,2026-II,EC1,0.20,14,2026-09-16
VG260027,FIA,2026-II,EC2,0.20,12,2026-10-21
VG260027,FIA,2026-II,EP,0.25,13,2026-10-14
VG260027,FIA,2026-II,EF,0.35,15,2026-12-09
VG260027,SDE,2026-II,EC1,0.20,15,2026-09-17
VG260027,SDE,2026-II,EC2,0.20,13,2026-10-22
VG260027,SDE,2026-II,EP,0.25,15,2026-10-15
VG260027,SDE,2026-II,EF,0.35,15,2026-12-10
VG260027,FCS,2026-II,EC1,0.20,14,2026-09-18
VG260027,FCS,2026-II,EC2,0.20,16,2026-10-23
VG260027,FCS,2026-II,EP,0.25,17,2026-10-16
VG260027,FCS,2026-II,EF,0.35,12,2026-12-11
VG260027,EIA,2026-II,EC1,0.20,14,2026-09-14
VG260027,EIA,2026-II,EC2,0.20,12,2026-10-19
VG260027,EIA,2026-II,EP,0.25,12,2026-10-12
VG260027,EIA,2026-II,EF,0.35,14,2026-12-07
VG260027,CII,2026-II,EC1,0.20,20,2026-09-15
VG260027,CII,2026-II,EC2,0.20,16,2026-10-20
VG260027,CII,2026-II,EP,0.25,18,2026-10-13
VG260027,CII,2026-II,EF,0.35,20,2026-12-08
VG260027,EIT,2026-II,EC1,0.20,19,2026-09-16
VG260027,EIT,2026-II,EC2,0.20,15,2026-10-21
VG260027,EIT,2026-II,EP,0.25,14,2026-10-14
VG260027,EIT,2026-II,EF,0.35,,
VG260027,EFSRT5,2026-II,EC1,0.20,18,2026-09-17
VG260027,EFSRT5,2026-II,EC2,0.20,18,2026-10-22
VG260027,EFSRT5,2026-II,EP,0.25,18,2026-10-15
VG260027,EFSRT5,2026-II,EF,0.35,,
VG260028,APS,2026-II,EC1,0.20,10,2026-09-14
VG260028,APS,2026-II,EC2,0.20,15,2026-10-19
VG260028,APS,2026-II,EP,0.25,11,2026-10-12
VG260028,APS,2026-II,EF,0.35,13,2026-12-07
VG260028,TBD,2026-II,EC1,0.20,16,2026-09-15
VG260028,TBD,2026-II,EC2,0.20,13,2026-10-20
VG260028,TBD,2026-II,EP,0.25,11,2026-10-13
VG260028,TBD,2026-II,EF,0.35,13,2026-12-08
VG260028,FIA,2026-II,EC1,0.20,12,2026-09-16
VG260028,FIA,2026-II,EC2,0.20,13,2026-10-21
VG260028,FIA,2026-II,EP,0.25,14,2026-10-14
VG260028,FIA,2026-II,EF,0.35,12,2026-12-09
VG260028,SDE,2026-II,EC1,0.20,8,2026-09-17
VG260028,SDE,2026-II,EC2,0.20,12,2026-10-22
VG260028,SDE,2026-II,EP,0.25,13,2026-10-15
VG260028,SDE,2026-II,EF,0.35,9,2026-12-10
VG260028,FCS,2026-II,EC1,0.20,13,2026-09-18
VG260028,FCS,2026-II,EC2,0.20,15,2026-10-23
VG260028,FCS,2026-II,EP,0.25,13,2026-10-16
VG260028,FCS,2026-II,EF,0.35,14,2026-12-11
VG260028,EIA,2026-II,EC1,0.20,9,2026-09-14
VG260028,EIA,2026-II,EC2,0.20,11,2026-10-19
VG260028,EIA,2026-II,EP,0.25,9,2026-10-12
VG260028,EIA,2026-II,EF,0.35,13,2026-12-07
VG260028,CII,2026-II,EC1,0.20,12,2026-09-15
VG260028,CII,2026-II,EC2,0.20,16,2026-10-20
VG260028,CII,2026-II,EP,0.25,16,2026-10-13
VG260028,CII,2026-II,EF,0.35,14,2026-12-08
VG260028,EIT,2026-II,EC1,0.20,12,2026-09-16
VG260028,EIT,2026-II,EC2,0.20,12,2026-10-21
VG260028,EIT,2026-II,EP,0.25,13,2026-10-14
VG260028,EIT,2026-II,EF,0.35,,
VG260028,EFSRT5,2026-II,EC1,0.20,14,2026-09-17
VG260028,EFSRT5,2026-II,EC2,0.20,11,2026-10-22
VG260028,EFSRT5,2026-II,EP,0.25,13,2026-10-15
VG260028,EFSRT5,2026-II,EF,0.35,,
VG260029,APS,2026-II,EC1,0.20,19,2026-09-14
VG260029,APS,2026-II,EC2,0.20,17,2026-10-19
VG260029,APS,2026-II,EP,0.25,17,2026-10-12
VG260029,APS,2026-II,EF,0.35,17,2026-12-07
VG260029,TBD,2026-II,EC1,0.20,20,2026-09-15
VG260029,TBD,2026-II,EC2,0.20,20,2026-10-20
VG260029,TBD,2026-II,EP,-0.2,18,2026-10-13
VG260029,TBD,2026-II,EF,0.35,17,2026-12-08
VG260029,FIA,2026-II,EC1,0.20,19,2026-09-16
VG260029,FIA,2026-II,EC2,0.20,18,2026-10-21
VG260029,FIA,2026-II,EP,0.25,16,2026-10-14
VG260029,FIA,2026-II,EF,0.35,17,2026-12-09
VG260029,SDE,2026-II,EC1,0.20,17,2026-09-17
VG260029,SDE,2026-II,EC2,0.20,15,2026-10-22
VG260029,SDE,2026-II,EP,0.25,15,2026-10-15
VG260029,SDE,2026-II,EF,0.35,15,2026-12-10
VG260029,FCS,2026-II,EC1,0.20,20,2026-09-18
VG260029,FCS,2026-II,EC2,0.20,20,2026-10-23
VG260029,FCS,2026-II,EP,0.25,20,2026-10-16
VG260029,FCS,2026-II,EF,0.35,20,2026-12-11
VG260029,EIA,2026-II,EC1,0.20,18,2026-09-14
VG260029,EIA,2026-II,EC2,0.20,20,2026-10-19
VG260029,EIA,2026-II,EP,0.25,19,2026-10-12
VG260029,EIA,2026-II,EF,0.35,17,2026-12-07
VG260029,CII,2026-II,EC1,0.20,20,2026-09-15
VG260029,CII,2026-II,EC2,0.20,18,2026-10-20
VG260029,CII,2026-II,EP,0.25,20,2026-10-13
VG260029,CII,2026-II,EF,0.35,20,2026-12-08
VG260029,EIT,2026-II,EC1,0.20,19,2026-09-16
VG260029,EIT,2026-II,EC2,0.20,20,2026-10-21
VG260029,EIT,2026-II,EP,0.25,20,2026-10-14
VG260029,EIT,2026-II,EF,0.35,,
VG260029,EFSRT5,2026-II,EC1,0.20,20,2026-09-17
VG260029,EFSRT5,2026-II,EC2,0.20,18,2026-10-22
VG260029,EFSRT5,2026-II,EP,0.25,20,2026-10-15
VG260029,EFSRT5,2026-II,EF,0.35,,
VG260030,APS,2026-II,EC1,0.20,13,2026-09-14
VG260030,APS,2026-II,EC2,0.20,10,2026-10-19
VG260030,APS,2026-II,EP,0.25,15,2026-10-12
VG260030,APS,2026-II,EF,0.35,12,2026-12-07
VG260030,TBD,2026-II,EC1,0.20,12,2026-09-15
VG260030,TBD,2026-II,EC2,0.20,13,2026-10-20
VG260030,TBD,2026-II,EP,0.25,14,2026-10-13
VG260030,TBD,2026-II,EF,0.35,13,2026-12-08
VG260030,FIA,2026-II,EC1,0.20,13,2026-09-16
VG260030,FIA,2026-II,EC2,0.20,14,2026-10-21
VG260030,FIA,2026-II,EP,0.25,12,2026-10-14
VG260030,FIA,2026-II,EF,0.35,15,2026-12-09
VG260030,SDE,2026-II,EC1,0.20,12,2026-09-17
VG260030,SDE,2026-II,EC2,0.20,9,2026-10-22
VG260030,SDE,2026-II,EP,0.25,10,2026-10-15
VG260030,SDE,2026-II,EF,0.35,12,2026-12-10
VG260030,FCS,2026-II,EC1,0.20,16,2026-09-18
VG260030,FCS,2026-II,EC2,0.20,14,2026-10-23
VG260030,FCS,2026-II,EP,0.25,12,2026-10-16
VG260030,FCS,2026-II,EF,0.35,10,2026-12-11
VG260030,EIA,2026-II,EC1,0.20,11,2026-09-14
VG260030,EIA,2026-II,EC2,0.20,14,2026-10-19
VG260030,EIA,2026-II,EP,0.25,9,2026-10-12
VG260030,EIA,2026-II,EF,0.35,16,2026-12-07
VG260030,CII,2026-II,EC1,0.20,13,2026-09-15
VG260030,CII,2026-II,EC2,0.20,15,2026-10-20
VG260030,CII,2026-II,EP,0.25,13,2026-10-13
VG260030,CII,2026-II,EF,0.35,14,2026-12-08
VG260030,EIT,2026-II,EC1,0.20,15,2026-09-16
VG260030,EIT,2026-II,EC2,0.20,11,2026-10-21
VG260030,EIT,2026-II,EP,0.25,11,2026-10-14
VG260030,EIT,2026-II,EF,0.35,,
VG260030,EFSRT5,2026-II,EC1,0.20,12,2026-09-17
VG260030,EFSRT5,2026-II,EC2,0.20,13,2026-10-22
VG260030,EFSRT5,2026-II,EP,0.25,15,2026-10-15
VG260030,EFSRT5,2026-II,EF,0.35,,
VG260031,APS,2026-II,EC1,0.20,13,2026-09-14
VG260031,APS,2026-II,EC2,0.20,20,2026-10-19
VG260031,APS,2026-II,EP,0.25,15,2026-10-12
VG260031,APS,2026-II,EF,0.35,19,2026-12-07
VG260031,TBD,2026-II,EC1,0.20,14,2026-09-15
VG260031,TBD,2026-II,EC2,0.20,15,2026-10-20
VG260031,TBD,2026-II,EP,0.25,12,2026-10-13
VG260031,TBD,2026-II,EF,0.35,13,2026-12-08
VG260031,FIA,2026-II,EC1,0.20,16,2026-09-16
VG260031,FIA,2026-II,EC2,0.20,17,2026-10-21
VG260031,FIA,2026-II,EP,0.25,17,2026-10-14
VG260031,FIA,2026-II,EF,0.35,16,2026-12-09
VG260031,SDE,2026-II,EC1,0.20,17,2026-09-17
VG260031,SDE,2026-II,EC2,0.20,14,2026-10-22
VG260031,SDE,2026-II,EP,0.25,16,2026-10-15
VG260031,SDE,2026-II,EF,0.35,12,2026-12-10
VG260031,FCS,2026-II,EC1,0.20,16,2026-09-18
VG260031,FCS,2026-II,EC2,0.20,18,2026-10-23
VG260031,FCS,2026-II,EP,0.25,19,2026-10-16
VG260031,FCS,2026-II,EF,0.35,17,2026-12-11
VG260031,EIA,2026-II,EC1,0.20,16,2026-09-14
VG260031,EIA,2026-II,EC2,0.20,13,2026-10-19
VG260031,EIA,2026-II,EP,0.25,16,2026-10-12
VG260031,EIA,2026-II,EF,0.35,14,2026-12-07
VG260031,CII,2026-II,EC1,0.20,17,2026-09-15
VG260031,CII,2026-II,EC2,0.20,14,2026-10-20
VG260031,CII,2026-II,EP,0.25,12,2026-10-13
VG260031,CII,2026-II,EF,0.35,20,2026-12-08
VG260031,EIT,2026-II,EC1,0.20,18,2026-09-16
VG260031,EIT,2026-II,EC2,0.20,18,2026-10-21
VG260031,EIT,2026-II,EP,0.25,14,2026-10-14
VG260031,EIT,2026-II,EF,0.35,,
VG260031,EFSRT5,2026-II,EC1,0.20,17,2026-09-17
VG260031,EFSRT5,2026-II,EC2,0.20,16,2026-10-22
VG260031,EFSRT5,2026-II,EP,0.25,16,2026-10-15
VG260031,EFSRT5,2026-II,EF,0.35,,
VG260032,APS,2026-II,EC1,0.20,16,2026-09-14
VG260032,APS,2026-II,EC2,0.20,18,2026-10-19
VG260032,APS,2026-II,EP,0.25,20,2026-10-12
VG260032,APS,2026-II,EF,0.35,17,2026-12-07
VG260032,TBD,2026-II,EC1,0.20,17,2026-09-15
VG260032,TBD,2026-II,EC2,0.20,13,2026-10-20
VG260032,TBD,2026-II,EP,0.25,18,2026-10-13
VG260032,TBD,2026-II,EF,0.35,16,2026-12-08
VG260032,FIA,2026-II,EC1,0.20,20,2026-09-16
VG260032,FIA,2026-II,EC2,0.20,16,2026-10-21
VG260032,FIA,2026-II,EP,0.25,15,2026-10-14
VG260032,FIA,2026-II,EF,0.35,16,2026-12-09
VG260032,SDE,2026-II,EC1,0.20,16,2026-09-17
VG260032,SDE,2026-II,EC2,0.20,15,2026-10-22
VG260032,SDE,2026-II,EP,0.25,16,2026-10-15
VG260032,SDE,2026-II,EF,0.35,16,2026-12-10
VG260032,FCS,2026-II,EC1,0.20,16,2026-09-18
VG260032,FCS,2026-II,EC2,0.20,17,2026-10-23
VG260032,FCS,2026-II,EP,0.25,18,2026-10-16
VG260032,FCS,2026-II,EF,0.35,19,2026-12-11
VG260032,EIA,2026-II,EC1,0.20,17,2026-09-14
VG260032,EIA,2026-II,EC2,0.20,15,2026-10-19
VG260032,EIA,2026-II,EP,0.25,18,2026-10-12
VG260032,EIA,2026-II,EF,0.35,17,2026-12-07
VG260032,CII,2026-II,EC1,0.20,20,2026-09-15
VG260032,CII,2026-II,EC2,0.20,16,2026-10-20
VG260032,CII,2026-II,EP,0.25,16,2026-10-13
VG260032,CII,2026-II,EF,0.35,19,2026-12-08
VG260032,EIT,2026-II,EC1,0.20,16,2026-09-16
VG260032,EIT,2026-II,EC2,0.20,20,2026-10-21
VG260032,EIT,2026-II,EP,0.25,17,2026-10-14
VG260032,EIT,2026-II,EF,0.35,,
VG260032,EFSRT5,2026-II,EC1,0.20,15,2026-09-17
VG260032,EFSRT5,2026-II,EC2,0.20,18,2026-10-22
VG260032,EFSRT5,2026-II,EP,0.25,17,2026-10-15
VG260032,EFSRT5,2026-II,EF,0.35,,
VG260033,APS,2026-II,EC1,0.20,19,2026-09-14
VG260033,APS,2026-II,EC2,0.20,17,2026-10-19
VG260033,APS,2026-II,EP,0.25,18,2026-10-12
VG260033,APS,2026-II,EF,0.35,17,2026-12-07
VG260033,TBD,2026-II,EC1,0.20,16,2026-09-15
VG260033,TBD,2026-II,EC2,0.20,16,2026-10-20
VG260033,TBD,2026-II,EP,0.25,13,2026-10-13
VG260033,TBD,2026-II,EF,0.35,15,2026-12-08
VG260033,FIA,2026-II,EC1,0.20,18,2026-09-16
VG260033,FIA,2026-II,EC2,0.20,20,2026-10-21
VG260033,FIA,2026-II,EP,0.25,13,2026-10-14
VG260033,FIA,2026-II,EF,0.35,18,2026-12-09
VG260033,SDE,2026-II,EC1,0.20,10,2026-09-17
VG260033,SDE,2026-II,EC2,0.20,14,2026-10-22
VG260033,SDE,2026-II,EP,0.25,16,2026-10-15
VG260033,SDE,2026-II,EF,0.35,18,2026-12-10
VG260033,FCS,2026-II,EC1,0.20,19,2026-09-18
VG260033,FCS,2026-II,EC2,0.20,17,2026-10-23
VG260033,FCS,2026-II,EP,0.25,17,2026-10-16
VG260033,FCS,2026-II,EF,0.35,14,2026-12-11
VG260033,EIA,2026-II,EC1,0.20,16,2026-09-14
VG260033,EIA,2026-II,EC2,0.20,14,2026-10-19
VG260033,EIA,2026-II,EP,0.25,20,2026-10-12
VG260033,EIA,2026-II,EF,0.35,15,2026-12-07
VG260033,CII,2026-II,EC1,0.20,20,2026-09-15
VG260033,CII,2026-II,EC2,0.20,19,2026-10-20
VG260033,CII,2026-II,EP,0.25,20,2026-10-13
VG260033,CII,2026-II,EF,0.35,16,2026-12-08
VG260033,EIT,2026-II,EC1,0.20,16,2026-09-16
VG260033,EIT,2026-II,EC2,0.20,17,2026-10-21
VG260033,EIT,2026-II,EP,0.25,17,2026-10-14
VG260033,EIT,2026-II,EF,0.35,,
VG260033,EFSRT5,2026-II,EC1,0.20,16,2026-09-17
VG260033,EFSRT5,2026-II,EC2,0.20,17,2026-10-22
VG260033,EFSRT5,2026-II,EP,0.25,19,2026-10-15
VG260033,EFSRT5,2026-II,EF,0.35,,
VG260034,APS,2026-II,EC1,0.20,14,2026-09-14
VG260034,APS,2026-II,EC2,0.20,13,2026-10-19
VG260034,APS,2026-II,EP,0.25,12,2026-10-12
VG260034,APS,2026-II,EF,0.35,9,2026-12-07
VG260034,TBD,2026-II,EC1,0.20,12,2026-09-15
VG260034,TBD,2026-II,EC2,0.20,8,2026-10-20
VG260034,TBD,2026-II,EP,0.25,9,2026-10-13
VG260034,TBD,2026-II,EF,0.35,15,2026-12-08
VG260034,FIA,2026-II,EC1,0.20,10,2026-09-16
VG260034,FIA,2026-II,EC2,0.20,10,2026-10-21
VG260034,FIA,2026-II,EP,0.25,10,2026-10-14
VG260034,FIA,2026-II,EF,0.35,9,2026-12-09
VG260034,SDE,2026-II,EC1,0.20,8,2026-09-17
VG260034,SDE,2026-II,EC2,0.20,12,2026-10-22
VG260034,SDE,2026-II,EP,0.25,9,2026-10-15
VG260034,SDE,2026-II,EF,0.35,8,2026-12-10
VG260034,FCS,2026-II,EC1,0.20,14,2026-09-18
VG260034,FCS,2026-II,EC2,0.20,11,2026-10-23
VG260034,FCS,2026-II,EP,0.25,10,2026-10-16
VG260034,FCS,2026-II,EF,0.35,12,2026-12-11
VG260034,EIA,2026-II,EC1,0.20,12,2026-09-14
VG260034,EIA,2026-II,EC2,0.20,7,2026-10-19
VG260034,EIA,2026-II,EP,0.25,10,2026-10-12
VG260034,EIA,2026-II,EF,0.35,9,2026-12-07
VG260034,CII,2026-II,EC1,0.20,14,2026-09-15
VG260034,CII,2026-II,EC2,0.20,13,2026-10-20
VG260034,CII,2026-II,EP,0.25,14,2026-10-13
VG260034,CII,2026-II,EF,0.35,12,2026-12-08
VG260034,EIT,2026-II,EC1,0.20,11,2026-09-16
VG260034,EIT,2026-II,EC2,0.20,17,2026-10-21
VG260034,EIT,2026-II,EP,0.25,12,2026-10-14
VG260034,EIT,2026-II,EF,0.35,,
VG260034,EFSRT5,2026-II,EC1,0.20,10,2026-09-17
VG260034,EFSRT5,2026-II,EC2,0.20,16,2026-10-22
VG260034,EFSRT5,2026-II,EP,0.25,14,2026-10-15
VG260034,EFSRT5,2026-II,EF,0.35,,
VG260035,APS,2026-II,EC1,0.20,18,2026-09-14
VG260035,APS,2026-II,EC2,0.20,17,2026-10-19
VG260035,APS,2026-II,EP,0.25,16,2026-10-12
VG260035,APS,2026-II,EF,0.35,16,2026-12-07
VG260035,TBD,2026-II,EC1,0.20,17,2026-09-15
VG260035,TBD,2026-II,EC2,0.20,16,2026-10-20
VG260035,TBD,2026-II,EP,0.25,17,2026-10-13
VG260035,TBD,2026-II,EF,0.35,15,2026-12-08
VG260035,FIA,2026-II,EC1,0.20,18,2026-09-16
VG260035,FIA,2026-II,EC2,0.20,11,2026-10-21
VG260035,FIA,2026-II,EP,0.25,16,2026-10-14
VG260035,FIA,2026-II,EF,0.35,21,2026-12-09
VG260035,SDE,2026-II,EC1,0.20,17,2026-09-17
VG260035,SDE,2026-II,EC2,0.20,13,2026-10-22
VG260035,SDE,2026-II,EP,0.25,14,2026-10-15
VG260035,SDE,2026-II,EF,0.35,14,2026-12-10
VG260035,FCS,2026-II,EC1,0.20,15,2026-09-18
VG260035,FCS,2026-II,EC2,0.20,16,2026-10-23
VG260035,FCS,2026-II,EP,0.25,14,2026-10-16
VG260035,FCS,2026-II,EF,0.35,15,2026-12-11
VG260035,EIA,2026-II,EC1,0.20,15,2026-09-14
VG260035,EIA,2026-II,EC2,0.20,13,2026-10-19
VG260035,EIA,2026-II,EP,0.25,18,2026-10-12
VG260035,EIA,2026-II,EF,0.35,14,2026-12-07
VG260035,CII,2026-II,EC1,0.20,17,2026-09-15
VG260035,CII,2026-II,EC2,0.20,18,2026-10-20
VG260035,CII,2026-II,EP,0.25,16,2026-10-13
VG260035,CII,2026-II,EF,0.35,18,2026-12-08
VG260035,EIT,2026-II,EC1,0.20,18,2026-09-16
VG260035,EIT,2026-II,EC2,0.20,19,2026-10-21
VG260035,EIT,2026-II,EP,0.25,19,2026-10-14
VG260035,EIT,2026-II,EF,0.35,,
VG260035,EFSRT5,2026-II,EC1,0.20,18,2026-09-17
VG260035,EFSRT5,2026-II,EC2,0.20,19,2026-10-22
VG260035,EFSRT5,2026-II,EP,0.25,18,2026-10-15
VG260035,EFSRT5,2026-II,EF,0.35,,
VG260036,APS,2026-II,EC1,0.20,14,2026-09-14
VG260036,APS,2026-II,EC2,0.20,15,2026-10-19
VG260036,APS,2026-II,EP,0.25,12,2026-10-12
VG260036,APS,2026-II,EF,0.35,14,2026-12-07
VG260036,TBD,2026-II,EC1,0.20,12,2026-09-15
VG260036,TBD,2026-II,EC2,0.20,13,2026-10-20
VG260036,TBD,2026-II,EP,0.25,17,2026-10-13
VG260036,TBD,2026-II,EF,0.35,11,2026-12-08
VG260036,FIA,2026-II,EC1,0.20,18,2026-09-16
VG260036,FIA,2026-II,EC2,0.20,12,2026-10-21
VG260036,FIA,2026-II,EP,0.25,11,2026-10-14
VG260036,FIA,2026-II,EF,0.35,12,2026-12-09
VG260036,SDE,2026-II,EC1,0.20,14,2026-09-17
VG260036,SDE,2026-II,EC2,0.20,17,2026-10-22
VG260036,SDE,2026-II,EP,0.25,11,2026-10-15
VG260036,SDE,2026-II,EF,0.35,14,2026-12-10
VG260036,FCS,2026-II,EC1,0.20,15,2026-09-18
VG260036,FCS,2026-II,EC2,0.20,15,2026-10-23
VG260036,FCS,2026-II,EP,0.25,18,2026-10-16
VG260036,FCS,2026-II,EF,0.35,13,2026-12-11
VG260036,EIA,2026-II,EC1,0.20,13,2026-09-14
VG260036,EIA,2026-II,EC2,0.20,14,2026-10-19
VG260036,EIA,2026-II,EP,0.25,12,2026-10-12
VG260036,EIA,2026-II,EF,0.35,14,2026-12-07
VG260036,CII,2026-II,EC1,0.20,14,2026-09-15
VG260036,CII,2026-II,EC2,0.20,14,2026-10-20
VG260036,CII,2026-II,EP,0.25,13,2026-10-13
VG260036,CII,2026-II,EF,0.35,15,2026-12-08
VG260036,EIT,2026-II,EC1,0.20,14,2026-09-16
VG260036,EIT,2026-II,EC2,0.20,14,2026-10-21
VG260036,EIT,2026-II,EP,0.25,16,2026-10-14
VG260036,EIT,2026-II,EF,0.35,,
VG260036,EFSRT5,2026-II,EC1,0.20,13,2026-09-17
VG260036,EFSRT5,2026-II,EC2,0.20,15,2026-10-22
VG260036,EFSRT5,2026-II,EP,0.25,15,2026-10-15
VG260036,EFSRT5,2026-II,EF,0.35,,
VG260037,APS,2026-II,EC1,0.20,19,2026-09-14
VG260037,APS,2026-II,EC2,0.20,16,2026-10-19
VG260037,APS,2026-II,EP,0.25,17,2026-10-12
VG260037,APS,2026-II,EF,0.35,13,2026-12-07
VG260037,TBD,2026-II,EC1,0.20,17,2026-09-15
VG260037,TBD,2026-II,EC2,0.20,18,2026-10-20
VG260037,TBD,2026-II,EP,0.25,14,2026-10-13
VG260037,TBD,2026-II,EF,0.35,18,2026-12-08
VG260037,FIA,2026-II,EC1,0.20,16,2026-09-16
VG260037,FIA,2026-II,EC2,0.20,19,2026-10-21
VG260037,FIA,2026-II,EP,0.25,18,2026-10-14
VG260037,FIA,2026-II,EF,0.35,14,2026-12-09
VG260037,SDE,2026-II,EC1,0.20,18,2026-09-17
VG260037,SDE,2026-II,EC2,0.20,17,2026-10-22
VG260037,SDE,2026-II,EP,0.25,17,2026-10-15
VG260037,SDE,2026-II,EF,0.35,16,2026-12-10
VG260037,FCS,2026-II,EC1,0.20,16,2026-09-18
VG260037,FCS,2026-II,EC2,0.20,19,2026-10-23
VG260037,FCS,2026-II,EP,0.25,20,2026-10-16
VG260037,FCS,2026-II,EF,0.35,17,2026-12-11
VG260037,EIA,2026-II,EC1,0.20,20,2026-09-14
VG260037,EIA,2026-II,EC2,0.20,19,2026-10-19
VG260037,EIA,2026-II,EP,0.25,17,2026-10-12
VG260037,EIA,2026-II,EF,0.35,16,2026-12-07
VG260037,CII,2026-II,EC1,0.20,17,2026-09-15
VG260037,CII,2026-II,EC2,0.20,18,2026-10-20
VG260037,CII,2026-II,EP,0.25,17,2026-10-13
VG260037,CII,2026-II,EF,0.35,16,2026-12-08
VG260037,EIT,2026-II,EC1,0.20,16,2026-09-16
VG260037,EIT,2026-II,EC2,0.20,13,2026-10-21
VG260037,EIT,2026-II,EP,0.25,16,2026-10-14
VG260037,EIT,2026-II,EF,0.35,,
VG260037,EFSRT5,2026-II,EC1,0.20,20,2026-09-17
VG260037,EFSRT5,2026-II,EC2,0.20,17,2026-10-22
VG260037,EFSRT5,2026-II,EP,0.25,17,2026-10-15
VG260037,EFSRT5,2026-II,EF,0.35,,
VG260038,APS,2026-II,EC1,0.20,14,2026-09-14
VG260038,APS,2026-II,EC2,0.20,14,2026-10-19
VG260038,APS,2026-II,EP,0.25,13,2026-10-12
VG260038,APS,2026-II,EF,0.35,14,2026-12-07
VG260038,TBD,2026-II,EC1,0.20,13,2026-09-15
VG260038,TBD,2026-II,EC2,0.20,13,2026-10-20
VG260038,TBD,2026-II,EP,0.25,13,2026-10-13
VG260038,TBD,2026-II,EF,0.35,10,2026-12-08
VG260038,FIA,2026-II,EC1,0.20,14,2026-09-16
VG260038,FIA,2026-II,EC2,0.20,11,2026-10-21
VG260038,FIA,2026-II,EP,0.25,12,2026-10-14
VG260038,FIA,2026-II,EF,0.35,16,2026-12-09
VG260038,SDE,2026-II,EC1,0.20,16,2026-09-17
VG260038,SDE,2026-II,EC2,0.20,17,2026-10-22
VG260038,SDE,2026-II,EP,0.25,15,2026-10-15
VG260038,SDE,2026-II,EF,0.35,13,2026-12-10
VG260038,FCS,2026-II,EC1,0.20,11,2026-09-18
VG260038,FCS,2026-II,EC2,0.20,14,2026-10-23
VG260038,FCS,2026-II,EP,0.25,11,2026-10-16
VG260038,FCS,2026-II,EF,0.35,10,2026-12-11
VG260038,EIA,2026-II,EC1,0.20,13,2026-09-14
VG260038,EIA,2026-II,EC2,0.20,15,2026-10-19
VG260038,EIA,2026-II,EP,0.25,9,2026-10-12
VG260038,EIA,2026-II,EF,0.35,13,2026-12-07
VG260038,CII,2026-II,EC1,0.20,17,2026-09-15
VG260038,CII,2026-II,EC2,0.20,14,2026-10-20
VG260038,CII,2026-II,EP,0.25,11,2026-10-13
VG260038,CII,2026-II,EF,0.35,12,2026-12-08
VG260038,EIT,2026-II,EC1,0.20,12,2026-09-16
VG260038,EIT,2026-II,EC2,0.20,12,2026-10-21
VG260038,EIT,2026-II,EP,0.25,13,2026-10-14
VG260038,EIT,2026-II,EF,0.35,,
VG260038,EFSRT5,2026-II,EC1,0.20,16,2026-09-17
VG260038,EFSRT5,2026-II,EC2,0.20,11,2026-10-22
VG260038,EFSRT5,2026-II,EP,0.25,15,2026-10-15
VG260038,EFSRT5,2026-II,EF,0.35,,
VG260039,APS,2026-II,EC1,0.20,13,2026-09-14
VG260039,APS,2026-II,EC2,0.20,15,2026-10-19
VG260039,APS,2026-II,EP,0.25,13,2026-10-12
VG260039,APS,2026-II,EF,0.35,15,2026-12-07
VG260039,TBD,2026-II,EC1,0.20,13,2026-09-15
VG260039,TBD,2026-II,EC2,0.20,12,2026-10-20
VG260039,TBD,2026-II,EP,0.25,11,2026-10-13
VG260039,TBD,2026-II,EF,0.35,14,2026-12-08
VG260039,FIA,2026-II,EC1,0.20,16,2026-09-16
VG260039,FIA,2026-II,EC2,0.20,15,2026-10-21
VG260039,FIA,2026-II,EP,0.25,14,2026-10-14
VG260039,FIA,2026-II,EF,0.35,11,2026-12-09
VG260039,SDE,2026-II,EC1,0.20,12,2026-09-17
VG260039,SDE,2026-II,EC2,0.20,11,2026-10-22
VG260039,SDE,2026-II,EP,0.25,13,2026-10-15
VG260039,SDE,2026-II,EF,0.35,11,2026-12-10
VG260039,FCS,2026-II,EC1,0.20,13,2026-09-18
VG260039,FCS,2026-II,EC2,0.20,12,2026-10-23
VG260039,FCS,2026-II,EP,0.25,10,2026-10-16
VG260039,FCS,2026-II,EF,0.35,12,2026-12-11
VG260039,EIA,2026-II,EC1,0.20,12,2026-09-14
VG260039,EIA,2026-II,EC2,0.20,16,2026-10-19
VG260039,EIA,2026-II,EP,0.25,13,2026-10-12
VG260039,EIA,2026-II,EF,0.35,9,2026-12-07
VG260039,CII,2026-II,EC1,0.20,14,2026-09-15
VG260039,CII,2026-II,EC2,0.20,16,2026-10-20
VG260039,CII,2026-II,EP,0.25,13,2026-10-13
VG260039,CII,2026-II,EF,0.35,14,2026-12-08
VG260039,EIT,2026-II,EC1,0.20,11,2026-09-16
VG260039,EIT,2026-II,EC2,0.20,13,2026-10-21
VG260039,EIT,2026-II,EP,0.25,15,2026-10-14
VG260039,EIT,2026-II,EF,0.35,,
VG260039,EFSRT5,2026-II,EC1,0.20,15,2026-09-17
VG260039,EFSRT5,2026-II,EC2,0.20,17,2026-10-22
VG260039,EFSRT5,2026-II,EP,0.25,18,2026-10-15
VG260039,EFSRT5,2026-II,EF,0.35,,
VG260040,APS,2026-II,EC1,0.20,12,2026-09-14
VG260040,APS,2026-II,EC2,0.20,13,2026-10-19
VG260040,APS,2026-II,EP,0.25,12,2026-10-12
VG260040,APS,2026-II,EF,0.35,9,2026-12-07
VG260040,TBD,2026-II,EC1,0.20,11,2026-09-15
VG260040,TBD,2026-II,EC2,0.20,11,2026-10-20
VG260040,TBD,2026-II,EP,0.25,11,2026-10-13
VG260040,TBD,2026-II,EF,0.35,15,2026-12-08
VG260040,FIA,2026-II,EC1,0.20,14,2026-09-16
VG260040,FIA,2026-II,EC2,0.20,9,2026-10-21
VG260040,FIA,2026-II,EP,0.25,12,2026-10-14
VG260040,FIA,2026-II,EF,0.35,12,2026-12-09
VG260040,SDE,2026-II,EC1,0.20,11,2026-09-17
VG260040,SDE,2026-II,EC2,0.20,11,2026-10-22
VG260040,SDE,2026-II,EP,0.25,10,2026-10-15
VG260040,SDE,2026-II,EF,0.35,8,2026-12-10
VG260040,FCS,2026-II,EC1,0.20,12,2026-09-18
VG260040,FCS,2026-II,EC2,0.20,15,2026-10-23
VG260040,FCS,2026-II,EP,0.25,10,2026-10-16
VG260040,FCS,2026-II,EF,0.35,11,2026-12-11
VG260040,EIA,2026-II,EC1,0.20,8,2026-09-14
VG260040,EIA,2026-II,EC2,0.20,11,2026-10-19
VG260040,EIA,2026-II,EP,0.25,12,2026-10-12
VG260040,EIA,2026-II,EF,0.35,12,2026-12-07
VG260040,CII,2026-II,EC1,0.20,10,2026-09-15
VG260040,CII,2026-II,EC2,0.20,11,2026-10-20
VG260040,CII,2026-II,EP,0.25,9,2026-10-13
VG260040,CII,2026-II,EF,0.35,13,2026-12-08
VG260040,EIT,2026-II,EC1,0.20,11,2026-09-16
VG260040,EIT,2026-II,EC2,0.20,7,2026-10-21
VG260040,EIT,2026-II,EP,0.25,10,2026-10-14
VG260040,EIT,2026-II,EF,0.35,,
VG260040,EFSRT5,2026-II,EC1,0.20,12,2026-09-17
VG260040,EFSRT5,2026-II,EC2,0.20,14,2026-10-22
VG260040,EFSRT5,2026-II,EP,0.25,12,2026-10-15
VG260040,EFSRT5,2026-II,EF,0.35,,
VG260041,APS,2026-II,EC1,0.20,16,2026-09-14
VG260041,APS,2026-II,EC2,0.20,17,2026-10-19
VG260041,APS,2026-II,EP,0.25,17,2026-10-12
VG260041,APS,2026-II,EF,0.35,15,2026-12-07
VG260041,TBD,2026-II,EC1,0.20,14,2026-09-15
VG260041,TBD,2026-II,EC2,0.20,15,2026-10-20
VG260041,TBD,2026-II,EP,0.25,13,2026-10-13
VG260041,TBD,2026-II,EF,0.35,14,2026-12-08
VG260041,FIA,2026-II,EC1,0.20,15,2026-09-16
VG260041,FIA,2026-II,EC2,0.20,12,2026-10-21
VG260041,FIA,2026-II,EP,0.25,14,2026-10-14
VG260041,FIA,2026-II,EF,0.35,14,2026-12-09
VG260041,SDE,2026-II,EC1,0.20,13,2026-09-17
VG260041,SDE,2026-II,EC2,0.20,13,2026-10-22
VG260041,SDE,2026-II,EP,0.25,17,2026-10-15
VG260041,SDE,2026-II,EF,0.35,16,2026-12-10
VG260041,FCS,2026-II,EC1,0.20,18,2026-09-18
VG260041,FCS,2026-II,EC2,0.20,20,2026-10-23
VG260041,FCS,2026-II,EP,0.25,16,2026-10-16
VG260041,FCS,2026-II,EF,0.35,18,2026-12-11
VG260041,EIA,2026-II,EC1,0.20,17,2026-09-14
VG260041,EIA,2026-II,EC2,0.20,14,2026-10-19
VG260041,EIA,2026-II,EP,0.25,15,2026-10-12
VG260041,EIA,2026-II,EF,0.35,15,2026-12-07
VG260041,CII,2026-II,EC1,0.20,18,2026-09-15
VG260041,CII,2026-II,EC2,0.20,17,2026-10-20
VG260041,CII,2026-II,EP,0.25,13,2026-10-13
VG260041,CII,2026-II,EF,0.35,18,2026-12-08
VG260041,EIT,2026-II,EC1,0.20,17,2026-09-16
VG260041,EIT,2026-II,EC2,0.20,17,2026-10-21
VG260041,EIT,2026-II,EP,0.25,14,2026-10-14
VG260041,EIT,2026-II,EF,0.35,,
VG260041,EFSRT5,2026-II,EC1,0.20,18,2026-09-17
VG260041,EFSRT5,2026-II,EC2,0.20,17,2026-10-22
VG260041,EFSRT5,2026-II,EP,0.25,15,2026-10-15
VG260041,EFSRT5,2026-II,EF,0.35,,
VG260042,APS,2026-II,EC1,0.20,14,2026-09-14
VG260042,APS,2026-II,EC2,0.20,17,2026-10-19
VG260042,APS,2026-II,EP,0.25,15,2026-10-12
VG260042,APS,2026-II,EF,0.35,14,2026-12-07
VG260042,TBD,2026-II,EC1,0.20,14,2026-09-15
VG260042,TBD,2026-II,EC2,0.20,14,2026-10-20
VG260042,TBD,2026-II,EP,0.25,13,2026-10-13
VG260042,TBD,2026-II,EF,0.35,14,2026-12-08
VG260042,FIA,2026-II,EC1,0.20,15,2026-09-16
VG260042,FIA,2026-II,EC2,0.20,15,2026-10-21
VG260042,FIA,2026-II,EP,0.25,14,2026-10-14
VG260042,FIA,2026-II,EF,0.35,13,2026-12-09
VG260042,SDE,2026-II,EC1,0.20,14,2026-09-17
VG260042,SDE,2026-II,EC2,0.20,18,2026-10-22
VG260042,SDE,2026-II,EP,0.25,12,2026-10-15
VG260042,SDE,2026-II,EF,0.35,14,2026-12-10
VG260042,FCS,2026-II,EC1,0.20,15,2026-09-18
VG260042,FCS,2026-II,EC2,0.20,14,2026-10-23
VG260042,FCS,2026-II,EP,0.25,15,2026-10-16
VG260042,FCS,2026-II,EF,0.35,16,2026-12-11
VG260042,EIA,2026-II,EC1,0.20,15,2026-09-14
VG260042,EIA,2026-II,EC2,0.20,13,2026-10-19
VG260042,EIA,2026-II,EP,0.25,13,2026-10-12
VG260042,EIA,2026-II,EF,0.35,13,2026-12-07
VG260042,CII,2026-II,EC1,0.20,16,2026-09-15
VG260042,CII,2026-II,EC2,0.20,13,2026-10-20
VG260042,CII,2026-II,EP,0.25,14,2026-10-13
VG260042,CII,2026-II,EF,0.35,14,2026-12-08
VG260042,EIT,2026-II,EC1,0.20,15,2026-09-16
VG260042,EIT,2026-II,EC2,0.20,16,2026-10-21
VG260042,EIT,2026-II,EP,0.25,17,2026-10-14
VG260042,EIT,2026-II,EF,0.35,,
VG260042,EFSRT5,2026-II,EC1,0.20,14,2026-09-17
VG260042,EFSRT5,2026-II,EC2,0.20,16,2026-10-22
VG260042,EFSRT5,2026-II,EP,0.25,18,2026-10-15
VG260042,EFSRT5,2026-II,EF,0.35,,
VG260043,APS,2026-II,EC1,0.20,14,2026-09-14
VG260043,APS,2026-II,EC2,0.20,20,2026-10-19
VG260043,APS,2026-II,EP,0.25,19,2026-10-12
VG260043,APS,2026-II,EF,0.35,20,2026-12-07
VG260043,TBD,2026-II,EC1,0.20,19,2026-09-15
VG260043,TBD,2026-II,EC2,0.20,15,2026-10-20
VG260043,TBD,2026-II,EP,0.25,20,2026-10-13
VG260043,TBD,2026-II,EF,0.35,16,2026-12-08
VG260043,FIA,2026-II,EC1,0.20,20,2026-09-16
VG260043,FIA,2026-II,EC2,0.20,20,2026-10-21
VG260043,FIA,2026-II,EP,0.25,20,2026-10-14
VG260043,FIA,2026-II,EF,0.35,18,2026-12-09
VG260043,SDE,2026-II,EC1,0.20,20,2026-09-17
VG260043,SDE,2026-II,EC2,0.20,20,2026-10-22
VG260043,SDE,2026-II,EP,0.25,20,2026-10-15
VG260043,SDE,2026-II,EF,0.35,17,2026-12-10
VG260043,FCS,2026-II,EC1,0.20,20,2026-09-18
VG260043,FCS,2026-II,EC2,0.20,20,2026-10-23
VG260043,FCS,2026-II,EP,0.25,16,2026-10-16
VG260043,FCS,2026-II,EF,0.35,16,2026-12-11
VG260043,EIA,2026-II,EC1,0.20,17,2026-09-14
VG260043,EIA,2026-II,EC2,0.20,16,2026-10-19
VG260043,EIA,2026-II,EP,0.25,18,2026-10-12
VG260043,EIA,2026-II,EF,0.35,19,2026-12-07
VG260043,CII,2026-II,EC1,0.20,17,2026-09-15
VG260043,CII,2026-II,EC2,0.20,20,2026-10-20
VG260043,CII,2026-II,EP,0.25,20,2026-10-13
VG260043,CII,2026-II,EF,0.35,20,2026-12-08
VG260043,EIT,2026-II,EC1,0.20,20,2026-09-16
VG260043,EIT,2026-II,EC2,0.20,19,2026-10-21
VG260043,EIT,2026-II,EP,0.25,20,2026-10-14
VG260043,EIT,2026-II,EF,0.35,,
VG260043,EFSRT5,2026-II,EC1,0.20,20,2026-09-17
VG260043,EFSRT5,2026-II,EC2,0.20,20,2026-10-22
VG260043,EFSRT5,2026-II,EP,0.25,20,2026-10-15
VG260043,EFSRT5,2026-II,EF,0.35,,
VG260044,APS,2026-II,EC1,0.20,19,2026-09-14
VG260044,APS,2026-II,EC2,0.20,17,2026-10-19
VG260044,APS,2026-II,EP,0.25,17,2026-10-12
VG260044,APS,2026-II,EF,0.35,17,2026-12-07
VG260044,TBD,2026-II,EC1,0.20,15,2026-09-15
VG260044,TBD,2026-II,EC2,0.20,15,2026-10-20
VG260044,TBD,2026-II,EP,0.25,14,2026-10-13
VG260044,TBD,2026-II,EF,0.35,18,2026-12-08
VG260044,FIA,2026-II,EC1,0.20,19,2026-09-16
VG260044,FIA,2026-II,EC2,0.20,17,2026-10-21
VG260044,FIA,2026-II,EP,0.25,16,2026-10-14
VG260044,FIA,2026-II,EF,0.35,19,2026-12-09
VG260044,SDE,2026-II,EC1,0.20,13,2026-09-17
VG260044,SDE,2026-II,EC2,0.20,16,2026-10-22
VG260044,SDE,2026-II,EP,0.25,16,2026-10-15
VG260044,SDE,2026-II,EF,0.35,14,2026-12-10
VG260044,FCS,2026-II,EC1,0.20,15,2026-09-18
VG260044,FCS,2026-II,EC2,0.20,16,2026-10-23
VG260044,FCS,2026-II,EP,0.25,13,2026-10-16
VG260044,FCS,2026-II,EF,0.35,18,2026-12-11
VG260044,EIA,2026-II,EC1,0.20,16,2026-09-14
VG260044,EIA,2026-II,EC2,0.20,16,2026-10-19
VG260044,EIA,2026-II,EP,0.25,16,2026-10-12
VG260044,EIA,2026-II,EF,0.35,17,2026-12-07
VG260044,CII,2026-II,EC1,0.20,16,2026-09-15
VG260044,CII,2026-II,EC2,0.20,16,2026-10-20
VG260044,CII,2026-II,EP,0.25,17,2026-10-13
VG260044,CII,2026-II,EF,0.35,17,2026-12-08
VG260044,EIT,2026-II,EC1,0.20,15,2026-09-16
VG260044,EIT,2026-II,EC2,0.20,18,2026-10-21
VG260044,EIT,2026-II,EP,0.25,16,2026-10-14
VG260044,EIT,2026-II,EF,0.35,,
VG260044,EFSRT5,2026-II,EC1,0.20,17,2026-09-17
VG260044,EFSRT5,2026-II,EC2,0.20,16,2026-10-22
VG260044,EFSRT5,2026-II,EP,0.25,17,2026-10-15
VG260044,EFSRT5,2026-II,EF,0.35,,
VG260045,APS,2026-II,EC1,0.20,15,2026-09-14
VG260045,APS,2026-II,EC2,0.20,14,2026-10-19
VG260045,APS,2026-II,EP,0.25,14,2026-10-12
VG260045,APS,2026-II,EF,0.35,13,2026-12-07
VG260045,TBD,2026-II,EC1,0.20,15,2026-09-15
VG260045,TBD,2026-II,EC2,0.20,15,2026-10-20
VG260045,TBD,2026-II,EP,0.25,14,2026-10-13
VG260045,TBD,2026-II,EF,0.35,14,2026-12-08
VG260045,FIA,2026-II,EC1,0.20,14,2026-09-16
VG260045,FIA,2026-II,EC2,0.20,13,2026-10-21
VG260045,FIA,2026-II,EP,0.25,12,2026-10-14
VG260045,FIA,2026-II,EF,0.35,14,2026-12-09
VG260045,SDE,2026-II,EC1,0.20,13,2026-09-17
VG260045,SDE,2026-II,EC2,0.20,13,2026-10-22
VG260045,SDE,2026-II,EP,0.25,14,2026-10-15
VG260045,SDE,2026-II,EF,0.35,14,2026-12-10
VG260045,FCS,2026-II,EC1,0.20,16,2026-09-18
VG260045,FCS,2026-II,EC2,0.20,12,2026-10-23
VG260045,FCS,2026-II,EP,0.25,14,2026-10-16
VG260045,FCS,2026-II,EF,0.35,16,2026-12-11
VG260045,EIA,2026-II,EC1,0.20,12,2026-09-14
VG260045,EIA,2026-II,EC2,0.20,12,2026-10-19
VG260045,EIA,2026-II,EP,0.25,13,2026-10-12
VG260045,EIA,2026-II,EF,0.35,15,2026-12-07
VG260045,CII,2026-II,EC1,0.20,18,2026-09-15
VG260045,CII,2026-II,EC2,0.20,16,2026-10-20
VG260045,CII,2026-II,EP,0.25,14,2026-10-13
VG260045,CII,2026-II,EF,0.35,16,2026-12-08
VG260045,EIT,2026-II,EC1,0.20,16,2026-09-16
VG260045,EIT,2026-II,EC2,0.20,16,2026-10-21
VG260045,EIT,2026-II,EP,0.25,17,2026-10-14
VG260045,EIT,2026-II,EF,0.35,,
VG260045,EFSRT5,2026-II,EC1,0.20,14,2026-09-17
VG260045,EFSRT5,2026-II,EC2,0.20,15,2026-10-22
VG260045,EFSRT5,2026-II,EP,0.25,17,2026-10-15
VG260045,EFSRT5,2026-II,EF,0.35,,
VG260046,APS,2026-II,EC1,0.20,14,2026-09-14
VG260046,APS,2026-II,EC2,0.20,14,2026-10-19
VG260046,APS,2026-II,EP,0.25,13,2026-10-12
VG260046,APS,2026-II,EF,0.35,14,2026-12-07
VG260046,TBD,2026-II,EC1,0.20,16,2026-09-15
VG260046,TBD,2026-II,EC2,0.20,15,2026-10-20
VG260046,TBD,2026-II,EP,0.25,13,2026-10-13
VG260046,TBD,2026-II,EF,0.35,14,2026-12-08
VG260046,FIA,2026-II,EC1,0.20,12,2026-09-16
VG260046,FIA,2026-II,EC2,0.20,13,2026-10-21
VG260046,FIA,2026-II,EP,0.25,16,2026-10-14
VG260046,FIA,2026-II,EF,0.35,17,2026-12-09
VG260046,SDE,2026-II,EC1,0.20,13,2026-09-17
VG260046,SDE,2026-II,EC2,0.20,14,2026-10-22
VG260046,SDE,2026-II,EP,0.25,14,2026-10-15
VG260046,SDE,2026-II,EF,0.35,14,2026-12-10
VG260046,FCS,2026-II,EC1,0.20,16,2026-09-18
VG260046,FCS,2026-II,EC2,0.20,15,2026-10-23
VG260046,FCS,2026-II,EP,0.25,13,2026-10-16
VG260046,FCS,2026-II,EF,0.35,15,2026-12-11
VG260046,EIA,2026-II,EC1,0.20,11,2026-09-14
VG260046,EIA,2026-II,EC2,0.20,13,2026-10-19
VG260046,EIA,2026-II,EP,0.25,11,2026-10-12
VG260046,EIA,2026-II,EF,0.35,9,2026-12-07
VG260046,CII,2026-II,EC1,0.20,16,2026-09-15
VG260046,CII,2026-II,EC2,0.20,13,2026-10-20
VG260046,CII,2026-II,EP,0.25,15,2026-10-13
VG260046,CII,2026-II,EF,0.35,15,2026-12-08
VG260046,EIT,2026-II,EC1,0.20,13,2026-09-16
VG260046,EIT,2026-II,EC2,0.20,16,2026-10-21
VG260046,EIT,2026-II,EP,0.25,16,2026-10-14
VG260046,EIT,2026-II,EF,0.35,,
VG260046,EFSRT5,2026-II,EC1,0.20,12,2026-09-17
VG260046,EFSRT5,2026-II,EC2,0.20,16,2026-10-22
VG260046,EFSRT5,2026-II,EP,0.25,16,2026-10-15
VG260046,EFSRT5,2026-II,EF,0.35,,
VG260047,APS,2026-II,EC1,0.20,15,2026-09-14
VG260047,APS,2026-II,EC2,0.20,13,2026-10-19
VG260047,APS,2026-II,EP,0.25,15,2026-10-12
VG260047,APS,2026-II,EF,0.35,15,2026-12-07
VG260047,TBD,2026-II,EC1,0.20,16,2026-09-15
VG260047,TBD,2026-II,EC2,0.20,12,2026-10-20
VG260047,TBD,2026-II,EP,0.25,12,2026-10-13
VG260047,TBD,2026-II,EF,0.35,16,2026-12-08
VG260047,FIA,2026-II,EC1,0.20,14,2026-09-16
VG260047,FIA,2026-II,EC2,0.20,15,2026-10-21
VG260047,FIA,2026-II,EP,0.25,14,2026-10-14
VG260047,FIA,2026-II,EF,0.35,14,2026-12-09
VG260047,SDE,2026-II,EC1,0.20,17,2026-09-17
VG260047,SDE,2026-II,EC2,0.20,17,2026-10-22
VG260047,SDE,2026-II,EP,0.25,16,2026-10-15
VG260047,SDE,2026-II,EF,0.35,18,2026-12-10
VG260047,FCS,2026-II,EC1,0.20,16,2026-09-18
VG260047,FCS,2026-II,EC2,0.20,17,2026-10-23
VG260047,FCS,2026-II,EP,0.25,19,2026-10-16
VG260047,FCS,2026-II,EF,0.35,17,2026-12-11
VG260047,EIA,2026-II,EC1,0.20,12,2026-09-14
VG260047,EIA,2026-II,EC2,0.20,16,2026-10-19
VG260047,EIA,2026-II,EP,0.25,13,2026-10-12
VG260047,EIA,2026-II,EF,0.35,19,2026-12-07
VG260047,CII,2026-II,EC1,0.20,20,2026-09-15
VG260047,CII,2026-II,EC2,0.20,18,2026-10-20
VG260047,CII,2026-II,EP,0.25,18,2026-10-13
VG260047,CII,2026-II,EF,0.35,20,2026-12-08
VG260047,EIT,2026-II,EC1,0.20,19,2026-09-16
VG260047,EIT,2026-II,EC2,0.20,13,2026-10-21
VG260047,EIT,2026-II,EP,0.25,15,2026-10-14
VG260047,EIT,2026-II,EF,0.35,,
VG260047,EFSRT5,2026-II,EC1,0.20,20,2026-09-17
VG260047,EFSRT5,2026-II,EC2,0.20,16,2026-10-22
VG260047,EFSRT5,2026-II,EP,0.25,17,2026-10-15
VG260047,EFSRT5,2026-II,EF,0.35,,
VG260048,APS,2026-II,EC1,0.20,13,2026-09-14
VG260048,APS,2026-II,EC2,0.20,16,2026-10-19
VG260048,APS,2026-II,EP,0.25,15,2026-10-12
VG260048,APS,2026-II,EF,0.35,15,2026-12-07
VG260048,TBD,2026-II,EC1,0.20,14,2026-09-15
VG260048,TBD,2026-II,EC2,0.20,14,2026-10-20
VG260048,TBD,2026-II,EP,0.25,17,2026-10-13
VG260048,TBD,2026-II,EF,0.35,18,2026-12-08
VG260048,FIA,2026-II,EC1,0.20,18,2026-09-16
VG260048,FIA,2026-II,EC2,0.20,17,2026-10-21
VG260048,FIA,2026-II,EP,0.25,18,2026-10-14
VG260048,FIA,2026-II,EF,0.35,16,2026-12-09
VG260048,SDE,2026-II,EC1,0.20,18,2026-09-17
VG260048,SDE,2026-II,EC2,0.20,17,2026-10-22
VG260048,SDE,2026-II,EP,0.25,16,2026-10-15
VG260048,SDE,2026-II,EF,0.35,16,2026-12-10
VG260048,FCS,2026-II,EC1,0.20,19,2026-09-18
VG260048,FCS,2026-II,EC2,0.20,18,2026-10-23
VG260048,FCS,2026-II,EP,0.25,19,2026-10-16
VG260048,FCS,2026-II,EF,0.35,14,2026-12-11
VG260048,EIA,2026-II,EC1,0.20,16,2026-09-14
VG260048,EIA,2026-II,EC2,0.20,13,2026-10-19
VG260048,EIA,2026-II,EP,0.25,16,2026-10-12
VG260048,EIA,2026-II,EF,0.35,16,2026-12-07
VG260048,CII,2026-II,EC1,0.20,19,2026-09-15
VG260048,CII,2026-II,EC2,0.20,15,2026-10-20
VG260048,CII,2026-II,EP,0.25,18,2026-10-13
VG260048,CII,2026-II,EF,0.35,19,2026-12-08
VG260048,EIT,2026-II,EC1,0.20,16,2026-09-16
VG260048,EIT,2026-II,EC2,0.20,16,2026-10-21
VG260048,EIT,2026-II,EP,0.25,18,2026-10-14
VG260048,EIT,2026-II,EF,0.35,,
VG260048,EFSRT5,2026-II,EC1,0.20,18,2026-09-17
VG260048,EFSRT5,2026-II,EC2,0.20,17,2026-10-22
VG260048,EFSRT5,2026-II,EP,0.25,16,2026-10-15
VG260048,EFSRT5,2026-II,EF,0.35,,
VG260049,APS,2026-II,EC1,0.20,16,2026-09-14
VG260049,APS,2026-II,EC2,0.20,10,2026-10-19
VG260049,APS,2026-II,EP,0.25,14,2026-10-12
VG260049,APS,2026-II,EF,0.35,14,2026-12-07
VG260049,TBD,2026-II,EC1,0.20,11,2026-09-15
VG260049,TBD,2026-II,EC2,0.20,16,2026-10-20
VG260049,TBD,2026-II,EP,0.25,14,2026-10-13
VG260049,TBD,2026-II,EF,0.35,14,2026-12-08
VG260049,FIA,2026-II,EC1,0.20,19,2026-09-16
VG260049,FIA,2026-II,EC2,0.20,11,2026-10-21
VG260049,FIA,2026-II,EP,0.25,11,2026-10-14
VG260049,FIA,2026-II,EF,0.35,15,2026-12-09
VG260049,SDE,2026-II,EC1,0.20,14,2026-09-17
VG260049,SDE,2026-II,EC2,0.20,16,2026-10-22
VG260049,SDE,2026-II,EP,0.25,13,2026-10-15
VG260049,SDE,2026-II,EF,0.35,9,2026-12-10
VG260049,FCS,2026-II,EC1,0.20,15,2026-09-18
VG260049,FCS,2026-II,EC2,0.20,18,2026-10-23
VG260049,FCS,2026-II,EP,0.25,18,2026-10-16
VG260049,FCS,2026-II,EF,0.35,16,2026-12-11
VG260049,EIA,2026-II,EC1,0.20,13,2026-09-14
VG260049,EIA,2026-II,EC2,0.20,14,2026-10-19
VG260049,EIA,2026-II,EP,0.25,14,2026-10-12
VG260049,EIA,2026-II,EF,0.35,17,2026-12-07
VG260049,CII,2026-II,EC1,0.20,17,2026-09-15
VG260049,CII,2026-II,EC2,0.20,19,2026-10-20
VG260049,CII,2026-II,EP,0.25,14,2026-10-13
VG260049,CII,2026-II,EF,0.35,19,2026-12-08
VG260049,EIT,2026-II,EC1,0.20,13,2026-09-16
VG260049,EIT,2026-II,EC2,0.20,15,2026-10-21
VG260049,EIT,2026-II,EP,0.25,-1,2026-10-14
VG260049,EIT,2026-II,EF,0.35,,
VG260049,EFSRT5,2026-II,EC1,0.20,14,2026-09-17
VG260049,EFSRT5,2026-II,EC2,0.20,14,2026-10-22
VG260049,EFSRT5,2026-II,EP,0.25,19,2026-10-15
VG260049,EFSRT5,2026-II,EF,0.35,,
VG260050,APS,2026-II,EC1,0.20,20,2026-09-14
VG260050,APS,2026-II,EC2,0.20,20,2026-10-19
VG260050,APS,2026-II,EP,0.25,20,2026-10-12
VG260050,APS,2026-II,EF,0.35,20,2026-12-07
VG260050,TBD,2026-II,EC1,0.20,20,2026-09-15
VG260050,TBD,2026-II,EC2,0.20,19,2026-10-20
VG260050,TBD,2026-II,EP,0.25,20,2026-10-13
VG260050,TBD,2026-II,EF,0.35,17,2026-12-08
VG260050,FIA,2026-II,EC1,0.20,19,2026-09-16
VG260050,FIA,2026-II,EC2,0.20,20,2026-10-21
VG260050,FIA,2026-II,EP,0.25,20,2026-10-14
VG260050,FIA,2026-II,EF,0.35,19,2026-12-09
VG260050,SDE,2026-II,EC1,0.20,17,2026-09-17
VG260050,SDE,2026-II,EC2,0.20,18,2026-10-22
VG260050,SDE,2026-II,EP,0.25,20,2026-10-15
VG260050,SDE,2026-II,EF,0.35,20,2026-12-10
VG260050,FCS,2026-II,EC1,0.20,20,2026-09-18
VG260050,FCS,2026-II,EC2,0.20,19,2026-10-23
VG260050,FCS,2026-II,EP,0.25,20,2026-10-16
VG260050,FCS,2026-II,EF,0.35,20,2026-12-11
VG260050,EIA,2026-II,EC1,0.20,18,2026-09-14
VG260050,EIA,2026-II,EC2,0.20,17,2026-10-19
VG260050,EIA,2026-II,EP,0.25,20,2026-10-12
VG260050,EIA,2026-II,EF,0.35,20,2026-12-07
VG260050,CII,2026-II,EC1,0.20,20,2026-09-15
VG260050,CII,2026-II,EC2,0.20,20,2026-10-20
VG260050,CII,2026-II,EP,0.25,18,2026-10-13
VG260050,CII,2026-II,EF,0.35,17,2026-12-08
VG260050,EIT,2026-II,EC1,0.20,20,2026-09-16
VG260050,EIT,2026-II,EC2,0.20,20,2026-10-21
VG260050,EIT,2026-II,EP,0.25,20,2026-10-14
VG260050,EIT,2026-II,EF,0.35,,
VG260050,EFSRT5,2026-II,EC1,0.20,19,2026-09-17
VG260050,EFSRT5,2026-II,EC2,0.20,20,2026-10-22
VG260050,EFSRT5,2026-II,EP,0.25,20,2026-10-15
VG260050,EFSRT5,2026-II,EF,0.35,,
VG260051,APS,2026-II,EC1,0.20,9,2026-09-14
VG260051,APS,2026-II,EC2,0.20,14,2026-10-19
VG260051,APS,2026-II,EP,0.25,11,2026-10-12
VG260051,APS,2026-II,EF,0.35,11,2026-12-07
VG260051,TBD,2026-II,EC1,0.20,9,2026-09-15
VG260051,TBD,2026-II,EC2,0.20,12,2026-10-20
VG260051,TBD,2026-II,EP,0.25,13,2026-10-13
VG260051,TBD,2026-II,EF,0.35,10,2026-12-08
VG260051,FIA,2026-II,EC1,0.20,9,2026-09-16
VG260051,FIA,2026-II,EC2,0.20,11,2026-10-21
VG260051,FIA,2026-II,EP,0.25,10,2026-10-14
VG260051,FIA,2026-II,EF,0.35,10,2026-12-09
VG260051,SDE,2026-II,EC1,0.20,8,2026-09-17
VG260051,SDE,2026-II,EC2,0.20,7,2026-10-22
VG260051,SDE,2026-II,EP,0.25,8,2026-10-15
VG260051,SDE,2026-II,EF,0.35,10,2026-12-10
VG260051,FCS,2026-II,EC1,0.20,13,2026-09-18
VG260051,FCS,2026-II,EC2,0.20,10,2026-10-23
VG260051,FCS,2026-II,EP,0.25,11,2026-10-16
VG260051,FCS,2026-II,EF,0.35,8,2026-12-11
VG260051,EIA,2026-II,EC1,0.20,8,2026-09-14
VG260051,EIA,2026-II,EC2,0.20,6,2026-10-19
VG260051,EIA,2026-II,EP,0.25,8,2026-10-12
VG260051,EIA,2026-II,EF,0.35,5,2026-12-07
VG260051,CII,2026-II,EC1,0.20,12,2026-09-15
VG260051,CII,2026-II,EC2,0.20,13,2026-10-20
VG260051,CII,2026-II,EP,0.25,8,2026-10-13
VG260051,CII,2026-II,EF,0.35,15,2026-12-08
VG260051,EIT,2026-II,EC1,0.20,13,2026-09-16
VG260051,EIT,2026-II,EC2,0.20,10,2026-10-21
VG260051,EIT,2026-II,EP,0.25,12,2026-10-14
VG260051,EIT,2026-II,EF,0.35,,
VG260051,EFSRT5,2026-II,EC1,0.20,11,2026-09-17
VG260051,EFSRT5,2026-II,EC2,0.20,9,2026-10-22
VG260051,EFSRT5,2026-II,EP,0.25,12,2026-10-15
VG260051,EFSRT5,2026-II,EF,0.35,,
VG260052,APS,2026-II,EC1,0.20,15,2026-09-14
VG260052,APS,2026-II,EC2,0.20,19,2026-10-19
VG260052,APS,2026-II,EP,0.25,16,2026-10-12
VG260052,APS,2026-II,EF,0.35,16,2026-12-07
VG260052,TBD,2026-II,EC1,0.20,15,2026-09-15
VG260052,TBD,2026-II,EC2,0.20,19,2026-10-20
VG260052,TBD,2026-II,EP,0.25,17,2026-10-13
VG260052,TBD,2026-II,EF,0.35,14,2026-12-08
VG260052,FIA,2026-II,EC1,0.20,19,2026-09-16
VG260052,FIA,2026-II,EC2,0.20,16,2026-10-21
VG260052,FIA,2026-II,EP,0.25,16,2026-10-14
VG260052,FIA,2026-II,EF,0.35,17,2026-12-09
VG260052,SDE,2026-II,EC1,0.20,15,2026-09-17
VG260052,SDE,2026-II,EC2,0.20,15,2026-10-22
VG260052,SDE,2026-II,EP,0.25,13,2026-10-15
VG260052,SDE,2026-II,EF,0.35,14,2026-12-10
VG260052,FCS,2026-II,EC1,0.20,15,2026-09-18
VG260052,FCS,2026-II,EC2,0.20,16,2026-10-23
VG260052,FCS,2026-II,EP,0.25,15,2026-10-16
VG260052,FCS,2026-II,EF,0.35,18,2026-12-11
VG260052,EIA,2026-II,EC1,0.20,14,2026-09-14
VG260052,EIA,2026-II,EC2,0.20,15,2026-10-19
VG260052,EIA,2026-II,EP,0.25,13,2026-10-12
VG260052,EIA,2026-II,EF,0.35,14,2026-12-07
VG260052,CII,2026-II,EC1,0.20,16,2026-09-15
VG260052,CII,2026-II,EC2,0.20,18,2026-10-20
VG260052,CII,2026-II,EP,0.25,18,2026-10-13
VG260052,CII,2026-II,EF,0.35,17,2026-12-08
VG260052,EIT,2026-II,EC1,0.20,18,2026-09-16
VG260052,EIT,2026-II,EC2,0.20,16,2026-10-21
VG260052,EIT,2026-II,EP,0.25,17,2026-10-14
VG260052,EIT,2026-II,EF,0.35,,
VG260052,EFSRT5,2026-II,EC1,0.20,20,2026-09-17
VG260052,EFSRT5,2026-II,EC2,0.20,17,2026-10-22
VG260052,EFSRT5,2026-II,EP,0.25,18,2026-10-15
VG260052,EFSRT5,2026-II,EF,0.35,,
VG260053,APS,2026-II,EC1,0.20,12,2026-09-14
VG260053,APS,2026-II,EC2,0.20,13,2026-10-19
VG260053,APS,2026-II,EP,0.25,10,2026-10-12
VG260053,APS,2026-II,EF,0.35,13,2026-12-07
VG260053,TBD,2026-II,EC1,0.20,12,2026-09-15
VG260053,TBD,2026-II,EC2,0.20,11,2026-10-20
VG260053,TBD,2026-II,EP,0.25,9,2026-10-13
VG260053,TBD,2026-II,EF,0.35,12,2026-12-08
VG260053,FIA,2026-II,EC1,0.20,8,2026-09-16
VG260053,FIA,2026-II,EC2,0.20,12,2026-10-21
VG260053,FIA,2026-II,EP,0.25,11,2026-10-14
VG260053,FIA,2026-II,EF,0.35,11,2026-12-09
VG260053,SDE,2026-II,EC1,0.20,14,2026-09-17
VG260053,SDE,2026-II,EC2,0.20,9,2026-10-22
VG260053,SDE,2026-II,EP,0.25,8,2026-10-15
VG260053,SDE,2026-II,EF,0.35,11,2026-12-10
VG260053,FCS,2026-II,EC1,0.20,10,2026-09-18
VG260053,FCS,2026-II,EC2,0.20,10,2026-10-23
VG260053,FCS,2026-II,EP,0.25,10,2026-10-16
VG260053,FCS,2026-II,EF,0.35,10,2026-12-11
VG260053,EIA,2026-II,EC1,0.20,8,2026-09-14
VG260053,EIA,2026-II,EC2,0.20,7,2026-10-19
VG260053,EIA,2026-II,EP,0.25,11,2026-10-12
VG260053,EIA,2026-II,EF,0.35,6,2026-12-07
VG260053,CII,2026-II,EC1,0.20,8,2026-09-15
VG260053,CII,2026-II,EC2,0.20,10,2026-10-20
VG260053,CII,2026-II,EP,0.25,9,2026-10-13
VG260053,CII,2026-II,EF,0.35,8,2026-12-08
VG260053,EIT,2026-II,EC1,0.20,12,2026-09-16
VG260053,EIT,2026-II,EC2,0.20,9,2026-10-21
VG260053,EIT,2026-II,EP,0.25,13,2026-10-14
VG260053,EIT,2026-II,EF,0.35,,
VG260053,EFSRT5,2026-II,EC1,0.20,11,2026-09-17
VG260053,EFSRT5,2026-II,EC2,0.20,11,2026-10-22
VG260053,EFSRT5,2026-II,EP,0.25,9,2026-10-15
VG260053,EFSRT5,2026-II,EF,0.35,,
VG260054,APS,2026-II,EC1,0.20,19,2026-09-14
VG260054,APS,2026-II,EC2,0.20,15,2026-10-19
VG260054,APS,2026-II,EP,0.25,13,2026-10-12
VG260054,APS,2026-II,EF,0.35,17,2026-12-07
VG260054,TBD,2026-II,EC1,0.20,14,2026-09-15
VG260054,TBD,2026-II,EC2,0.20,18,2026-10-20
VG260054,TBD,2026-II,EP,0.25,12,2026-10-13
VG260054,TBD,2026-II,EF,0.35,13,2026-12-08
VG260054,FIA,2026-II,EC1,0.20,16,2026-09-16
VG260054,FIA,2026-II,EC2,0.20,13,2026-10-21
VG260054,FIA,2026-II,EP,0.25,14,2026-10-14
VG260054,FIA,2026-II,EF,0.35,17,2026-12-09
VG260054,SDE,2026-II,EC1,0.20,13,2026-09-17
VG260054,SDE,2026-II,EC2,0.20,15,2026-10-22
VG260054,SDE,2026-II,EP,0.25,16,2026-10-15
VG260054,SDE,2026-II,EF,0.35,14,2026-12-10
VG260054,FCS,2026-II,EC1,0.20,16,2026-09-18
VG260054,FCS,2026-II,EC2,0.20,14,2026-10-23
VG260054,FCS,2026-II,EP,0.25,13,2026-10-16
VG260054,FCS,2026-II,EF,0.35,18,2026-12-11
VG260054,EIA,2026-II,EC1,0.20,14,2026-09-14
VG260054,EIA,2026-II,EC2,0.20,17,2026-10-19
VG260054,EIA,2026-II,EP,0.25,12,2026-10-12
VG260054,EIA,2026-II,EF,0.35,16,2026-12-07
VG260054,CII,2026-II,EC1,0.20,16,2026-09-15
VG260054,CII,2026-II,EC2,0.20,15,2026-10-20
VG260054,CII,2026-II,EP,0.25,19,2026-10-13
VG260054,CII,2026-II,EF,0.35,16,2026-12-08
VG260054,EIT,2026-II,EC1,0.20,15,2026-09-16
VG260054,EIT,2026-II,EC2,0.20,14,2026-10-21
VG260054,EIT,2026-II,EP,0.25,18,2026-10-14
VG260054,EIT,2026-II,EF,0.35,,
VG260054,EFSRT5,2026-II,EC1,0.20,14,2026-09-17
VG260054,EFSRT5,2026-II,EC2,0.20,20,2026-10-22
VG260054,EFSRT5,2026-II,EP,0.25,16,2026-10-15
VG260054,EFSRT5,2026-II,EF,0.35,,
VG260055,APS,2026-II,EC1,0.20,20,2026-09-14
VG260055,APS,2026-II,EC2,0.20,14,2026-10-19
VG260055,APS,2026-II,EP,0.25,15,2026-10-12
VG260055,APS,2026-II,EF,0.35,14,2026-12-07
VG260055,TBD,2026-II,EC1,0.20,16,2026-09-15
VG260055,TBD,2026-II,EC2,0.20,14,2026-10-20
VG260055,TBD,2026-II,EP,0.25,18,2026-10-13
VG260055,TBD,2026-II,EF,0.35,17,2026-12-08
VG260055,FIA,2026-II,EC1,0.20,16,2026-09-16
VG260055,FIA,2026-II,EC2,0.20,12,2026-10-21
VG260055,FIA,2026-II,EP,0.25,15,2026-10-14
VG260055,FIA,2026-II,EF,0.35,16,2026-12-09
VG260055,SDE,2026-II,EC1,0.20,15,2026-09-17
VG260055,SDE,2026-II,EC2,0.20,12,2026-10-22
VG260055,SDE,2026-II,EP,0.25,15,2026-10-15
VG260055,SDE,2026-II,EF,0.35,14,2026-12-10
VG260055,FCS,2026-II,EC1,0.20,17,2026-09-18
VG260055,FCS,2026-II,EC2,0.20,19,2026-10-23
VG260055,FCS,2026-II,EP,0.25,13,2026-10-16
VG260055,FCS,2026-II,EF,0.35,13,2026-12-11
VG260055,EIA,2026-II,EC1,0.20,12,2026-09-14
VG260055,EIA,2026-II,EC2,0.20,13,2026-10-19
VG260055,EIA,2026-II,EP,0.25,17,2026-10-12
VG260055,EIA,2026-II,EF,0.35,17,2026-12-07
VG260055,CII,2026-II,EC1,0.20,11,2026-09-15
VG260055,CII,2026-II,EC2,0.20,15,2026-10-20
VG260055,CII,2026-II,EP,0.25,18,2026-10-13
VG260055,CII,2026-II,EF,0.35,NSP,2026-12-08
VG260055,EIT,2026-II,EC1,0.20,16,2026-09-16
VG260055,EIT,2026-II,EC2,0.20,18,2026-10-21
VG260055,EIT,2026-II,EP,0.25,20,2026-10-14
VG260055,EIT,2026-II,EF,0.35,,
VG260055,EFSRT5,2026-II,EC1,0.20,18,2026-09-17
VG260055,EFSRT5,2026-II,EC2,0.20,17,2026-10-22
VG260055,EFSRT5,2026-II,EP,0.25,15,2026-10-15
VG260055,EFSRT5,2026-II,EF,0.35,,
VG260056,APS,2026-II,EC1,0.20,19,2026-09-14
VG260056,APS,2026-II,EC2,0.20,18,2026-10-19
VG260056,APS,2026-II,EP,0.25,19,2026-10-12
VG260056,APS,2026-II,EF,0.35,18,2026-12-07
VG260056,TBD,2026-II,EC1,0.20,19,2026-09-15
VG260056,TBD,2026-II,EC2,0.20,13,2026-10-20
VG260056,TBD,2026-II,EP,0.25,15,2026-10-13
VG260056,TBD,2026-II,EF,0.35,16,2026-12-08
VG260056,FIA,2026-II,EC1,0.20,19,2026-09-16
VG260056,FIA,2026-II,EC2,0.20,19,2026-10-21
VG260056,FIA,2026-II,EP,0.25,20,2026-10-14
VG260056,FIA,2026-II,EF,0.35,19,2026-12-09
VG260056,SDE,2026-II,EC1,0.20,15,2026-09-17
VG260056,SDE,2026-II,EC2,0.20,17,2026-10-22
VG260056,SDE,2026-II,EP,0.25,13,2026-10-15
VG260056,SDE,2026-II,EF,0.35,13,2026-12-10
VG260056,FCS,2026-II,EC1,0.20,15,2026-09-18
VG260056,FCS,2026-II,EC2,0.20,16,2026-10-23
VG260056,FCS,2026-II,EP,0.25,19,2026-10-16
VG260056,FCS,2026-II,EF,0.35,14,2026-12-11
VG260056,EIA,2026-II,EC1,0.20,17,2026-09-14
VG260056,EIA,2026-II,EC2,0.20,18,2026-10-19
VG260056,EIA,2026-II,EP,0.25,15,2026-10-12
VG260056,EIA,2026-II,EF,0.35,17,2026-12-07
VG260056,CII,2026-II,EC1,0.20,17,2026-09-15
VG260056,CII,2026-II,EC2,0.20,20,2026-10-20
VG260056,CII,2026-II,EP,0.25,19,2026-10-13
VG260056,CII,2026-II,EF,0.35,15,2026-12-08
VG260056,EIT,2026-II,EC1,0.20,15,2026-09-16
VG260056,EIT,2026-II,EC2,0.20,16,2026-10-21
VG260056,EIT,2026-II,EP,0.25,14,2026-10-14
VG260056,EIT,2026-II,EF,0.35,,
VG260056,EFSRT5,2026-II,EC1,0.20,17,2026-09-17
VG260056,EFSRT5,2026-II,EC2,0.20,18,2026-10-22
VG260056,EFSRT5,2026-II,EP,0.25,19,2026-10-15
VG260056,EFSRT5,2026-II,EF,0.35,,
VG260057,APS,2026-II,EC1,0.20,13,2026-09-14
VG260057,APS,2026-II,EC2,0.20,19,2026-10-19
VG260057,APS,2026-II,EP,0.25,15,2026-10-12
VG260057,APS,2026-II,EF,0.35,14,2026-12-07
VG260057,TBD,2026-II,EC1,0.20,13,2026-09-15
VG260057,TBD,2026-II,EC2,0.20,13,2026-10-20
VG260057,TBD,2026-II,EP,0.25,14,2026-10-13
VG260057,TBD,2026-II,EF,0.35,15,2026-12-08
VG260057,FIA,2026-II,EC1,0.20,15,2026-09-16
VG260057,FIA,2026-II,EC2,0.20,14,2026-10-21
VG260057,FIA,2026-II,EP,0.25,14,2026-10-14
VG260057,FIA,2026-II,EF,0.35,13,2026-12-09
VG260057,SDE,2026-II,EC1,0.20,13,2026-09-17
VG260057,SDE,2026-II,EC2,0.20,10,2026-10-22
VG260057,SDE,2026-II,EP,0.25,16,2026-10-15
VG260057,SDE,2026-II,EF,0.35,13,2026-12-10
VG260057,FCS,2026-II,EC1,0.20,17,2026-09-18
VG260057,FCS,2026-II,EC2,0.20,13,2026-10-23
VG260057,FCS,2026-II,EP,0.25,17,2026-10-16
VG260057,FCS,2026-II,EF,0.35,15,2026-12-11
VG260057,EIA,2026-II,EC1,0.20,11,2026-09-14
VG260057,EIA,2026-II,EC2,0.20,17,2026-10-19
VG260057,EIA,2026-II,EP,0.25,15,2026-10-12
VG260057,EIA,2026-II,EF,0.35,11,2026-12-07
VG260057,CII,2026-II,EC1,0.20,16,2026-09-15
VG260057,CII,2026-II,EC2,0.20,12,2026-10-20
VG260057,CII,2026-II,EP,0.25,15,2026-10-13
VG260057,CII,2026-II,EF,0.35,18,2026-12-08
VG260057,EIT,2026-II,EC1,0.20,16,2026-09-16
VG260057,EIT,2026-II,EC2,0.20,15,2026-10-21
VG260057,EIT,2026-II,EP,0.25,12,2026-10-14
VG260057,EIT,2026-II,EF,0.35,,
VG260057,EFSRT5,2026-II,EC1,0.20,12,2026-09-17
VG260057,EFSRT5,2026-II,EC2,0.20,16,2026-10-22
VG260057,EFSRT5,2026-II,EP,0.25,15,2026-10-15
VG260057,EFSRT5,2026-II,EF,0.35,,
VG260058,APS,2026-II,EC1,0.20,18,2026-09-14
VG260058,APS,2026-II,EC2,0.20,19,2026-10-19
VG260058,APS,2026-II,EP,0.25,20,2026-10-12
VG260058,APS,2026-II,EF,0.35,20,2026-12-07
VG260058,TBD,2026-II,EC1,0.20,19,2026-09-15
VG260058,TBD,2026-II,EC2,0.20,17,2026-10-20
VG260058,TBD,2026-II,EP,0.25,20,2026-10-13
VG260058,TBD,2026-II,EF,0.35,19,2026-12-08
VG260058,FIA,2026-II,EC1,0.20,15,2026-09-16
VG260058,FIA,2026-II,EC2,0.20,16,2026-10-21
VG260058,FIA,2026-II,EP,0.25,18,2026-10-14
VG260058,FIA,2026-II,EF,0.35,19,2026-12-09
VG260058,SDE,2026-II,EC1,0.20,20,2026-09-17
VG260058,SDE,2026-II,EC2,0.20,18,2026-10-22
VG260058,SDE,2026-II,EP,0.25,20,2026-10-15
VG260058,SDE,2026-II,EF,0.35,18,2026-12-10
VG260058,FCS,2026-II,EC1,0.20,17,2026-09-18
VG260058,FCS,2026-II,EC2,0.20,17,2026-10-23
VG260058,FCS,2026-II,EP,0.25,19,2026-10-16
VG260058,FCS,2026-II,EF,0.35,18,2026-12-11
VG260058,EIA,2026-II,EC1,0.20,20,2026-09-14
VG260058,EIA,2026-II,EC2,0.20,15,2026-10-19
VG260058,EIA,2026-II,EP,0.25,17,2026-10-12
VG260058,EIA,2026-II,EF,0.35,19,2026-12-07
VG260058,CII,2026-II,EC1,0.20,16,2026-09-15
VG260058,CII,2026-II,EC2,0.20,20,2026-10-20
VG260058,CII,2026-II,EP,0.25,19,2026-10-13
VG260058,CII,2026-II,EF,0.35,18,2026-12-08
VG260058,EIT,2026-II,EC1,0.20,19,2026-09-16
VG260058,EIT,2026-II,EC2,0.20,18,2026-10-21
VG260058,EIT,2026-II,EP,0.25,15,2026-10-14
VG260058,EIT,2026-II,EF,0.35,,
VG260058,EFSRT5,2026-II,EC1,0.20,20,2026-09-17
VG260058,EFSRT5,2026-II,EC2,0.20,20,2026-10-22
VG260058,EFSRT5,2026-II,EP,0.25,19,2026-10-15
VG260058,EFSRT5,2026-II,EF,0.35,,
VG260059,APS,2026-II,EC1,0.20,13,2026-09-14
VG260059,APS,2026-II,EC2,0.20,14,2026-10-19
VG260059,APS,2026-II,EP,0.25,12,2026-10-12
VG260059,APS,2026-II,EF,0.35,15,2026-12-07
VG260059,TBD,2026-II,EC1,0.20,13,2026-09-15
VG260059,TBD,2026-II,EC2,0.20,13,2026-10-20
VG260059,TBD,2026-II,EP,0.25,13,2026-10-13
VG260059,TBD,2026-II,EF,0.35,15,2026-12-08
VG260059,FIA,2026-II,EC1,0.20,15,2026-09-16
VG260059,FIA,2026-II,EC2,0.20,14,2026-10-21
VG260059,FIA,2026-II,EP,0.25,13,2026-10-14
VG260059,FIA,2026-II,EF,0.35,16,2026-12-09
VG260059,SDE,2026-II,EC1,0.20,15,2026-09-17
VG260059,SDE,2026-II,EC2,0.20,11,2026-10-22
VG260059,SDE,2026-II,EP,0.25,12,2026-10-15
VG260059,SDE,2026-II,EF,0.35,12,2026-12-10
VG260059,FCS,2026-II,EC1,0.20,14,2026-09-18
VG260059,FCS,2026-II,EC2,0.20,16,2026-10-23
VG260059,FCS,2026-II,EP,0.25,14,2026-10-16
VG260059,FCS,2026-II,EF,0.35,14,2026-12-11
VG260059,EIA,2026-II,EC1,0.20,12,2026-09-14
VG260059,EIA,2026-II,EC2,0.20,13,2026-10-19
VG260059,EIA,2026-II,EP,0.25,11,2026-10-12
VG260059,EIA,2026-II,EF,0.35,15,2026-12-07
VG260059,CII,2026-II,EC1,0.20,17,2026-09-15
VG260059,CII,2026-II,EC2,0.20,15,2026-10-20
VG260059,CII,2026-II,EP,0.25,14,2026-10-13
VG260059,CII,2026-II,EF,0.35,17,2026-12-08
VG260059,EIT,2026-II,EC1,0.20,14,2026-09-16
VG260059,EIT,2026-II,EC2,0.20,14,2026-10-21
VG260059,EIT,2026-II,EP,0.25,15,2026-10-14
VG260059,EIT,2026-II,EF,0.35,,
VG260059,EFSRT5,2026-II,EC1,0.20,13,2026-09-17
VG260059,EFSRT5,2026-II,EC2,0.20,17,2026-10-22
VG260059,EFSRT5,2026-II,EP,0.25,16,2026-10-15
VG260059,EFSRT5,2026-II,EF,0.35,,
VG260060,APS,2026-II,EC1,0.20,16,2026-09-14
VG260060,APS,2026-II,EC2,0.20,20,2026-10-19
VG260060,APS,2026-II,EP,0.25,13,2026-10-12
VG260060,APS,2026-II,EF,0.35,17,2026-12-07
VG260060,TBD,2026-II,EC1,0.20,12,2026-09-15
VG260060,TBD,2026-II,EC2,0.20,15,2026-10-20
VG260060,TBD,2026-II,EP,0.25,15,2026-10-13
VG260060,TBD,2026-II,EF,0.35,14,2026-12-08
VG260060,FIA,2026-II,EC1,0.20,15,2026-09-16
VG260060,FIA,2026-II,EC2,0.20,16,2026-10-21
VG260060,FIA,2026-II,EP,0.25,16,2026-10-14
VG260060,FIA,2026-II,EF,0.35,19,2026-12-09
VG260060,SDE,2026-II,EC1,0.20,13,2026-09-17
VG260060,SDE,2026-II,EC2,0.20,13,2026-10-22
VG260060,SDE,2026-II,EP,0.25,15,2026-10-15
VG260060,SDE,2026-II,EF,0.35,13,2026-12-10
VG260060,FCS,2026-II,EC1,0.20,13,2026-09-18
VG260060,FCS,2026-II,EC2,0.20,16,2026-10-23
VG260060,FCS,2026-II,EP,0.25,14,2026-10-16
VG260060,FCS,2026-II,EF,0.35,16,2026-12-11
VG260060,EIA,2026-II,EC1,0.20,14,2026-09-14
VG260060,EIA,2026-II,EC2,0.20,14,2026-10-19
VG260060,EIA,2026-II,EP,0.25,11,2026-10-12
VG260060,EIA,2026-II,EF,0.35,18,2026-12-07
VG260060,CII,2026-II,EC1,0.20,15,2026-09-15
VG260060,CII,2026-II,EC2,0.20,17,2026-10-20
VG260060,CII,2026-II,EP,0.25,16,2026-10-13
VG260060,CII,2026-II,EF,0.35,17,2026-12-08
VG260060,EIT,2026-II,EC1,0.20,15,2026-09-16
VG260060,EIT,2026-II,EC2,0.20,14,2026-10-21
VG260060,EIT,2026-II,EP,0.25,16,2026-10-14
VG260060,EIT,2026-II,EF,0.35,,
VG260060,EFSRT5,2026-II,EC1,0.20,16,2026-09-17
VG260060,EFSRT5,2026-II,EC2,0.20,18,2026-10-22
VG260060,EFSRT5,2026-II,EP,0.25,15,2026-10-15
VG260060,EFSRT5,2026-II,EF,0.35,,
VG260061,APS,2026-II,EC1,0.20,13,2026-09-14
VG260061,APS,2026-II,EC2,0.20,13,2026-10-19
VG260061,APS,2026-II,EP,0.25,12,2026-10-12
VG260061,APS,2026-II,EF,0.35,15,2026-12-07
VG260061,TBD,2026-II,EC1,0.20,12,2026-09-15
VG260061,TBD,2026-II,EC2,0.20,14,2026-10-20
VG260061,TBD,2026-II,EP,0.25,11,2026-10-13
VG260061,TBD,2026-II,EF,0.35,12,2026-12-08
VG260061,FIA,2026-II,EC1,0.20,14,2026-09-16
VG260061,FIA,2026-II,EC2,0.20,12,2026-10-21
VG260061,FIA,2026-II,EP,0.25,12,2026-10-14
VG260061,FIA,2026-II,EF,0.35,12,2026-12-09
VG260061,SDE,2026-II,EC1,0.20,13,2026-09-17
VG260061,SDE,2026-II,EC2,0.20,18,2026-10-22
VG260061,SDE,2026-II,EP,0.25,12,2026-10-15
VG260061,SDE,2026-II,EF,0.35,14,2026-12-10
VG260061,FCS,2026-II,EC1,0.20,13,2026-09-18
VG260061,FCS,2026-II,EC2,0.20,13,2026-10-23
VG260061,FCS,2026-II,EP,0.25,14,2026-10-16
VG260061,FCS,2026-II,EF,0.35,13,2026-12-11
VG260061,EIA,2026-II,EC1,0.20,14,2026-09-14
VG260061,EIA,2026-II,EC2,0.20,12,2026-10-19
VG260061,EIA,2026-II,EP,0.25,16,2026-10-12
VG260061,EIA,2026-II,EF,0.35,14,2026-12-07
VG260061,CII,2026-II,EC1,0.20,15,2026-09-15
VG260061,CII,2026-II,EC2,0.20,14,2026-10-20
VG260061,CII,2026-II,EP,0.25,15,2026-10-13
VG260061,CII,2026-II,EF,0.35,18,2026-12-08
VG260061,EIT,2026-II,EC1,0.20,11,2026-09-16
VG260061,EIT,2026-II,EC2,0.20,14,2026-10-21
VG260061,EIT,2026-II,EP,0.25,13,2026-10-14
VG260061,EIT,2026-II,EF,0.35,,
VG260061,EFSRT5,2026-II,EC1,0.20,19,2026-09-17
VG260061,EFSRT5,2026-II,EC2,0.20,15,2026-10-22
VG260061,EFSRT5,2026-II,EP,0.25,13,2026-10-15
VG260061,EFSRT5,2026-II,EF,0.35,,
VG260062,APS,2026-II,EC1,0.20,12,2026-09-14
VG260062,APS,2026-II,EC2,0.20,15,2026-10-19
VG260062,APS,2026-II,EP,0.25,12,2026-10-12
VG260062,APS,2026-II,EF,0.35,13,2026-12-07
VG260062,TBD,2026-II,EC1,0.20,12,2026-09-15
VG260062,TBD,2026-II,EC2,0.20,17,2026-10-20
VG260062,TBD,2026-II,EP,0.25,12,2026-10-13
VG260062,TBD,2026-II,EF,0.35,11,2026-12-08
VG260062,FIA,2026-II,EC1,0.20,12,2026-09-16
VG260062,FIA,2026-II,EC2,0.20,14,2026-10-21
VG260062,FIA,2026-II,EP,0.25,16,2026-10-14
VG260062,FIA,2026-II,EF,0.35,11,2026-12-09
VG260062,SDE,2026-II,EC1,0.20,11,2026-09-17
VG260062,SDE,2026-II,EC2,0.20,14,2026-10-22
VG260062,SDE,2026-II,EP,0.25,10,2026-10-15
VG260062,SDE,2026-II,EF,0.35,12,2026-12-10
VG260062,FCS,2026-II,EC1,0.20,16,2026-09-18
VG260062,FCS,2026-II,EC2,0.20,14,2026-10-23
VG260062,FCS,2026-II,EP,0.25,11,2026-10-16
VG260062,FCS,2026-II,EF,0.35,14,2026-12-11
VG260062,EIA,2026-II,EC1,0.20,10,2026-09-14
VG260062,EIA,2026-II,EC2,0.20,14,2026-10-19
VG260062,EIA,2026-II,EP,0.25,12,2026-10-12
VG260062,EIA,2026-II,EF,0.35,15,2026-12-07
VG260062,CII,2026-II,EC1,0.20,13,2026-09-15
VG260062,CII,2026-II,EC2,0.20,14,2026-10-20
VG260062,CII,2026-II,EP,0.25,15,2026-10-13
VG260062,CII,2026-II,EF,0.35,12,2026-12-08
VG260062,EIT,2026-II,EC1,0.20,14,2026-09-16
VG260062,EIT,2026-II,EC2,0.20,17,2026-10-21
VG260062,EIT,2026-II,EP,0.25,9,2026-10-14
VG260062,EIT,2026-II,EF,0.35,,
VG260062,EFSRT5,2026-II,EC1,0.20,15,2026-09-17
VG260062,EFSRT5,2026-II,EC2,0.20,15,2026-10-22
VG260062,EFSRT5,2026-II,EP,0.25,13,2026-10-15
VG260062,EFSRT5,2026-II,EF,0.35,,
VG260063,APS,2026-II,EC1,0.20,14,2026-09-14
VG260063,APS,2026-II,EC2,0.20,11,2026-10-19
VG260063,APS,2026-II,EP,0.25,14,2026-10-12
VG260063,APS,2026-II,EF,0.35,11,2026-12-07
VG260063,TBD,2026-II,EC1,0.20,9,2026-09-15
VG260063,TBD,2026-II,EC2,0.20,9,2026-10-20
VG260063,TBD,2026-II,EP,0.25,11,2026-10-13
VG260063,TBD,2026-II,EF,0.35,11,2026-12-08
VG260063,FIA,2026-II,EC1,0.20,12,2026-09-16
VG260063,FIA,2026-II,EC2,0.20,11,2026-10-21
VG260063,FIA,2026-II,EP,0.25,13,2026-10-14
VG260063,FIA,2026-II,EF,0.35,14,2026-12-09
VG260063,SDE,2026-II,EC1,0.20,10,2026-09-17
VG260063,SDE,2026-II,EC2,0.20,11,2026-10-22
VG260063,SDE,2026-II,EP,0.25,13,2026-10-15
VG260063,SDE,2026-II,EF,0.35,11,2026-12-10
VG260063,FCS,2026-II,EC1,0.20,11,2026-09-18
VG260063,FCS,2026-II,EC2,0.20,14,2026-10-23
VG260063,FCS,2026-II,EP,0.25,11,2026-10-16
VG260063,FCS,2026-II,EF,0.35,12,2026-12-11
VG260063,EIA,2026-II,EC1,0.20,11,2026-09-14
VG260063,EIA,2026-II,EC2,0.20,11,2026-10-19
VG260063,EIA,2026-II,EP,0.25,11,2026-10-12
VG260063,EIA,2026-II,EF,0.35,12,2026-12-07
VG260063,CII,2026-II,EC1,0.20,10,2026-09-15
VG260063,CII,2026-II,EC2,0.20,15,2026-10-20
VG260063,CII,2026-II,EP,0.25,13,2026-10-13
VG260063,CII,2026-II,EF,0.35,14,2026-12-08
VG260063,EIT,2026-II,EC1,0.20,12,2026-09-16
VG260063,EIT,2026-II,EC2,0.20,13,2026-10-21
VG260063,EIT,2026-II,EP,0.25,14,2026-10-14
VG260063,EIT,2026-II,EF,0.35,,
VG260063,EFSRT5,2026-II,EC1,0.20,12,2026-09-17
VG260063,EFSRT5,2026-II,EC2,0.20,14,2026-10-22
VG260063,EFSRT5,2026-II,EP,0.25,14,2026-10-15
VG260063,EFSRT5,2026-II,EF,0.35,,
VG260064,APS,2026-II,EC1,0.20,15,2026-09-14
VG260064,APS,2026-II,EC2,0.20,16,2026-10-19
VG260064,APS,2026-II,EP,0.25,16,2026-10-12
VG260064,APS,2026-II,EF,0.35,13,2026-12-07
VG260064,TBD,2026-II,EC1,0.20,11,2026-09-15
VG260064,TBD,2026-II,EC2,0.20,15,2026-10-20
VG260064,TBD,2026-II,EP,0.25,15,2026-10-13
VG260064,TBD,2026-II,EF,0.35,15,2026-12-08
VG260064,FIA,2026-II,EC1,0.20,17,2026-09-16
VG260064,FIA,2026-II,EC2,0.20,15,2026-10-21
VG260064,FIA,2026-II,EP,0.25,14,2026-10-14
VG260064,FIA,2026-II,EF,0.35,14,2026-12-09
VG260064,SDE,2026-II,EC1,0.20,14,2026-09-17
VG260064,SDE,2026-II,EC2,0.20,17,2026-10-22
VG260064,SDE,2026-II,EP,0.25,14,2026-10-15
VG260064,SDE,2026-II,EF,0.35,13,2026-12-10
VG260064,FCS,2026-II,EC1,0.20,19,2026-09-18
VG260064,FCS,2026-II,EC2,0.20,11,2026-10-23
VG260064,FCS,2026-II,EP,0.25,17,2026-10-16
VG260064,FCS,2026-II,EF,0.35,15,2026-12-11
VG260064,EIA,2026-II,EC1,0.20,14,2026-09-14
VG260064,EIA,2026-II,EC2,0.20,12,2026-10-19
VG260064,EIA,2026-II,EP,0.25,12,2026-10-12
VG260064,EIA,2026-II,EF,0.35,14,2026-12-07
VG260064,CII,2026-II,EC1,0.20,15,2026-09-15
VG260064,CII,2026-II,EC2,0.20,14,2026-10-20
VG260064,CII,2026-II,EP,0.25,18,2026-10-13
VG260064,CII,2026-II,EF,0.35,15,2026-12-08
VG260064,EIT,2026-II,EC1,0.20,14,2026-09-16
VG260064,EIT,2026-II,EC2,0.20,15,2026-10-21
VG260064,EIT,2026-II,EP,0.25,15,2026-10-14
VG260064,EIT,2026-II,EF,0.35,,
VG260064,EFSRT5,2026-II,EC1,0.20,14,2026-09-17
VG260064,EFSRT5,2026-II,EC2,0.20,14,2026-10-22
VG260064,EFSRT5,2026-II,EP,0.25,14,2026-10-15
VG260064,EFSRT5,2026-II,EF,0.35,,
VG260065,APS,2026-II,EC1,0.20,10,2026-09-14
VG260065,APS,2026-II,EC2,0.20,14,2026-10-19
VG260065,APS,2026-II,EP,0.25,11,2026-10-12
VG260065,APS,2026-II,EF,0.35,13,2026-12-07
VG260065,TBD,2026-II,EC1,0.20,8,2026-09-15
VG260065,TBD,2026-II,EC2,0.20,12,2026-10-20
VG260065,TBD,2026-II,EP,0.25,13,2026-10-13
VG260065,TBD,2026-II,EF,0.35,12,2026-12-08
VG260065,FIA,2026-II,EC1,0.20,12,2026-09-16
VG260065,FIA,2026-II,EC2,0.20,10,2026-10-21
VG260065,FIA,2026-II,EP,0.25,6,2026-10-14
VG260065,FIA,2026-II,EF,0.35,11,2026-12-09
VG260065,SDE,2026-II,EC1,0.20,11,2026-09-17
VG260065,SDE,2026-II,EC2,0.20,8,2026-10-22
VG260065,SDE,2026-II,EP,0.25,11,2026-10-15
VG260065,SDE,2026-II,EF,0.35,12,2026-12-10
VG260065,FCS,2026-II,EC1,0.20,15,2026-09-18
VG260065,FCS,2026-II,EC2,0.20,11,2026-10-23
VG260065,FCS,2026-II,EP,0.25,13,2026-10-16
VG260065,FCS,2026-II,EF,0.35,11,2026-12-11
VG260065,EIA,2026-II,EC1,0.20,13,2026-09-14
VG260065,EIA,2026-II,EC2,0.20,9,2026-10-19
VG260065,EIA,2026-II,EP,0.25,11,2026-10-12
VG260065,EIA,2026-II,EF,0.35,11,2026-12-07
VG260065,CII,2026-II,EC1,0.20,12,2026-09-15
VG260065,CII,2026-II,EC2,0.20,14,2026-10-20
VG260065,CII,2026-II,EP,0.25,10,2026-10-13
VG260065,CII,2026-II,EF,0.35,11,2026-12-08
VG260065,EIT,2026-II,EC1,0.20,12,2026-09-16
VG260065,EIT,2026-II,EC2,0.20,16,2026-10-21
VG260065,EIT,2026-II,EP,0.25,14,2026-10-14
VG260065,EIT,2026-II,EF,0.35,,
VG260065,EFSRT5,2026-II,EC1,0.20,16,2026-09-17
VG260065,EFSRT5,2026-II,EC2,0.20,13,2026-10-22
VG260065,EFSRT5,2026-II,EP,0.25,9,2026-10-15
VG260065,EFSRT5,2026-II,EF,0.35,,
VG260066,APS,2026-II,EC1,0.20,15,2026-09-14
VG260066,APS,2026-II,EC2,0.20,20,2026-10-19
VG260066,APS,2026-II,EP,0.25,16,2026-10-12
VG260066,APS,2026-II,EF,0.35,19,2026-12-07
VG260066,TBD,2026-II,EC1,0.20,17,2026-09-15
VG260066,TBD,2026-II,EC2,0.20,17,2026-10-20
VG260066,TBD,2026-II,EP,0.25,15,2026-10-13
VG260066,TBD,2026-II,EF,0.35,12,2026-12-08
VG260066,FIA,2026-II,EC1,0.20,17,2026-09-16
VG260066,FIA,2026-II,EC2,0.20,15,2026-10-21
VG260066,FIA,2026-II,EP,0.25,18,2026-10-14
VG260066,FIA,2026-II,EF,0.35,14,2026-12-09
VG260066,SDE,2026-II,EC1,0.20,11,2026-09-17
VG260066,SDE,2026-II,EC2,0.20,16,2026-10-22
VG260066,SDE,2026-II,EP,0.25,14,2026-10-15
VG260066,SDE,2026-II,EF,0.35,11,2026-12-10
VG260066,FCS,2026-II,EC1,0.20,13,2026-09-18
VG260066,FCS,2026-II,EC2,0.20,18,2026-10-23
VG260066,FCS,2026-II,EP,0.25,15,2026-10-16
VG260066,FCS,2026-II,EF,0.35,18,2026-12-11
VG260066,EIA,2026-II,EC1,0.20,16,2026-09-14
VG260066,EIA,2026-II,EC2,0.20,14,2026-10-19
VG260066,EIA,2026-II,EP,0.25,16,2026-10-12
VG260066,EIA,2026-II,EF,0.35,14,2026-12-07
VG260066,CII,2026-II,EC1,0.20,15,2026-09-15
VG260066,CII,2026-II,EC2,0.20,19,2026-10-20
VG260066,CII,2026-II,EP,0.25,13,2026-10-13
VG260066,CII,2026-II,EF,0.35,17,2026-12-08
VG260066,EIT,2026-II,EC1,0.20,16,2026-09-16
VG260066,EIT,2026-II,EC2,0.20,17,2026-10-21
VG260066,EIT,2026-II,EP,0.25,13,2026-10-14
VG260066,EIT,2026-II,EF,0.35,,
VG260066,EFSRT5,2026-II,EC1,0.20,18,2026-09-17
VG260066,EFSRT5,2026-II,EC2,0.20,16,2026-10-22
VG260066,EFSRT5,2026-II,EP,0.25,16,2026-10-15
VG260066,EFSRT5,2026-II,EF,0.35,,
VG260067,APS,2026-II,EC1,0.20,9,2026-09-14
VG260067,APS,2026-II,EC2,0.20,10,2026-10-19
VG260067,APS,2026-II,EP,0.25,17,2026-10-12
VG260067,APS,2026-II,EF,0.35,12,2026-12-07
VG260067,TBD,2026-II,EC1,0.20,11,2026-09-15
VG260067,TBD,2026-II,EC2,0.20,8,2026-10-20
VG260067,TBD,2026-II,EP,0.25,13,2026-10-13
VG260067,TBD,2026-II,EF,0.35,13,2026-12-08
VG260067,FIA,2026-II,EC1,0.20,8,2026-09-16
VG260067,FIA,2026-II,EC2,0.20,9,2026-10-21
VG260067,FIA,2026-II,EP,0.25,9,2026-10-14
VG260067,FIA,2026-II,EF,0.35,10,2026-12-09
VG260067,SDE,2026-II,EC1,0.20,10,2026-09-17
VG260067,SDE,2026-II,EC2,0.20,13,2026-10-22
VG260067,SDE,2026-II,EP,0.25,9,2026-10-15
VG260067,SDE,2026-II,EF,0.35,10,2026-12-10
VG260067,FCS,2026-II,EC1,0.20,15,2026-09-18
VG260067,FCS,2026-II,EC2,0.20,11,2026-10-23
VG260067,FCS,2026-II,EP,0.25,11,2026-10-16
VG260067,FCS,2026-II,EF,0.35,13,2026-12-11
VG260067,EIA,2026-II,EC1,0.20,7,2026-09-14
VG260067,EIA,2026-II,EC2,0.20,10,2026-10-19
VG260067,EIA,2026-II,EP,0.25,10,2026-10-12
VG260067,EIA,2026-II,EF,0.35,11,2026-12-07
VG260067,CII,2026-II,EC1,0.20,14,2026-09-15
VG260067,CII,2026-II,EC2,0.20,14,2026-10-20
VG260067,CII,2026-II,EP,0.25,11,2026-10-13
VG260067,CII,2026-II,EF,0.35,13,2026-12-08
VG260067,EIT,2026-II,EC1,0.20,12,2026-09-16
VG260067,EIT,2026-II,EC2,0.20,12,2026-10-21
VG260067,EIT,2026-II,EP,0.25,12,2026-10-14
VG260067,EIT,2026-II,EF,0.35,,
VG260067,EFSRT5,2026-II,EC1,0.20,14,2026-09-17
VG260067,EFSRT5,2026-II,EC2,0.20,14,2026-10-22
VG260067,EFSRT5,2026-II,EP,0.25,10,2026-10-15
VG260067,EFSRT5,2026-II,EF,0.35,,
VG260068,APS,2026-II,EC1,0.20,19,2026-09-14
VG260068,APS,2026-II,EC2,0.20,17,2026-10-19
VG260068,APS,2026-II,EP,0.25,17,2026-10-12
VG260068,APS,2026-II,EF,0.35,16,2026-12-07
VG260068,TBD,2026-II,EC1,0.20,17,2026-09-15
VG260068,TBD,2026-II,EC2,0.20,20,2026-10-20
VG260068,TBD,2026-II,EP,0.25,18,2026-10-13
VG260068,TBD,2026-II,EF,0.35,19,2026-12-08
VG260068,FIA,2026-II,EC1,0.20,13,2026-09-16
VG260068,FIA,2026-II,EC2,0.20,18,2026-10-21
VG260068,FIA,2026-II,EP,0.25,16,2026-10-14
VG260068,FIA,2026-II,EF,0.35,16,2026-12-09
VG260068,SDE,2026-II,EC1,0.20,15,2026-09-17
VG260068,SDE,2026-II,EC2,0.20,16,2026-10-22
VG260068,SDE,2026-II,EP,0.25,16,2026-10-15
VG260068,SDE,2026-II,EF,0.35,16,2026-12-10
VG260068,FCS,2026-II,EC1,0.20,20,2026-09-18
VG260068,FCS,2026-II,EC2,0.20,18,2026-10-23
VG260068,FCS,2026-II,EP,0.25,16,2026-10-16
VG260068,FCS,2026-II,EF,0.35,19,2026-12-11
VG260068,EIA,2026-II,EC1,0.20,14,2026-09-14
VG260068,EIA,2026-II,EC2,0.20,15,2026-10-19
VG260068,EIA,2026-II,EP,0.25,17,2026-10-12
VG260068,EIA,2026-II,EF,0.35,19,2026-12-07
VG260068,CII,2026-II,EC1,0.20,17,2026-09-15
VG260068,CII,2026-II,EC2,0.20,15,2026-10-20
VG260068,CII,2026-II,EP,0.25,19,2026-10-13
VG260068,CII,2026-II,EF,0.35,17,2026-12-08
VG260068,EIT,2026-II,EC1,0.20,19,2026-09-16
VG260068,EIT,2026-II,EC2,0.20,17,2026-10-21
VG260068,EIT,2026-II,EP,0.25,20,2026-10-14
VG260068,EIT,2026-II,EF,0.35,,
VG260068,EFSRT5,2026-II,EC1,0.20,19,2026-09-17
VG260068,EFSRT5,2026-II,EC2,0.20,18,2026-10-22
VG260068,EFSRT5,2026-II,EP,0.25,19,2026-10-15
VG260068,EFSRT5,2026-II,EF,0.35,,
VG260069,APS,2026-II,EC1,0.20,11,2026-09-14
VG260069,APS,2026-II,EC2,0.20,12,2026-10-19
VG260069,APS,2026-II,EP,0.25,12,2026-10-12
VG260069,APS,2026-II,EF,0.35,13,2026-12-07
VG260069,TBD,2026-II,EC1,0.20,12,2026-09-15
VG260069,TBD,2026-II,EC2,0.20,10,2026-10-20
VG260069,TBD,2026-II,EP,0.25,11,2026-10-13
VG260069,TBD,2026-II,EF,0.35,13,2026-12-08
VG260069,FIA,2026-II,EC1,0.20,11,2026-09-16
VG260069,FIA,2026-II,EC2,0.20,12,2026-10-21
VG260069,FIA,2026-II,EP,0.25,8,2026-10-14
VG260069,FIA,2026-II,EF,0.35,10,2026-12-09
VG260069,SDE,2026-II,EC1,0.20,12,2026-09-17
VG260069,SDE,2026-II,EC2,0.20,11,2026-10-22
VG260069,SDE,2026-II,EP,0.25,11,2026-10-15
VG260069,SDE,2026-II,EF,0.35,8,2026-12-10
VG260069,FCS,2026-II,EC1,0.20,13,2026-09-18
VG260069,FCS,2026-II,EC2,0.20,13,2026-10-23
VG260069,FCS,2026-II,EP,0.25,13,2026-10-16
VG260069,FCS,2026-II,EF,0.35,12,2026-12-11
VG260069,EIA,2026-II,EC1,0.20,8,2026-09-14
VG260069,EIA,2026-II,EC2,0.20,10,2026-10-19
VG260069,EIA,2026-II,EP,0.25,11,2026-10-12
VG260069,EIA,2026-II,EF,0.35,9,2026-12-07
VG260069,CII,2026-II,EC1,0.20,11,2026-09-15
VG260069,CII,2026-II,EC2,0.20,12,2026-10-20
VG260069,CII,2026-II,EP,0.25,16,2026-10-13
VG260069,CII,2026-II,EF,0.35,12,2026-12-08
VG260069,EIT,2026-II,EC1,0.20,9,2026-09-16
VG260069,EIT,2026-II,EC2,0.20,13,2026-10-21
VG260069,EIT,2026-II,EP,0.25,9,2026-10-14
VG260069,EIT,2026-II,EF,0.35,,
VG260069,EFSRT5,2026-II,EC1,0.20,16,2026-09-17
VG260069,EFSRT5,2026-II,EC2,0.20,14,2026-10-22
VG260069,EFSRT5,2026-II,EP,0.25,13,2026-10-15
VG260069,EFSRT5,2026-II,EF,0.35,,
VG260070,APS,2026-II,EC1,0.20,17,2026-09-14
VG260070,APS,2026-II,EC2,0.20,19,2026-10-19
VG260070,APS,2026-II,EP,0.25,17,2026-10-12
VG260070,APS,2026-II,EF,0.35,18,2026-12-07
VG260070,TBD,2026-II,EC1,0.20,14,2026-09-15
VG260070,TBD,2026-II,EC2,0.20,17,2026-10-20
VG260070,TBD,2026-II,EP,0.25,18,2026-10-13
VG260070,TBD,2026-II,EF,0.35,16,2026-12-08
VG260070,FIA,2026-II,EC1,0.20,16,2026-09-16
VG260070,FIA,2026-II,EC2,0.20,17,2026-10-21
VG260070,FIA,2026-II,EP,0.25,15,2026-10-14
VG260070,FIA,2026-II,EF,0.35,18,2026-12-09
VG260070,SDE,2026-II,EC1,0.20,13,2026-09-17
VG260070,SDE,2026-II,EC2,0.20,14,2026-10-22
VG260070,SDE,2026-II,EP,0.25,16,2026-10-15
VG260070,SDE,2026-II,EF,0.35,14,2026-12-10
VG260070,FCS,2026-II,EC1,0.20,17,2026-09-18
VG260070,FCS,2026-II,EC2,0.20,18,2026-10-23
VG260070,FCS,2026-II,EP,0.25,15,2026-10-16
VG260070,FCS,2026-II,EF,0.35,19,2026-12-11
VG260070,EIA,2026-II,EC1,0.20,19,2026-09-14
VG260070,EIA,2026-II,EC2,0.20,14,2026-10-19
VG260070,EIA,2026-II,EP,0.25,17,2026-10-12
VG260070,EIA,2026-II,EF,0.35,15,2026-12-07
VG260070,CII,2026-II,EC1,0.20,17,2026-09-15
VG260070,CII,2026-II,EC2,0.20,16,2026-10-20
VG260070,CII,2026-II,EP,0.25,17,2026-10-13
VG260070,CII,2026-II,EF,0.35,20,2026-12-08
VG260070,EIT,2026-II,EC1,0.20,20,2026-09-16
VG260070,EIT,2026-II,EC2,0.20,19,2026-10-21
VG260070,EIT,2026-II,EP,0.25,19,2026-10-14
VG260070,EIT,2026-II,EF,0.35,,
VG260070,EFSRT5,2026-II,EC1,0.20,17,2026-09-17
VG260070,EFSRT5,2026-II,EC2,0.20,17,2026-10-22
VG260070,EFSRT5,2026-II,EP,0.25,14,2026-10-15
VG260070,EFSRT5,2026-II,EF,0.35,,
VG260071,APS,2026-II,EC1,0.20,18,2026-09-14
VG260071,APS,2026-II,EC2,0.20,19,2026-10-19
VG260071,APS,2026-II,EP,0.25,19,2026-10-12
VG260071,APS,2026-II,EF,0.35,20,2026-12-07
VG260071,TBD,2026-II,EC1,0.20,13,2026-09-15
VG260071,TBD,2026-II,EC2,0.20,20,2026-10-20
VG260071,TBD,2026-II,EP,0.25,16,2026-10-13
VG260071,TBD,2026-II,EF,0.35,17,2026-12-08
VG260071,FIA,2026-II,EC1,0.20,16,2026-09-16
VG260071,FIA,2026-II,EC2,0.20,18,2026-10-21
VG260071,FIA,2026-II,EP,0.25,20,2026-10-14
VG260071,FIA,2026-II,EF,0.35,19,2026-12-09
VG260071,SDE,2026-II,EC1,0.20,19,2026-09-17
VG260071,SDE,2026-II,EC2,0.20,16,2026-10-22
VG260071,SDE,2026-II,EP,0.25,15,2026-10-15
VG260071,SDE,2026-II,EF,0.35,17,2026-12-10
VG260071,FCS,2026-II,EC1,0.20,19,2026-09-18
VG260071,FCS,2026-II,EC2,0.20,17,2026-10-23
VG260071,FCS,2026-II,EP,0.25,19,2026-10-16
VG260071,FCS,2026-II,EF,0.35,20,2026-12-11
VG260071,EIA,2026-II,EC1,0.20,18,2026-09-14
VG260071,EIA,2026-II,EC2,0.20,20,2026-10-19
VG260071,EIA,2026-II,EP,0.25,17,2026-10-12
VG260071,EIA,2026-II,EF,0.35,16,2026-12-07
VG260071,CII,2026-II,EC1,0.20,17,2026-09-15
VG260071,CII,2026-II,EC2,0.20,18,2026-10-20
VG260071,CII,2026-II,EP,0.25,20,2026-10-13
VG260071,CII,2026-II,EF,0.35,16,2026-12-08
VG260071,EIT,2026-II,EC1,0.20,19,2026-09-16
VG260071,EIT,2026-II,EC2,0.20,18,2026-10-21
VG260071,EIT,2026-II,EP,0.25,18,2026-10-14
VG260071,EIT,2026-II,EF,0.35,,
VG260071,EFSRT5,2026-II,EC1,0.20,17,2026-09-17
VG260071,EFSRT5,2026-II,EC2,0.20,18,2026-10-22
VG260071,EFSRT5,2026-II,EP,0.25,20,2026-10-15
VG260071,EFSRT5,2026-II,EF,0.35,,
VG260072,APS,2026-II,EC1,0.20,20,2026-09-14
VG260072,APS,2026-II,EC2,0.20,13,2026-10-19
VG260072,APS,2026-II,EP,0.25,18,2026-10-12
VG260072,APS,2026-II,EF,0.35,19,2026-12-07
VG260072,TBD,2026-II,EC1,0.20,14,2026-09-15
VG260072,TBD,2026-II,EC2,0.20,16,2026-10-20
VG260072,TBD,2026-II,EP,0.25,14,2026-10-13
VG260072,TBD,2026-II,EF,0.35,16,2026-12-08
VG260072,FIA,2026-II,EC1,0.20,14,2026-09-16
VG260072,FIA,2026-II,EC2,0.20,16,2026-10-21
VG260072,FIA,2026-II,EP,0.25,16,2026-10-14
VG260072,FIA,2026-II,EF,0.35,13,2026-12-09
VG260072,SDE,2026-II,EC1,0.20,16,2026-09-17
VG260072,SDE,2026-II,EC2,0.20,19,2026-10-22
VG260072,SDE,2026-II,EP,0.25,16,2026-10-15
VG260072,SDE,2026-II,EF,0.35,16,2026-12-10
VG260072,FCS,2026-II,EC1,0.20,17,2026-09-18
VG260072,FCS,2026-II,EC2,0.20,13,2026-10-23
VG260072,FCS,2026-II,EP,0.25,14,2026-10-16
VG260072,FCS,2026-II,EF,0.35,16,2026-12-11
VG260072,EIA,2026-II,EC1,0.20,15,2026-09-14
VG260072,EIA,2026-II,EC2,0.20,15,2026-10-19
VG260072,EIA,2026-II,EP,0.25,15,2026-10-12
VG260072,EIA,2026-II,EF,0.35,16,2026-12-07
VG260072,CII,2026-II,EC1,0.20,16,2026-09-15
VG260072,CII,2026-II,EC2,0.20,17,2026-10-20
VG260072,CII,2026-II,EP,0.25,19,2026-10-13
VG260072,CII,2026-II,EF,0.35,16,2026-12-08
VG260072,EIT,2026-II,EC1,0.20,13,2026-09-16
VG260072,EIT,2026-II,EC2,0.20,19,2026-10-21
VG260072,EIT,2026-II,EP,0.25,15,2026-10-14
VG260072,EIT,2026-II,EF,0.35,,
VG260072,EFSRT5,2026-II,EC1,0.20,16,2026-09-17
VG260072,EFSRT5,2026-II,EC2,0.20,19,2026-10-22
VG260072,EFSRT5,2026-II,EP,0.25,20,2026-10-15
VG260072,EFSRT5,2026-II,EF,0.35,,
VG260073,APS,2026-II,EC1,0.20,14,2026-09-14
VG260073,APS,2026-II,EC2,0.20,15,2026-10-19
VG260073,APS,2026-II,EP,0.25,12,2026-10-12
VG260073,APS,2026-II,EF,0.35,12,2026-12-07
VG260073,TBD,2026-II,EC1,0.20,10,2026-09-15
VG260073,TBD,2026-II,EC2,0.20,11,2026-10-20
VG260073,TBD,2026-II,EP,0.25,13,2026-10-13
VG260073,TBD,2026-II,EF,0.35,12,2026-12-08
VG260073,FIA,2026-II,EC1,0.20,9,2026-09-16
VG260073,FIA,2026-II,EC2,0.20,9,2026-10-21
VG260073,FIA,2026-II,EP,0.25,10,2026-10-14
VG260073,FIA,2026-II,EF,0.35,11,2026-12-09
VG260073,SDE,2026-II,EC1,0.20,12,2026-09-17
VG260073,SDE,2026-II,EC2,0.20,9,2026-10-22
VG260073,SDE,2026-II,EP,0.25,9,2026-10-15
VG260073,SDE,2026-II,EF,0.35,9,2026-12-10
VG260073,FCS,2026-II,EC1,0.20,14,2026-09-18
VG260073,FCS,2026-II,EC2,0.20,12,2026-10-23
VG260073,FCS,2026-II,EP,0.25,12,2026-10-16
VG260073,FCS,2026-II,EF,0.35,10,2026-12-11
VG260073,EIA,2026-II,EC1,0.20,10,2026-09-14
VG260073,EIA,2026-II,EC2,0.20,9,2026-10-19
VG260073,EIA,2026-II,EP,0.25,10,2026-10-12
VG260073,EIA,2026-II,EF,0.35,9,2026-12-07
VG260073,CII,2026-II,EC1,0.20,11,2026-09-15
VG260073,CII,2026-II,EC2,0.20,15,2026-10-20
VG260073,CII,2026-II,EP,0.25,10,2026-10-13
VG260073,CII,2026-II,EF,0.35,12,2026-12-08
VG260073,EIT,2026-II,EC1,0.20,13,2026-09-16
VG260073,EIT,2026-II,EC2,0.20,12,2026-10-21
VG260073,EIT,2026-II,EP,0.25,13,2026-10-14
VG260073,EIT,2026-II,EF,0.35,,
VG260073,EFSRT5,2026-II,EC1,0.20,13,2026-09-17
VG260073,EFSRT5,2026-II,EC2,0.20,15,2026-10-22
VG260073,EFSRT5,2026-II,EP,0.25,15,2026-10-15
VG260073,EFSRT5,2026-II,EF,0.35,,
VG260074,APS,2026-II,EC1,0.20,17,2026-09-14
VG260074,APS,2026-II,EC2,0.20,14,2026-10-19
VG260074,APS,2026-II,EP,0.25,19,2026-10-12
VG260074,APS,2026-II,EF,0.35,13,2026-12-07
VG260074,TBD,2026-II,EC1,0.20,18,2026-09-15
VG260074,TBD,2026-II,EC2,0.20,16,2026-10-20
VG260074,TBD,2026-II,EP,0.25,15,2026-10-13
VG260074,TBD,2026-II,EF,0.35,15,2026-12-08
VG260074,FIA,2026-II,EC1,0.20,19,2026-09-16
VG260074,FIA,2026-II,EC2,0.20,16,2026-10-21
VG260074,FIA,2026-II,EP,0.25,12,2026-10-14
VG260074,FIA,2026-II,EF,0.35,16,2026-12-09
VG260074,SDE,2026-II,EC1,0.20,15,2026-09-17
VG260074,SDE,2026-II,EC2,0.20,17,2026-10-22
VG260074,SDE,2026-II,EP,0.25,17,2026-10-15
VG260074,SDE,2026-II,EF,0.35,13,2026-12-10
VG260074,FCS,2026-II,EC1,0.20,17,2026-09-18
VG260074,FCS,2026-II,EC2,0.20,16,2026-10-23
VG260074,FCS,2026-II,EP,0.25,15,2026-10-16
VG260074,FCS,2026-II,EF,0.35,17,2026-12-11
VG260074,EIA,2026-II,EC1,0.20,14,2026-09-14
VG260074,EIA,2026-II,EC2,0.20,16,2026-10-19
VG260074,EIA,2026-II,EP,0.25,14,2026-10-12
VG260074,EIA,2026-II,EF,0.35,15,2026-12-07
VG260074,CII,2026-II,EC1,0.20,25,2026-09-15
VG260074,CII,2026-II,EC2,0.20,16,2026-10-20
VG260074,CII,2026-II,EP,0.25,16,2026-10-13
VG260074,CII,2026-II,EF,0.35,20,2026-12-08
VG260074,EIT,2026-II,EC1,0.20,15,2026-09-16
VG260074,EIT,2026-II,EC2,0.20,15,2026-10-21
VG260074,EIT,2026-II,EP,0.25,18,2026-10-14
VG260074,EIT,2026-II,EF,0.35,,
VG260074,EFSRT5,2026-II,EC1,0.20,20,2026-09-17
VG260074,EFSRT5,2026-II,EC2,0.20,13,2026-10-22
VG260074,EFSRT5,2026-II,EP,0.25,16,2026-10-15
VG260074,EFSRT5,2026-II,EF,0.35,,
VG260075,APS,2026-II,EC1,0.20,18,2026-09-14
VG260075,APS,2026-II,EC2,0.20,20,2026-10-19
VG260075,APS,2026-II,EP,0.25,20,2026-10-12
VG260075,APS,2026-II,EF,0.35,19,2026-12-07
VG260075,TBD,2026-II,EC1,0.20,18,2026-09-15
VG260075,TBD,2026-II,EC2,0.20,20,2026-10-20
VG260075,TBD,2026-II,EP,0.25,18,2026-10-13
VG260075,TBD,2026-II,EF,0.35,16,2026-12-08
VG260075,FIA,2026-II,EC1,0.20,15,2026-09-16
VG260075,FIA,2026-II,EC2,0.20,19,2026-10-21
VG260075,FIA,2026-II,EP,0.25,17,2026-10-14
VG260075,FIA,2026-II,EF,0.35,16,2026-12-09
VG260075,SDE,2026-II,EC1,0.20,17,2026-09-17
VG260075,SDE,2026-II,EC2,0.20,17,2026-10-22
VG260075,SDE,2026-II,EP,0.25,18,2026-10-15
VG260075,SDE,2026-II,EF,0.35,20,2026-12-10
VG260075,FCS,2026-II,EC1,0.20,20,2026-09-18
VG260075,FCS,2026-II,EC2,0.20,17,2026-10-23
VG260075,FCS,2026-II,EP,0.25,18,2026-10-16
VG260075,FCS,2026-II,EF,0.35,20,2026-12-11
VG260075,EIA,2026-II,EC1,0.20,16,2026-09-14
VG260075,EIA,2026-II,EC2,0.20,16,2026-10-19
VG260075,EIA,2026-II,EP,0.25,17,2026-10-12
VG260075,EIA,2026-II,EF,0.35,19,2026-12-07
VG260075,CII,2026-II,EC1,0.20,18,2026-09-15
VG260075,CII,2026-II,EC2,0.20,15,2026-10-20
VG260075,CII,2026-II,EP,0.25,20,2026-10-13
VG260075,CII,2026-II,EF,0.35,20,2026-12-08
VG260075,EIT,2026-II,EC1,0.20,19,2026-09-16
VG260075,EIT,2026-II,EC2,0.20,18,2026-10-21
VG260075,EIT,2026-II,EP,0.25,20,2026-10-14
VG260075,EIT,2026-II,EF,0.35,,
VG260075,EFSRT5,2026-II,EC1,0.20,20,2026-09-17
VG260075,EFSRT5,2026-II,EC2,0.20,17,2026-10-22
VG260075,EFSRT5,2026-II,EP,0.25,18,2026-10-15
VG260075,EFSRT5,2026-II,EF,0.35,,
VG260076,APS,2026-II,EC1,0.20,13,2026-09-14
VG260076,APS,2026-II,EC2,0.20,16,2026-10-19
VG260076,APS,2026-II,EP,0.25,18,2026-10-12
VG260076,APS,2026-II,EF,0.35,10,2026-12-07
VG260076,TBD,2026-II,EC1,0.20,13,2026-09-15
VG260076,TBD,2026-II,EC2,0.20,13,2026-10-20
VG260076,TBD,2026-II,EP,0.25,15,2026-10-13
VG260076,TBD,2026-II,EF,0.35,14,2026-12-08
VG260076,FIA,2026-II,EC1,0.20,11,2026-09-16
VG260076,FIA,2026-II,EC2,0.20,13,2026-10-21
VG260076,FIA,2026-II,EP,0.25,12,2026-10-14
VG260076,FIA,2026-II,EF,0.35,10,2026-12-09
VG260076,SDE,2026-II,EC1,0.20,13,2026-09-17
VG260076,SDE,2026-II,EC2,0.20,15,2026-10-22
VG260076,SDE,2026-II,EP,0.25,11,2026-10-15
VG260076,SDE,2026-II,EF,0.35,14,2026-12-10
VG260076,FCS,2026-II,EC1,0.20,16,2026-09-18
VG260076,FCS,2026-II,EC2,0.20,15,2026-10-23
VG260076,FCS,2026-II,EP,0.25,14,2026-10-16
VG260076,FCS,2026-II,EF,0.35,9,2026-12-11
VG260076,EIA,2026-II,EC1,0.20,14,2026-09-14
VG260076,EIA,2026-II,EC2,0.20,9,2026-10-19
VG260076,EIA,2026-II,EP,0.25,10,2026-10-12
VG260076,EIA,2026-II,EF,0.35,14,2026-12-07
VG260076,CII,2026-II,EC1,0.20,12,2026-09-15
VG260076,CII,2026-II,EC2,0.20,12,2026-10-20
VG260076,CII,2026-II,EP,0.25,14,2026-10-13
VG260076,CII,2026-II,EF,0.35,12,2026-12-08
VG260076,EIT,2026-II,EC1,0.20,15,2026-09-16
VG260076,EIT,2026-II,EC2,0.20,11,2026-10-21
VG260076,EIT,2026-II,EP,0.25,13,2026-10-14
VG260076,EIT,2026-II,EF,0.35,,
VG260076,EFSRT5,2026-II,EC1,0.20,15,2026-09-17
VG260076,EFSRT5,2026-II,EC2,0.20,15,2026-10-22
VG260076,EFSRT5,2026-II,EP,0.25,17,2026-10-15
VG260076,EFSRT5,2026-II,EF,0.35,,
VG260077,APS,2026-II,EC1,0.20,15,2026-09-14
VG260077,APS,2026-II,EC2,0.20,16,2026-10-19
VG260077,APS,2026-II,EP,0.25,17,2026-10-12
VG260077,APS,2026-II,EF,0.35,17,2026-12-07
VG260077,TBD,2026-II,EC1,0.20,13,2026-09-15
VG260077,TBD,2026-II,EC2,0.20,14,2026-10-20
VG260077,TBD,2026-II,EP,0.25,13,2026-10-13
VG260077,TBD,2026-II,EF,0.35,14,2026-12-08
VG260077,FIA,2026-II,EC1,0.20,16,2026-09-16
VG260077,FIA,2026-II,EC2,0.20,18,2026-10-21
VG260077,FIA,2026-II,EP,0.25,16,2026-10-14
VG260077,FIA,2026-II,EF,0.35,12,2026-12-09
VG260077,SDE,2026-II,EC1,0.20,15,2026-09-17
VG260077,SDE,2026-II,EC2,0.20,16,2026-10-22
VG260077,SDE,2026-II,EP,0.25,17,2026-10-15
VG260077,SDE,2026-II,EF,0.35,15,2026-12-10
VG260077,FCS,2026-II,EC1,0.20,19,2026-09-18
VG260077,FCS,2026-II,EC2,0.20,15,2026-10-23
VG260077,FCS,2026-II,EP,0.25,17,2026-10-16
VG260077,FCS,2026-II,EF,0.35,16,2026-12-11
VG260077,EIA,2026-II,EC1,0.20,14,2026-09-14
VG260077,EIA,2026-II,EC2,0.20,20,2026-10-19
VG260077,EIA,2026-II,EP,0.25,15,2026-10-12
VG260077,EIA,2026-II,EF,0.35,14,2026-12-07
VG260077,CII,2026-II,EC1,0.20,19,2026-09-15
VG260077,CII,2026-II,EC2,0.20,19,2026-10-20
VG260077,CII,2026-II,EP,0.25,20,2026-10-13
VG260077,CII,2026-II,EF,0.35,17,2026-12-08
VG260077,EIT,2026-II,EC1,0.20,15,2026-09-16
VG260077,EIT,2026-II,EC2,0.20,19,2026-10-21
VG260077,EIT,2026-II,EP,0.25,14,2026-10-14
VG260077,EIT,2026-II,EF,0.35,,
VG260077,EFSRT5,2026-II,EC1,0.20,18,2026-09-17
VG260077,EFSRT5,2026-II,EC2,0.20,16,2026-10-22
VG260077,EFSRT5,2026-II,EP,0.25,18,2026-10-15
VG260077,EFSRT5,2026-II,EF,0.35,,
VG260078,APS,2026-II,EC1,0.20,20,2026-09-14
VG260078,APS,2026-II,EC2,0.20,20,2026-10-19
VG260078,APS,2026-II,EP,0.25,20,2026-10-12
VG260078,APS,2026-II,EF,0.35,20,2026-12-07
VG260078,TBD,2026-II,EC1,0.20,17,2026-09-15
VG260078,TBD,2026-II,EC2,0.20,19,2026-10-20
VG260078,TBD,2026-II,EP,0.25,17,2026-10-13
VG260078,TBD,2026-II,EF,0.35,20,2026-12-08
VG260078,FIA,2026-II,EC1,0.20,18,2026-09-16
VG260078,FIA,2026-II,EC2,0.20,20,2026-10-21
VG260078,FIA,2026-II,EP,0.25,20,2026-10-14
VG260078,FIA,2026-II,EF,0.35,20,2026-12-09
VG260078,SDE,2026-II,EC1,0.20,18,2026-09-17
VG260078,SDE,2026-II,EC2,0.20,20,2026-10-22
VG260078,SDE,2026-II,EP,0.25,17,2026-10-15
VG260078,SDE,2026-II,EF,0.35,17,2026-12-10
VG260078,FCS,2026-II,EC1,0.20,20,2026-09-18
VG260078,FCS,2026-II,EC2,0.20,20,2026-10-23
VG260078,FCS,2026-II,EP,0.25,18,2026-10-16
VG260078,FCS,2026-II,EF,0.35,20,2026-12-11
VG260078,EIA,2026-II,EC1,0.20,18,2026-09-14
VG260078,EIA,2026-II,EC2,0.20,19,2026-10-19
VG260078,EIA,2026-II,EP,0.25,18,2026-10-12
VG260078,EIA,2026-II,EF,0.35,18,2026-12-07
VG260078,CII,2026-II,EC1,0.20,20,2026-09-15
VG260078,CII,2026-II,EC2,0.20,19,2026-10-20
VG260078,CII,2026-II,EP,0.25,18,2026-10-13
VG260078,CII,2026-II,EF,0.35,19,2026-12-08
VG260078,EIT,2026-II,EC1,0.20,18,2026-09-16
VG260078,EIT,2026-II,EC2,0.20,20,2026-10-21
VG260078,EIT,2026-II,EP,0.25,20,2026-10-14
VG260078,EIT,2026-II,EF,0.35,,
VG260078,EFSRT5,2026-II,EC1,0.20,16,2026-09-17
VG260078,EFSRT5,2026-II,EC2,0.20,20,2026-10-22
VG260078,EFSRT5,2026-II,EP,0.25,16,2026-10-15
VG260078,EFSRT5,2026-II,EF,0.35,,
VG260079,APS,2026-II,EC1,0.20,16,2026-09-14
VG260079,APS,2026-II,EC2,0.20,12,2026-10-19
VG260079,APS,2026-II,EP,0.25,16,2026-10-12
VG260079,APS,2026-II,EF,0.35,16,2026-12-07
VG260079,TBD,2026-II,EC1,0.20,15,2026-09-15
VG260079,TBD,2026-II,EC2,0.20,15,2026-10-20
VG260079,TBD,2026-II,EP,0.25,12,2026-10-13
VG260079,TBD,2026-II,EF,0.35,13,2026-12-08
VG260079,FIA,2026-II,EC1,0.20,19,2026-09-16
VG260079,FIA,2026-II,EC2,0.20,12,2026-10-21
VG260079,FIA,2026-II,EP,0.25,15,2026-10-14
VG260079,FIA,2026-II,EF,0.35,15,2026-12-09
VG260079,SDE,2026-II,EC1,0.20,13,2026-09-17
VG260079,SDE,2026-II,EC2,0.20,14,2026-10-22
VG260079,SDE,2026-II,EP,0.25,13,2026-10-15
VG260079,SDE,2026-II,EF,0.35,13,2026-12-10
VG260079,FCS,2026-II,EC1,0.20,15,2026-09-18
VG260079,FCS,2026-II,EC2,0.20,15,2026-10-23
VG260079,FCS,2026-II,EP,0.25,14,2026-10-16
VG260079,FCS,2026-II,EF,0.35,14,2026-12-11
VG260079,EIA,2026-II,EC1,0.20,19,2026-09-14
VG260079,EIA,2026-II,EC2,0.20,12,2026-10-19
VG260079,EIA,2026-II,EP,0.25,11,2026-10-12
VG260079,EIA,2026-II,EF,0.35,14,2026-12-07
VG260079,CII,2026-II,EC1,0.20,20,2026-09-15
VG260079,CII,2026-II,EC2,0.20,18,2026-10-20
VG260079,CII,2026-II,EP,0.25,14,2026-10-13
VG260079,CII,2026-II,EF,0.35,15,2026-12-08
VG260079,EIT,2026-II,EC1,0.20,17,2026-09-16
VG260079,EIT,2026-II,EC2,0.20,18,2026-10-21
VG260079,EIT,2026-II,EP,0.25,16,2026-10-14
VG260079,EIT,2026-II,EF,0.35,,
VG260079,EFSRT5,2026-II,EC1,0.20,19,2026-09-17
VG260079,EFSRT5,2026-II,EC2,0.20,17,2026-10-22
VG260079,EFSRT5,2026-II,EP,0.25,15,2026-10-15
VG260079,EFSRT5,2026-II,EF,0.35,,
VG260080,APS,2026-II,EC1,0.20,18,2026-09-14
VG260080,APS,2026-II,EC2,0.20,16,2026-10-19
VG260080,APS,2026-II,EP,0.25,15,2026-10-12
VG260080,APS,2026-II,EF,0.35,17,2026-12-07
VG260080,TBD,2026-II,EC1,0.20,12,2026-09-15
VG260080,TBD,2026-II,EC2,0.20,16,2026-10-20
VG260080,TBD,2026-II,EP,0.25,13,2026-10-13
VG260080,TBD,2026-II,EF,0.35,12,2026-12-08
VG260080,FIA,2026-II,EC1,0.20,17,2026-09-16
VG260080,FIA,2026-II,EC2,0.20,16,2026-10-21
VG260080,FIA,2026-II,EP,0.25,17,2026-10-14
VG260080,FIA,2026-II,EF,0.35,16,2026-12-09
VG260080,SDE,2026-II,EC1,0.20,16,2026-09-17
VG260080,SDE,2026-II,EC2,0.20,17,2026-10-22
VG260080,SDE,2026-II,EP,0.25,15,2026-10-15
VG260080,SDE,2026-II,EF,0.35,18,2026-12-10
VG260080,FCS,2026-II,EC1,0.20,18,2026-09-18
VG260080,FCS,2026-II,EC2,0.20,19,2026-10-23
VG260080,FCS,2026-II,EP,0.25,14,2026-10-16
VG260080,FCS,2026-II,EF,0.35,14,2026-12-11
VG260080,EIA,2026-II,EC1,0.20,16,2026-09-14
VG260080,EIA,2026-II,EC2,0.20,13,2026-10-19
VG260080,EIA,2026-II,EP,0.25,15,2026-10-12
VG260080,EIA,2026-II,EF,0.35,15,2026-12-07
VG260080,CII,2026-II,EC1,0.20,20,2026-09-15
VG260080,CII,2026-II,EC2,0.20,19,2026-10-20
VG260080,CII,2026-II,EP,0.25,14,2026-10-13
VG260080,CII,2026-II,EF,0.35,13,2026-12-08
VG260080,EIT,2026-II,EC1,0.20,17,2026-09-16
VG260080,EIT,2026-II,EC2,0.20,15,2026-10-21
VG260080,EIT,2026-II,EP,0.25,20,2026-10-14
VG260080,EIT,2026-II,EF,0.35,,
VG260080,EFSRT5,2026-II,EC1,0.20,18,2026-09-17
VG260080,EFSRT5,2026-II,EC2,0.20,13,2026-10-22
VG260080,EFSRT5,2026-II,EP,0.25,14,2026-10-15
VG260080,EFSRT5,2026-II,EF,0.35,,
VG260081,APS,2026-II,EC1,0.20,18,2026-09-14
VG260081,APS,2026-II,EC2,0.20,18,2026-10-19
VG260081,APS,2026-II,EP,0.25,19,2026-10-12
VG260081,APS,2026-II,EF,0.35,18,2026-12-07
VG260081,TBD,2026-II,EC1,0.20,17,2026-09-15
VG260081,TBD,2026-II,EC2,0.20,17,2026-10-20
VG260081,TBD,2026-II,EP,0.25,15,2026-10-13
VG260081,TBD,2026-II,EF,0.35,16,2026-12-08
VG260081,FIA,2026-II,EC1,0.20,15,2026-09-16
VG260081,FIA,2026-II,EC2,0.20,14,2026-10-21
VG260081,FIA,2026-II,EP,0.25,16,2026-10-14
VG260081,FIA,2026-II,EF,0.35,16,2026-12-09
VG260081,SDE,2026-II,EC1,0.20,14,2026-09-17
VG260081,SDE,2026-II,EC2,0.20,12,2026-10-22
VG260081,SDE,2026-II,EP,0.25,16,2026-10-15
VG260081,SDE,2026-II,EF,0.35,13,2026-12-10
VG260081,FCS,2026-II,EC1,0.20,17,2026-09-18
VG260081,FCS,2026-II,EC2,0.20,17,2026-10-23
VG260081,FCS,2026-II,EP,0.25,11,2026-10-16
VG260081,FCS,2026-II,EF,0.35,16,2026-12-11
VG260081,EIA,2026-II,EC1,0.20,17,2026-09-14
VG260081,EIA,2026-II,EC2,0.20,17,2026-10-19
VG260081,EIA,2026-II,EP,0.25,18,2026-10-12
VG260081,EIA,2026-II,EF,0.35,13,2026-12-07
VG260081,CII,2026-II,EC1,0.20,19,2026-09-15
VG260081,CII,2026-II,EC2,0.20,16,2026-10-20
VG260081,CII,2026-II,EP,0.25,17,2026-10-13
VG260081,CII,2026-II,EF,0.35,19,2026-12-08
VG260081,EIT,2026-II,EC1,0.20,18,2026-09-16
VG260081,EIT,2026-II,EC2,0.20,15,2026-10-21
VG260081,EIT,2026-II,EP,0.25,17,2026-10-14
VG260081,EIT,2026-II,EF,0.35,,
VG260081,EFSRT5,2026-II,EC1,0.20,19,2026-09-17
VG260081,EFSRT5,2026-II,EC2,0.20,16,2026-10-22
VG260081,EFSRT5,2026-II,EP,0.25,18,2026-10-15
VG260081,EFSRT5,2026-II,EF,0.35,,
VG260082,APS,2026-II,EC1,0.20,13,2026-09-14
VG260082,APS,2026-II,EC2,0.20,12,2026-10-19
VG260082,APS,2026-II,EP,0.25,13,2026-10-12
VG260082,APS,2026-II,EF,0.35,11,2026-12-07
VG260082,TBD,2026-II,EC1,0.20,14,2026-09-15
VG260082,TBD,2026-II,EC2,0.20,14,2026-10-20
VG260082,TBD,2026-II,EP,0.25,12,2026-10-13
VG260082,TBD,2026-II,EF,0.35,11,2026-12-08
VG260082,FIA,2026-II,EC1,0.20,13,2026-09-16
VG260082,FIA,2026-II,EC2,0.20,10,2026-10-21
VG260082,FIA,2026-II,EP,0.25,12,2026-10-14
VG260082,FIA,2026-II,EF,0.35,8,2026-12-09
VG260082,SDE,2026-II,EC1,0.20,10,2026-09-17
VG260082,SDE,2026-II,EC2,0.20,13,2026-10-22
VG260082,SDE,2026-II,EP,0.25,10,2026-10-15
VG260082,SDE,2026-II,EF,0.35,13,2026-12-10
VG260082,FCS,2026-II,EC1,0.20,9,2026-09-18
VG260082,FCS,2026-II,EC2,0.20,13,2026-10-23
VG260082,FCS,2026-II,EP,0.25,14,2026-10-16
VG260082,FCS,2026-II,EF,0.35,15,2026-12-11
VG260082,EIA,2026-II,EC1,0.20,9,2026-09-14
VG260082,EIA,2026-II,EC2,0.20,12,2026-10-19
VG260082,EIA,2026-II,EP,0.25,12,2026-10-12
VG260082,EIA,2026-II,EF,0.35,13,2026-12-07
VG260082,CII,2026-II,EC1,0.20,18,2026-09-15
VG260082,CII,2026-II,EC2,0.20,13,2026-10-20
VG260082,CII,2026-II,EP,0.25,16,2026-10-13
VG260082,CII,2026-II,EF,0.35,16,2026-12-08
VG260082,EIT,2026-II,EC1,0.20,13,2026-09-16
VG260082,EIT,2026-II,EC2,0.20,16,2026-10-21
VG260082,EIT,2026-II,EP,0.25,16,2026-10-14
VG260082,EIT,2026-II,EF,0.35,,
VG260082,EFSRT5,2026-II,EC1,0.20,13,2026-09-17
VG260082,EFSRT5,2026-II,EC2,0.20,11,2026-10-22
VG260082,EFSRT5,2026-II,EP,0.25,15,2026-10-15
VG260082,EFSRT5,2026-II,EF,0.35,,
VG260083,APS,2026-II,EC1,0.20,16,2026-09-14
VG260083,APS,2026-II,EC2,0.20,14,2026-10-19
VG260083,APS,2026-II,EP,0.25,15,2026-10-12
VG260083,APS,2026-II,EF,0.35,15,2026-12-07
VG260083,TBD,2026-II,EC1,0.20,14,2026-09-15
VG260083,TBD,2026-II,EC2,0.20,12,2026-10-20
VG260083,TBD,2026-II,EP,0.25,14,2026-10-13
VG260083,TBD,2026-II,EF,0.35,14,2026-12-08
VG260083,FIA,2026-II,EC1,0.20,12,2026-09-16
VG260083,FIA,2026-II,EC2,0.20,12,2026-10-21
VG260083,FIA,2026-II,EP,0.25,15,2026-10-14
VG260083,FIA,2026-II,EF,0.35,11,2026-12-09
VG260083,SDE,2026-II,EC1,0.20,14,2026-09-17
VG260083,SDE,2026-II,EC2,0.20,11,2026-10-22
VG260083,SDE,2026-II,EP,0.25,10,2026-10-15
VG260083,SDE,2026-II,EF,0.35,13,2026-12-10
VG260083,FCS,2026-II,EC1,0.20,14,2026-09-18
VG260083,FCS,2026-II,EC2,0.20,15,2026-10-23
VG260083,FCS,2026-II,EP,0.25,15,2026-10-16
VG260083,FCS,2026-II,EF,0.35,14,2026-12-11
VG260083,EIA,2026-II,EC1,0.20,10,2026-09-14
VG260083,EIA,2026-II,EC2,0.20,14,2026-10-19
VG260083,EIA,2026-II,EP,0.25,13,2026-10-12
VG260083,EIA,2026-II,EF,0.35,12,2026-12-07
VG260083,CII,2026-II,EC1,0.20,15,2026-09-15
VG260083,CII,2026-II,EC2,0.20,14,2026-10-20
VG260083,CII,2026-II,EP,0.25,11,2026-10-13
VG260083,CII,2026-II,EF,0.35,17,2026-12-08
VG260083,EIT,2026-II,EC1,0.20,14,2026-09-16
VG260083,EIT,2026-II,EC2,0.20,13,2026-10-21
VG260083,EIT,2026-II,EP,0.25,14,2026-10-14
VG260083,EIT,2026-II,EF,0.35,,
VG260083,EFSRT5,2026-II,EC1,0.20,13,2026-09-17
VG260083,EFSRT5,2026-II,EC2,0.20,14,2026-10-22
VG260083,EFSRT5,2026-II,EP,0.25,14,2026-10-15
VG260083,EFSRT5,2026-II,EF,0.35,,
VG260084,APS,2026-II,EC1,0.20,13,2026-09-14
VG260084,APS,2026-II,EC2,0.20,17,2026-10-19
VG260084,APS,2026-II,EP,0.25,13,2026-10-12
VG260084,APS,2026-II,EF,0.35,15,2026-12-07
VG260084,TBD,2026-II,EC1,0.20,14,2026-09-15
VG260084,TBD,2026-II,EC2,0.20,11,2026-10-20
VG260084,TBD,2026-II,EP,0.25,13,2026-10-13
VG260084,TBD,2026-II,EF,0.35,22,2026-12-08
VG260084,FIA,2026-II,EC1,0.20,13,2026-09-16
VG260084,FIA,2026-II,EC2,0.20,11,2026-10-21
VG260084,FIA,2026-II,EP,0.25,12,2026-10-14
VG260084,FIA,2026-II,EF,0.35,14,2026-12-09
VG260084,SDE,2026-II,EC1,0.20,11,2026-09-17
VG260084,SDE,2026-II,EC2,0.20,10,2026-10-22
VG260084,SDE,2026-II,EP,0.25,13,2026-10-15
VG260084,SDE,2026-II,EF,0.35,17,2026-12-10
VG260084,FCS,2026-II,EC1,0.20,12,2026-09-18
VG260084,FCS,2026-II,EC2,0.20,11,2026-10-23
VG260084,FCS,2026-II,EP,0.25,12,2026-10-16
VG260084,FCS,2026-II,EF,0.35,8,2026-12-11
VG260084,EIA,2026-II,EC1,0.20,10,2026-09-14
VG260084,EIA,2026-II,EC2,0.20,7,2026-10-19
VG260084,EIA,2026-II,EP,0.25,14,2026-10-12
VG260084,EIA,2026-II,EF,0.35,13,2026-12-07
VG260084,CII,2026-II,EC1,0.20,14,2026-09-15
VG260084,CII,2026-II,EC2,0.20,15,2026-10-20
VG260084,CII,2026-II,EP,0.25,14,2026-10-13
VG260084,CII,2026-II,EF,0.35,14,2026-12-08
VG260084,EIT,2026-II,EC1,0.20,13,2026-09-16
VG260084,EIT,2026-II,EC2,0.20,15,2026-10-21
VG260084,EIT,2026-II,EP,0.25,13,2026-10-14
VG260084,EIT,2026-II,EF,0.35,,
VG260084,EFSRT5,2026-II,EC1,0.20,11,2026-09-17
VG260084,EFSRT5,2026-II,EC2,0.20,15,2026-10-22
VG260084,EFSRT5,2026-II,EP,0.25,16,2026-10-15
VG260084,EFSRT5,2026-II,EF,0.35,,
VG260085,APS,2026-II,EC1,0.20,16,2026-09-14
VG260085,APS,2026-II,EC2,0.20,19,2026-10-19
VG260085,APS,2026-II,EP,0.25,19,2026-10-12
VG260085,APS,2026-II,EF,0.35,18,2026-12-07
VG260085,TBD,2026-II,EC1,0.20,19,2026-09-15
VG260085,TBD,2026-II,EC2,0.20,18,2026-10-20
VG260085,TBD,2026-II,EP,0.25,17,2026-10-13
VG260085,TBD,2026-II,EF,0.35,17,2026-12-08
VG260085,FIA,2026-II,EC1,0.20,16,2026-09-16
VG260085,FIA,2026-II,EC2,0.20,16,2026-10-21
VG260085,FIA,2026-II,EP,0.25,18,2026-10-14
VG260085,FIA,2026-II,EF,0.35,17,2026-12-09
VG260085,SDE,2026-II,EC1,0.20,15,2026-09-17
VG260085,SDE,2026-II,EC2,0.20,20,2026-10-22
VG260085,SDE,2026-II,EP,0.25,16,2026-10-15
VG260085,SDE,2026-II,EF,0.35,16,2026-12-10
VG260085,FCS,2026-II,EC1,0.20,15,2026-09-18
VG260085,FCS,2026-II,EC2,0.20,17,2026-10-23
VG260085,FCS,2026-II,EP,0.25,18,2026-10-16
VG260085,FCS,2026-II,EF,0.35,19,2026-12-11
VG260085,EIA,2026-II,EC1,0.20,19,2026-09-14
VG260085,EIA,2026-II,EC2,0.20,17,2026-10-19
VG260085,EIA,2026-II,EP,0.25,14,2026-10-12
VG260085,EIA,2026-II,EF,0.35,20,2026-12-07
VG260085,CII,2026-II,EC1,0.20,16,2026-09-15
VG260085,CII,2026-II,EC2,0.20,20,2026-10-20
VG260085,CII,2026-II,EP,0.25,19,2026-10-13
VG260085,CII,2026-II,EF,0.35,19,2026-12-08
VG260085,EIT,2026-II,EC1,0.20,20,2026-09-16
VG260085,EIT,2026-II,EC2,0.20,18,2026-10-21
VG260085,EIT,2026-II,EP,0.25,16,2026-10-14
VG260085,EIT,2026-II,EF,0.35,,
VG260085,EFSRT5,2026-II,EC1,0.20,15,2026-09-17
VG260085,EFSRT5,2026-II,EC2,0.20,20,2026-10-22
VG260085,EFSRT5,2026-II,EP,0.25,17,2026-10-15
VG260085,EFSRT5,2026-II,EF,0.35,,
VG260086,APS,2026-II,EC1,0.20,15,2026-09-14
VG260086,APS,2026-II,EC2,0.20,15,2026-10-19
VG260086,APS,2026-II,EP,0.25,13,2026-10-12
VG260086,APS,2026-II,EF,0.35,13,2026-12-07
VG260086,TBD,2026-II,EC1,0.20,17,2026-09-15
VG260086,TBD,2026-II,EC2,0.20,9,2026-10-20
VG260086,TBD,2026-II,EP,0.25,13,2026-10-13
VG260086,TBD,2026-II,EF,0.35,19,2026-12-08
VG260086,FIA,2026-II,EC1,0.20,14,2026-09-16
VG260086,FIA,2026-II,EC2,0.20,18,2026-10-21
VG260086,FIA,2026-II,EP,0.25,12,2026-10-14
VG260086,FIA,2026-II,EF,0.35,14,2026-12-09
VG260086,SDE,2026-II,EC1,0.20,10,2026-09-17
VG260086,SDE,2026-II,EC2,0.20,14,2026-10-22
VG260086,SDE,2026-II,EP,0.25,13,2026-10-15
VG260086,SDE,2026-II,EF,0.35,16,2026-12-10
VG260086,FCS,2026-II,EC1,0.20,17,2026-09-18
VG260086,FCS,2026-II,EC2,0.20,13,2026-10-23
VG260086,FCS,2026-II,EP,0.25,14,2026-10-16
VG260086,FCS,2026-II,EF,0.35,14,2026-12-11
VG260086,EIA,2026-II,EC1,0.20,12,2026-09-14
VG260086,EIA,2026-II,EC2,0.20,14,2026-10-19
VG260086,EIA,2026-II,EP,0.25,13,2026-10-12
VG260086,EIA,2026-II,EF,0.35,15,2026-12-07
VG260086,CII,2026-II,EC1,0.20,14,2026-09-15
VG260086,CII,2026-II,EC2,0.20,17,2026-10-20
VG260086,CII,2026-II,EP,0.25,13,2026-10-13
VG260086,CII,2026-II,EF,0.35,18,2026-12-08
VG260086,EIT,2026-II,EC1,0.20,13,2026-09-16
VG260086,EIT,2026-II,EC2,0.20,15,2026-10-21
VG260086,EIT,2026-II,EP,0.25,19,2026-10-14
VG260086,EIT,2026-II,EF,0.35,,
VG260086,EFSRT5,2026-II,EC1,0.20,18,2026-09-17
VG260086,EFSRT5,2026-II,EC2,0.20,16,2026-10-22
VG260086,EFSRT5,2026-II,EP,0.25,14,2026-10-15
VG260086,EFSRT5,2026-II,EF,0.35,,
VG260087,APS,2026-II,EC1,0.20,13,2026-09-14
VG260087,APS,2026-II,EC2,0.20,13,2026-10-19
VG260087,APS,2026-II,EP,0.25,16,2026-10-12
VG260087,APS,2026-II,EF,0.35,14,2026-12-07
VG260087,TBD,2026-II,EC1,0.20,14,2026-09-15
VG260087,TBD,2026-II,EC2,0.20,13,2026-10-20
VG260087,TBD,2026-II,EP,0.25,11,2026-10-13
VG260087,TBD,2026-II,EF,0.35,13,2026-12-08
VG260087,FIA,2026-II,EC1,0.20,16,2026-09-16
VG260087,FIA,2026-II,EC2,0.20,15,2026-10-21
VG260087,FIA,2026-II,EP,0.25,17,2026-10-14
VG260087,FIA,2026-II,EF,0.35,14,2026-12-09
VG260087,SDE,2026-II,EC1,0.20,12,2026-09-17
VG260087,SDE,2026-II,EC2,0.20,13,2026-10-22
VG260087,SDE,2026-II,EP,0.25,12,2026-10-15
VG260087,SDE,2026-II,EF,0.35,11,2026-12-10
VG260087,FCS,2026-II,EC1,0.20,20,2026-09-18
VG260087,FCS,2026-II,EC2,0.20,16,2026-10-23
VG260087,FCS,2026-II,EP,0.25,14,2026-10-16
VG260087,FCS,2026-II,EF,0.35,14,2026-12-11
VG260087,EIA,2026-II,EC1,0.20,16,2026-09-14
VG260087,EIA,2026-II,EC2,0.20,12,2026-10-19
VG260087,EIA,2026-II,EP,0.25,13,2026-10-12
VG260087,EIA,2026-II,EF,0.35,16,2026-12-07
VG260087,CII,2026-II,EC1,0.20,18,2026-09-15
VG260087,CII,2026-II,EC2,0.20,13,2026-10-20
VG260087,CII,2026-II,EP,0.25,14,2026-10-13
VG260087,CII,2026-II,EF,0.35,16,2026-12-08
VG260087,EIT,2026-II,EC1,0.20,14,2026-09-16
VG260087,EIT,2026-II,EC2,0.20,14,2026-10-21
VG260087,EIT,2026-II,EP,0.25,15,2026-10-14
VG260087,EIT,2026-II,EF,0.35,,
VG260087,EFSRT5,2026-II,EC1,0.20,15,2026-09-17
VG260087,EFSRT5,2026-II,EC2,0.20,14,2026-10-22
VG260087,EFSRT5,2026-II,EP,0.25,14,2026-10-15
VG260087,EFSRT5,2026-II,EF,0.35,,
VG260088,APS,2026-II,EC1,0.20,15,2026-09-14
VG260088,APS,2026-II,EC2,0.20,19,2026-10-19
VG260088,APS,2026-II,EP,0.25,18,2026-10-12
VG260088,APS,2026-II,EF,0.35,15,2026-12-07
VG260088,TBD,2026-II,EC1,0.20,16,2026-09-15
VG260088,TBD,2026-II,EC2,0.20,19,2026-10-20
VG260088,TBD,2026-II,EP,0.25,16,2026-10-13
VG260088,TBD,2026-II,EF,0.35,16,2026-12-08
VG260088,FIA,2026-II,EC1,0.20,18,2026-09-16
VG260088,FIA,2026-II,EC2,0.20,17,2026-10-21
VG260088,FIA,2026-II,EP,0.25,16,2026-10-14
VG260088,FIA,2026-II,EF,0.35,20,2026-12-09
VG260088,SDE,2026-II,EC1,0.20,18,2026-09-17
VG260088,SDE,2026-II,EC2,0.20,13,2026-10-22
VG260088,SDE,2026-II,EP,0.25,16,2026-10-15
VG260088,SDE,2026-II,EF,0.35,14,2026-12-10
VG260088,FCS,2026-II,EC1,0.20,18,2026-09-18
VG260088,FCS,2026-II,EC2,0.20,17,2026-10-23
VG260088,FCS,2026-II,EP,0.25,16,2026-10-16
VG260088,FCS,2026-II,EF,0.35,18,2026-12-11
VG260088,EIA,2026-II,EC1,0.20,15,2026-09-14
VG260088,EIA,2026-II,EC2,0.20,16,2026-10-19
VG260088,EIA,2026-II,EP,0.25,17,2026-10-12
VG260088,EIA,2026-II,EF,0.35,17,2026-12-07
VG260088,CII,2026-II,EC1,0.20,17,2026-09-15
VG260088,CII,2026-II,EC2,0.20,20,2026-10-20
VG260088,CII,2026-II,EP,0.25,15,2026-10-13
VG260088,CII,2026-II,EF,0.35,17,2026-12-08
VG260088,EIT,2026-II,EC1,0.20,16,2026-09-16
VG260088,EIT,2026-II,EC2,0.20,18,2026-10-21
VG260088,EIT,2026-II,EP,0.25,16,2026-10-14
VG260088,EIT,2026-II,EF,0.35,,
VG260088,EFSRT5,2026-II,EC1,0.20,18,2026-09-17
VG260088,EFSRT5,2026-II,EC2,0.20,14,2026-10-22
VG260088,EFSRT5,2026-II,EP,0.25,17,2026-10-15
VG260088,EFSRT5,2026-II,EF,0.35,,
VG260089,APS,2026-II,EC1,0.20,13,2026-09-14
VG260089,APS,2026-II,EC2,0.20,14,2026-10-19
VG260089,APS,2026-II,EP,0.25,14,2026-10-12
VG260089,APS,2026-II,EF,0.35,14,2026-12-07
VG260089,TBD,2026-II,EC1,0.20,11,2026-09-15
VG260089,TBD,2026-II,EC2,0.20,14,2026-10-20
VG260089,TBD,2026-II,EP,0.25,15,2026-10-13
VG260089,TBD,2026-II,EF,0.35,13,2026-12-08
VG260089,FIA,2026-II,EC1,0.20,15,2026-09-16
VG260089,FIA,2026-II,EC2,0.20,11,2026-10-21
VG260089,FIA,2026-II,EP,0.25,10,2026-10-14
VG260089,FIA,2026-II,EF,0.35,15,2026-12-09
VG260089,SDE,2026-II,EC1,0.20,9,2026-09-17
VG260089,SDE,2026-II,EC2,0.20,12,2026-10-22
VG260089,SDE,2026-II,EP,0.25,12,2026-10-15
VG260089,SDE,2026-II,EF,0.35,12,2026-12-10
VG260089,FCS,2026-II,EC1,0.20,14,2026-09-18
VG260089,FCS,2026-II,EC2,0.20,13,2026-10-23
VG260089,FCS,2026-II,EP,0.25,15,2026-10-16
VG260089,FCS,2026-II,EF,0.35,11,2026-12-11
VG260089,EIA,2026-II,EC1,0.20,11,2026-09-14
VG260089,EIA,2026-II,EC2,0.20,10,2026-10-19
VG260089,EIA,2026-II,EP,0.25,11,2026-10-12
VG260089,EIA,2026-II,EF,0.35,13,2026-12-07
VG260089,CII,2026-II,EC1,0.20,14,2026-09-15
VG260089,CII,2026-II,EC2,0.20,13,2026-10-20
VG260089,CII,2026-II,EP,0.25,13,2026-10-13
VG260089,CII,2026-II,EF,0.35,10,2026-12-08
VG260089,EIT,2026-II,EC1,0.20,13,2026-09-16
VG260089,EIT,2026-II,EC2,0.20,13,2026-10-21
VG260089,EIT,2026-II,EP,0.25,17,2026-10-14
VG260089,EIT,2026-II,EF,0.35,,
VG260089,EFSRT5,2026-II,EC1,0.20,15,2026-09-17
VG260089,EFSRT5,2026-II,EC2,0.20,13,2026-10-22
VG260089,EFSRT5,2026-II,EP,0.25,13,2026-10-15
VG260089,EFSRT5,2026-II,EF,0.35,,
VG260090,APS,2026-II,EC1,0.20,17,2026-09-14
VG260090,APS,2026-II,EC2,0.20,17,2026-10-19
VG260090,APS,2026-II,EP,0.25,18,2026-10-12
VG260090,APS,2026-II,EF,0.35,16,2026-12-07
VG260090,TBD,2026-II,EC1,0.20,16,2026-09-15
VG260090,TBD,2026-II,EC2,0.20,19,2026-10-20
VG260090,TBD,2026-II,EP,0.25,16,2026-10-13
VG260090,TBD,2026-II,EF,0.35,18,2026-12-08
VG260090,FIA,2026-II,EC1,0.20,13,2026-09-16
VG260090,FIA,2026-II,EC2,0.20,17,2026-10-21
VG260090,FIA,2026-II,EP,0.25,15,2026-10-14
VG260090,FIA,2026-II,EF,0.35,12,2026-12-09
VG260090,SDE,2026-II,EC1,0.20,14,2026-09-17
VG260090,SDE,2026-II,EC2,0.20,10,2026-10-22
VG260090,SDE,2026-II,EP,0.25,16,2026-10-15
VG260090,SDE,2026-II,EF,0.35,16,2026-12-10
VG260090,FCS,2026-II,EC1,0.20,18,2026-09-18
VG260090,FCS,2026-II,EC2,0.20,19,2026-10-23
VG260090,FCS,2026-II,EP,0.25,19,2026-10-16
VG260090,FCS,2026-II,EF,0.35,15,2026-12-11
VG260090,EIA,2026-II,EC1,0.20,15,2026-09-14
VG260090,EIA,2026-II,EC2,0.20,15,2026-10-19
VG260090,EIA,2026-II,EP,0.25,14,2026-10-12
VG260090,EIA,2026-II,EF,0.35,14,2026-12-07
VG260090,CII,2026-II,EC1,0.20,14,2026-09-15
VG260090,CII,2026-II,EC2,0.20,17,2026-10-20
VG260090,CII,2026-II,EP,0.25,14,2026-10-13
VG260090,CII,2026-II,EF,0.35,20,2026-12-08
VG260090,EIT,2026-II,EC1,0.20,13,2026-09-16
VG260090,EIT,2026-II,EC2,0.20,13,2026-10-21
VG260090,EIT,2026-II,EP,0.25,-3,2026-10-14
VG260090,EIT,2026-II,EF,0.35,,
VG260090,EFSRT5,2026-II,EC1,0.20,15,2026-09-17
VG260090,EFSRT5,2026-II,EC2,0.20,17,2026-10-22
VG260090,EFSRT5,2026-II,EP,0.25,18,2026-10-15
VG260090,EFSRT5,2026-II,EF,0.35,,
VG260091,APS,2026-II,EC1,0.20,12,2026-09-14
VG260091,APS,2026-II,EC2,0.20,15,2026-10-19
VG260091,APS,2026-II,EP,0.25,12,2026-10-12
VG260091,APS,2026-II,EF,0.35,16,2026-12-07
VG260091,TBD,2026-II,EC1,0.20,12,2026-09-15
VG260091,TBD,2026-II,EC2,0.20,12,2026-10-20
VG260091,TBD,2026-II,EP,0.25,13,2026-10-13
VG260091,TBD,2026-II,EF,0.35,14,2026-12-08
VG260091,FIA,2026-II,EC1,0.20,12,2026-09-16
VG260091,FIA,2026-II,EC2,0.20,16,2026-10-21
VG260091,FIA,2026-II,EP,0.25,11,2026-10-14
VG260091,FIA,2026-II,EF,0.35,14,2026-12-09
VG260091,SDE,2026-II,EC1,0.20,13,2026-09-17
VG260091,SDE,2026-II,EC2,0.20,13,2026-10-22
VG260091,SDE,2026-II,EP,0.25,11,2026-10-15
VG260091,SDE,2026-II,EF,0.35,11,2026-12-10
VG260091,FCS,2026-II,EC1,0.20,13,2026-09-18
VG260091,FCS,2026-II,EC2,0.20,12,2026-10-23
VG260091,FCS,2026-II,EP,0.25,10,2026-10-16
VG260091,FCS,2026-II,EF,0.35,13,2026-12-11
VG260091,EIA,2026-II,EC1,0.20,10,2026-09-14
VG260091,EIA,2026-II,EC2,0.20,9,2026-10-19
VG260091,EIA,2026-II,EP,0.25,11,2026-10-12
VG260091,EIA,2026-II,EF,0.35,12,2026-12-07
VG260091,CII,2026-II,EC1,0.20,12,2026-09-15
VG260091,CII,2026-II,EC2,0.20,14,2026-10-20
VG260091,CII,2026-II,EP,0.25,15,2026-10-13
VG260091,CII,2026-II,EF,0.35,14,2026-12-08
VG260091,EIT,2026-II,EC1,0.20,15,2026-09-16
VG260091,EIT,2026-II,EC2,0.20,14,2026-10-21
VG260091,EIT,2026-II,EP,0.25,13,2026-10-14
VG260091,EIT,2026-II,EF,0.35,,
VG260091,EFSRT5,2026-II,EC1,0.20,14,2026-09-17
VG260091,EFSRT5,2026-II,EC2,0.20,14,2026-10-22
VG260091,EFSRT5,2026-II,EP,0.25,11,2026-10-15
VG260091,EFSRT5,2026-II,EF,0.35,,
VG260092,APS,2026-II,EC1,0.20,11,2026-09-14
VG260092,APS,2026-II,EC2,0.20,11,2026-10-19
VG260092,APS,2026-II,EP,0.25,9,2026-10-12
VG260092,APS,2026-II,EF,0.35,11,2026-12-07
VG260092,TBD,2026-II,EC1,0.20,10,2026-09-15
VG260092,TBD,2026-II,EC2,0.20,14,2026-10-20
VG260092,TBD,2026-II,EP,0.25,11,2026-10-13
VG260092,TBD,2026-II,EF,0.35,11,2026-12-08
VG260092,FIA,2026-II,EC1,0.20,10,2026-09-16
VG260092,FIA,2026-II,EC2,0.20,11,2026-10-21
VG260092,FIA,2026-II,EP,0.25,9,2026-10-14
VG260092,FIA,2026-II,EF,0.35,14,2026-12-09
VG260092,SDE,2026-II,EC1,0.20,11,2026-09-17
VG260092,SDE,2026-II,EC2,0.20,13,2026-10-22
VG260092,SDE,2026-II,EP,0.25,11,2026-10-15
VG260092,SDE,2026-II,EF,0.35,11,2026-12-10
VG260092,FCS,2026-II,EC1,0.20,13,2026-09-18
VG260092,FCS,2026-II,EC2,0.20,14,2026-10-23
VG260092,FCS,2026-II,EP,0.25,12,2026-10-16
VG260092,FCS,2026-II,EF,0.35,14,2026-12-11
VG260092,EIA,2026-II,EC1,0.20,9,2026-09-14
VG260092,EIA,2026-II,EC2,0.20,8,2026-10-19
VG260092,EIA,2026-II,EP,0.25,11,2026-10-12
VG260092,EIA,2026-II,EF,0.35,12,2026-12-07
VG260092,CII,2026-II,EC1,0.20,10,2026-09-15
VG260092,CII,2026-II,EC2,0.20,13,2026-10-20
VG260092,CII,2026-II,EP,0.25,13,2026-10-13
VG260092,CII,2026-II,EF,0.35,15,2026-12-08
VG260092,EIT,2026-II,EC1,0.20,13,2026-09-16
VG260092,EIT,2026-II,EC2,0.20,11,2026-10-21
VG260092,EIT,2026-II,EP,0.25,13,2026-10-14
VG260092,EIT,2026-II,EF,0.35,,
VG260092,EFSRT5,2026-II,EC1,0.20,10,2026-09-17
VG260092,EFSRT5,2026-II,EC2,0.20,12,2026-10-22
VG260092,EFSRT5,2026-II,EP,0.25,13,2026-10-15
VG260092,EFSRT5,2026-II,EF,0.35,,
VG260093,APS,2026-II,EC1,0.20,15,2026-09-14
VG260093,APS,2026-II,EC2,0.20,14,2026-10-19
VG260093,APS,2026-II,EP,0.25,15,2026-10-12
VG260093,APS,2026-II,EF,0.35,12,2026-12-07
VG260093,TBD,2026-II,EC1,0.20,10,2026-09-15
VG260093,TBD,2026-II,EC2,0.20,12,2026-10-20
VG260093,TBD,2026-II,EP,0.25,14,2026-10-13
VG260093,TBD,2026-II,EF,0.35,15,2026-12-08
VG260093,FIA,2026-II,EC1,0.20,10,2026-09-16
VG260093,FIA,2026-II,EC2,0.20,14,2026-10-21
VG260093,FIA,2026-II,EP,0.25,11,2026-10-14
VG260093,FIA,2026-II,EF,0.35,10,2026-12-09
VG260093,SDE,2026-II,EC1,0.20,9,2026-09-17
VG260093,SDE,2026-II,EC2,0.20,13,2026-10-22
VG260093,SDE,2026-II,EP,0.25,10,2026-10-15
VG260093,SDE,2026-II,EF,0.35,11,2026-12-10
VG260093,FCS,2026-II,EC1,0.20,13,2026-09-18
VG260093,FCS,2026-II,EC2,0.20,16,2026-10-23
VG260093,FCS,2026-II,EP,0.25,9,2026-10-16
VG260093,FCS,2026-II,EF,0.35,14,2026-12-11
VG260093,EIA,2026-II,EC1,0.20,8,2026-09-14
VG260093,EIA,2026-II,EC2,0.20,8,2026-10-19
VG260093,EIA,2026-II,EP,0.25,17,2026-10-12
VG260093,EIA,2026-II,EF,0.35,10,2026-12-07
VG260093,CII,2026-II,EC1,0.20,14,2026-09-15
VG260093,CII,2026-II,EC2,0.20,16,2026-10-20
VG260093,CII,2026-II,EP,0.25,11,2026-10-13
VG260093,CII,2026-II,EF,0.35,13,2026-12-08
VG260093,EIT,2026-II,EC1,0.20,16,2026-09-16
VG260093,EIT,2026-II,EC2,0.20,14,2026-10-21
VG260093,EIT,2026-II,EP,0.25,14,2026-10-14
VG260093,EIT,2026-II,EF,0.35,,
VG260093,EFSRT5,2026-II,EC1,0.20,13,2026-09-17
VG260093,EFSRT5,2026-II,EC2,0.20,13,2026-10-22
VG260093,EFSRT5,2026-II,EP,0.25,13,2026-10-15
VG260093,EFSRT5,2026-II,EF,0.35,,
VG260094,APS,2026-II,EC1,0.20,14,2026-09-14
VG260094,APS,2026-II,EC2,0.20,15,2026-10-19
VG260094,APS,2026-II,EP,0.25,15,2026-10-12
VG260094,APS,2026-II,EF,0.35,16,2026-12-07
VG260094,TBD,2026-II,EC1,0.20,12,2026-09-15
VG260094,TBD,2026-II,EC2,0.20,16,2026-10-20
VG260094,TBD,2026-II,EP,0.25,15,2026-10-13
VG260094,TBD,2026-II,EF,0.35,16,2026-12-08
VG260094,FIA,2026-II,EC1,0.20,17,2026-09-16
VG260094,FIA,2026-II,EC2,0.20,12,2026-10-21
VG260094,FIA,2026-II,EP,0.25,14,2026-10-14
VG260094,FIA,2026-II,EF,0.35,15,2026-12-09
VG260094,SDE,2026-II,EC1,0.20,15,2026-09-17
VG260094,SDE,2026-II,EC2,0.20,13,2026-10-22
VG260094,SDE,2026-II,EP,0.25,15,2026-10-15
VG260094,SDE,2026-II,EF,0.35,18,2026-12-10
VG260094,FCS,2026-II,EC1,0.20,18,2026-09-18
VG260094,FCS,2026-II,EC2,0.20,13,2026-10-23
VG260094,FCS,2026-II,EP,0.25,15,2026-10-16
VG260094,FCS,2026-II,EF,0.35,16,2026-12-11
VG260094,EIA,2026-II,EC1,0.20,13,2026-09-14
VG260094,EIA,2026-II,EC2,0.20,11,2026-10-19
VG260094,EIA,2026-II,EP,0.25,11,2026-10-12
VG260094,EIA,2026-II,EF,0.35,16,2026-12-07
VG260094,CII,2026-II,EC1,0.20,14,2026-09-15
VG260094,CII,2026-II,EC2,0.20,16,2026-10-20
VG260094,CII,2026-II,EP,0.25,16,2026-10-13
VG260094,CII,2026-II,EF,0.35,19,2026-12-08
VG260094,EIT,2026-II,EC1,0.20,14,2026-09-16
VG260094,EIT,2026-II,EC2,0.20,13,2026-10-21
VG260094,EIT,2026-II,EP,0.25,13,2026-10-14
VG260094,EIT,2026-II,EF,0.35,,
VG260094,EFSRT5,2026-II,EC1,0.20,18,2026-09-17
VG260094,EFSRT5,2026-II,EC2,0.20,20,2026-10-22
VG260094,EFSRT5,2026-II,EP,0.25,17,2026-10-15
VG260094,EFSRT5,2026-II,EF,0.35,,
VG260095,APS,2026-II,EC1,0.20,15,2026-09-14
VG260095,APS,2026-II,EC2,0.20,15,2026-10-19
VG260095,APS,2026-II,EP,0.25,11,2026-10-12
VG260095,APS,2026-II,EF,0.35,13,2026-12-07
VG260095,TBD,2026-II,EC1,0.20,11,2026-09-15
VG260095,TBD,2026-II,EC2,0.20,11,2026-10-20
VG260095,TBD,2026-II,EP,0.25,9,2026-10-13
VG260095,TBD,2026-II,EF,0.35,15,2026-12-08
VG260095,FIA,2026-II,EC1,0.20,9,2026-09-16
VG260095,FIA,2026-II,EC2,0.20,11,2026-10-21
VG260095,FIA,2026-II,EP,0.25,15,2026-10-14
VG260095,FIA,2026-II,EF,0.35,10,2026-12-09
VG260095,SDE,2026-II,EC1,0.20,13,2026-09-17
VG260095,SDE,2026-II,EC2,0.20,12,2026-10-22
VG260095,SDE,2026-II,EP,0.25,12,2026-10-15
VG260095,SDE,2026-II,EF,0.35,10,2026-12-10
VG260095,FCS,2026-II,EC1,0.20,12,2026-09-18
VG260095,FCS,2026-II,EC2,0.20,15,2026-10-23
VG260095,FCS,2026-II,EP,0.25,15,2026-10-16
VG260095,FCS,2026-II,EF,0.35,15,2026-12-11
VG260095,EIA,2026-II,EC1,0.20,11,2026-09-14
VG260095,EIA,2026-II,EC2,0.20,13,2026-10-19
VG260095,EIA,2026-II,EP,0.25,12,2026-10-12
VG260095,EIA,2026-II,EF,0.35,12,2026-12-07
VG260095,CII,2026-II,EC1,0.20,12,2026-09-15
VG260095,CII,2026-II,EC2,0.20,12,2026-10-20
VG260095,CII,2026-II,EP,0.25,18,2026-10-13
VG260095,CII,2026-II,EF,0.35,15,2026-12-08
VG260095,EIT,2026-II,EC1,0.20,17,2026-09-16
VG260095,EIT,2026-II,EC2,0.20,17,2026-10-21
VG260095,EIT,2026-II,EP,0.25,15,2026-10-14
VG260095,EIT,2026-II,EF,0.35,,
VG260095,EFSRT5,2026-II,EC1,0.20,14,2026-09-17
VG260095,EFSRT5,2026-II,EC2,0.20,14,2026-10-22
VG260095,EFSRT5,2026-II,EP,0.25,14,2026-10-15
VG260095,EFSRT5,2026-II,EF,0.35,,
VG260096,APS,2026-II,EC1,0.20,18,2026-09-14
VG260096,APS,2026-II,EC2,0.20,19,2026-10-19
VG260096,APS,2026-II,EP,0.25,18,2026-10-12
VG260096,APS,2026-II,EF,0.35,19,2026-12-07
VG260096,TBD,2026-II,EC1,0.20,20,2026-09-15
VG260096,TBD,2026-II,EC2,0.20,quince,2026-10-20
VG260096,TBD,2026-II,EP,0.25,20,2026-10-13
VG260096,TBD,2026-II,EF,0.35,19,2026-12-08
VG260096,FIA,2026-II,EC1,0.20,16,2026-09-16
VG260096,FIA,2026-II,EC2,0.20,16,2026-10-21
VG260096,FIA,2026-II,EP,0.25,20,2026-10-14
VG260096,FIA,2026-II,EF,0.35,19,2026-12-09
VG260096,SDE,2026-II,EC1,0.20,19,2026-09-17
VG260096,SDE,2026-II,EC2,0.20,20,2026-10-22
VG260096,SDE,2026-II,EP,0.25,16,2026-10-15
VG260096,SDE,2026-II,EF,0.35,18,2026-12-10
VG260096,FCS,2026-II,EC1,0.20,19,2026-09-18
VG260096,FCS,2026-II,EC2,0.20,20,2026-10-23
VG260096,FCS,2026-II,EP,0.25,20,2026-10-16
VG260096,FCS,2026-II,EF,0.35,18,2026-12-11
VG260096,EIA,2026-II,EC1,0.20,18,2026-09-14
VG260096,EIA,2026-II,EC2,0.20,18,2026-10-19
VG260096,EIA,2026-II,EP,0.25,15,2026-10-12
VG260096,EIA,2026-II,EF,0.35,16,2026-12-07
VG260096,CII,2026-II,EC1,0.20,20,2026-09-15
VG260096,CII,2026-II,EC2,0.20,19,2026-10-20
VG260096,CII,2026-II,EP,0.25,18,2026-10-13
VG260096,CII,2026-II,EF,0.35,20,2026-12-08
VG260096,EIT,2026-II,EC1,0.20,20,2026-09-16
VG260096,EIT,2026-II,EC2,0.20,20,2026-10-21
VG260096,EIT,2026-II,EP,0.25,20,2026-10-14
VG260096,EIT,2026-II,EF,0.35,,
VG260096,EFSRT5,2026-II,EC1,0.20,18,2026-09-17
VG260096,EFSRT5,2026-II,EC2,0.20,18,2026-10-22
VG260096,EFSRT5,2026-II,EP,0.25,20,2026-10-15
VG260096,EFSRT5,2026-II,EF,0.35,,
VG260097,APS,2026-II,EC1,0.20,20,2026-09-14
VG260097,APS,2026-II,EC2,0.20,15,2026-10-19
VG260097,APS,2026-II,EP,0.25,19,2026-10-12
VG260097,APS,2026-II,EF,0.35,16,2026-12-07
VG260097,TBD,2026-II,EC1,0.20,20,2026-09-15
VG260097,TBD,2026-II,EC2,0.20,17,2026-10-20
VG260097,TBD,2026-II,EP,0.25,17,2026-10-13
VG260097,TBD,2026-II,EF,0.35,20,2026-12-08
VG260097,FIA,2026-II,EC1,0.20,17,2026-09-16
VG260097,FIA,2026-II,EC2,0.20,17,2026-10-21
VG260097,FIA,2026-II,EP,0.25,19,2026-10-14
VG260097,FIA,2026-II,EF,0.35,18,2026-12-09
VG260097,SDE,2026-II,EC1,0.20,17,2026-09-17
VG260097,SDE,2026-II,EC2,0.20,16,2026-10-22
VG260097,SDE,2026-II,EP,0.25,15,2026-10-15
VG260097,SDE,2026-II,EF,0.35,15,2026-12-10
VG260097,FCS,2026-II,EC1,0.20,14,2026-09-18
VG260097,FCS,2026-II,EC2,0.20,16,2026-10-23
VG260097,FCS,2026-II,EP,0.25,18,2026-10-16
VG260097,FCS,2026-II,EF,0.35,20,2026-12-11
VG260097,EIA,2026-II,EC1,0.20,17,2026-09-14
VG260097,EIA,2026-II,EC2,0,16,2026-10-19
VG260097,EIA,2026-II,EP,0.25,16,2026-10-12
VG260097,EIA,2026-II,EF,0.35,14,2026-12-07
VG260097,CII,2026-II,EC1,0.20,19,2026-09-15
VG260097,CII,2026-II,EC2,0.20,19,2026-10-20
VG260097,CII,2026-II,EP,0.25,19,2026-10-13
VG260097,CII,2026-II,EF,0.35,19,2026-12-08
VG260097,EIT,2026-II,EC1,0.20,20,2026-09-16
VG260097,EIT,2026-II,EC2,0.20,17,2026-10-21
VG260097,EIT,2026-II,EP,0.25,20,2026-10-14
VG260097,EIT,2026-II,EF,0.35,,
VG260097,EFSRT5,2026-II,EC1,0.20,18,2026-09-17
VG260097,EFSRT5,2026-II,EC2,0.20,17,2026-10-22
VG260097,EFSRT5,2026-II,EP,0.25,19,2026-10-15
VG260097,EFSRT5,2026-II,EF,0.35,,
VG260098,APS,2026-II,EC1,0.20,17,2026-09-14
VG260098,APS,2026-II,EC2,0.20,14,2026-10-19
VG260098,APS,2026-II,EP,0.25,17,2026-10-12
VG260098,APS,2026-II,EF,0.35,16,2026-12-07
VG260098,TBD,2026-II,EC1,0.20,15,2026-09-15
VG260098,TBD,2026-II,EC2,0.20,14,2026-10-20
VG260098,TBD,2026-II,EP,0.25,15,2026-10-13
VG260098,TBD,2026-II,EF,0.35,14,2026-12-08
VG260098,FIA,2026-II,EC1,0.20,15,2026-09-16
VG260098,FIA,2026-II,EC2,0.20,17,2026-10-21
VG260098,FIA,2026-II,EP,0.25,15,2026-10-14
VG260098,FIA,2026-II,EF,0.35,15,2026-12-09
VG260098,SDE,2026-II,EC1,0.20,15,2026-09-17
VG260098,SDE,2026-II,EC2,0.20,17,2026-10-22
VG260098,SDE,2026-II,EP,0.25,17,2026-10-15
VG260098,SDE,2026-II,EF,0.35,18,2026-12-10
VG260098,FCS,2026-II,EC1,0.20,14,2026-09-18
VG260098,FCS,2026-II,EC2,0.20,16,2026-10-23
VG260098,FCS,2026-II,EP,0.25,16,2026-10-16
VG260098,FCS,2026-II,EF,0.35,17,2026-12-11
VG260098,EIA,2026-II,EC1,0.20,15,2026-09-14
VG260098,EIA,2026-II,EC2,0.20,19,2026-10-19
VG260098,EIA,2026-II,EP,0.25,15,2026-10-12
VG260098,EIA,2026-II,EF,0.35,17,2026-12-07
VG260098,CII,2026-II,EC1,0.20,18,2026-09-15
VG260098,CII,2026-II,EC2,0.20,18,2026-10-20
VG260098,CII,2026-II,EP,0.25,20,2026-10-13
VG260098,CII,2026-II,EF,0.35,17,2026-12-08
VG260098,EIT,2026-II,EC1,0.20,17,2026-09-16
VG260098,EIT,2026-II,EC2,0.20,13,2026-10-21
VG260098,EIT,2026-II,EP,0.25,18,2026-10-14
VG260098,EIT,2026-II,EF,0.35,,
VG260098,EFSRT5,2026-II,EC1,0.20,18,2026-09-17
VG260098,EFSRT5,2026-II,EC2,0.20,20,2026-10-22
VG260098,EFSRT5,2026-II,EP,0.25,15,2026-10-15
VG260098,EFSRT5,2026-II,EF,0.35,,
VG260099,APS,2026-II,EC1,0.20,12,2026-09-14
VG260099,APS,2026-II,EC2,0.20,11,2026-10-19
VG260099,APS,2026-II,EP,0.25,12,2026-10-12
VG260099,APS,2026-II,EF,0.35,9,2026-12-07
VG260099,TBD,2026-II,EC1,0.20,9,2026-09-15
VG260099,TBD,2026-II,EC2,0.20,7,2026-10-20
VG260099,TBD,2026-II,EP,0.25,8,2026-10-13
VG260099,TBD,2026-II,EF,0.35,12,2026-12-08
VG260099,FIA,2026-II,EC1,0.20,9,2026-09-16
VG260099,FIA,2026-II,EC2,0.20,10,2026-10-21
VG260099,FIA,2026-II,EP,0.25,12,2026-10-14
VG260099,FIA,2026-II,EF,0.35,7,2026-12-09
VG260099,SDE,2026-II,EC1,0.20,10,2026-09-17
VG260099,SDE,2026-II,EC2,0.20,8,2026-10-22
VG260099,SDE,2026-II,EP,0.25,10,2026-10-15
VG260099,SDE,2026-II,EF,0.35,11,2026-12-10
VG260099,FCS,2026-II,EC1,0.20,11,2026-09-18
VG260099,FCS,2026-II,EC2,0.20,11,2026-10-23
VG260099,FCS,2026-II,EP,0.25,14,2026-10-16
VG260099,FCS,2026-II,EF,0.35,12,2026-12-11
VG260099,EIA,2026-II,EC1,0.20,12,2026-09-14
VG260099,EIA,2026-II,EC2,0.20,7,2026-10-19
VG260099,EIA,2026-II,EP,0.25,11,2026-10-12
VG260099,EIA,2026-II,EF,0.35,9,2026-12-07
VG260099,CII,2026-II,EC1,0.20,40,2026-09-15
VG260099,CII,2026-II,EC2,0.20,12,2026-10-20
VG260099,CII,2026-II,EP,0.25,14,2026-10-13
VG260099,CII,2026-II,EF,0.35,13,2026-12-08
VG260099,EIT,2026-II,EC1,0.20,13,2026-09-16
VG260099,EIT,2026-II,EC2,0.20,10,2026-10-21
VG260099,EIT,2026-II,EP,0.25,12,2026-10-14
VG260099,EIT,2026-II,EF,0.35,,
VG260099,EFSRT5,2026-II,EC1,0.20,13,2026-09-17
VG260099,EFSRT5,2026-II,EC2,0.20,10,2026-10-22
VG260099,EFSRT5,2026-II,EP,0.25,12,2026-10-15
VG260099,EFSRT5,2026-II,EF,0.35,,
VG260100,APS,2026-II,EC1,0.20,13,2026-09-14
VG260100,APS,2026-II,EC2,0.20,13,2026-10-19
VG260100,APS,2026-II,EP,0.25,16,2026-10-12
VG260100,APS,2026-II,EF,0.35,15,2026-12-07
VG260100,TBD,2026-II,EC1,0.20,11,2026-09-15
VG260100,TBD,2026-II,EC2,0.20,14,2026-10-20
VG260100,TBD,2026-II,EP,0.25,13,2026-10-13
VG260100,TBD,2026-II,EF,0.35,9,2026-12-08
VG260100,FIA,2026-II,EC1,0.20,12,2026-09-16
VG260100,FIA,2026-II,EC2,0.20,13,2026-10-21
VG260100,FIA,2026-II,EP,0.25,12,2026-10-14
VG260100,FIA,2026-II,EF,0.35,16,2026-12-09
VG260100,SDE,2026-II,EC1,0.20,12,2026-09-17
VG260100,SDE,2026-II,EC2,0.20,12,2026-10-22
VG260100,SDE,2026-II,EP,0.25,12,2026-10-15
VG260100,SDE,2026-II,EF,0.35,11,2026-12-10
VG260100,FCS,2026-II,EC1,0.20,12,2026-09-18
VG260100,FCS,2026-II,EC2,0.20,12,2026-10-23
VG260100,FCS,2026-II,EP,0.25,13,2026-10-16
VG260100,FCS,2026-II,EF,0.35,16,2026-12-11
VG260100,EIA,2026-II,EC1,0.20,13,2026-09-14
VG260100,EIA,2026-II,EC2,0.20,10,2026-10-19
VG260100,EIA,2026-II,EP,0.25,11,2026-10-12
VG260100,EIA,2026-II,EF,0.35,11,2026-12-07
VG260100,CII,2026-II,EC1,0.20,14,2026-09-15
VG260100,CII,2026-II,EC2,0.20,13,2026-10-20
VG260100,CII,2026-II,EP,0.25,16,2026-10-13
VG260100,CII,2026-II,EF,0.35,14,2026-12-08
VG260100,EIT,2026-II,EC1,0.20,15,2026-09-16
VG260100,EIT,2026-II,EC2,0.20,16,2026-10-21
VG260100,EIT,2026-II,EP,0.25,12,2026-10-14
VG260100,EIT,2026-II,EF,0.35,,
VG260100,EFSRT5,2026-II,EC1,0.20,12,2026-09-17
VG260100,EFSRT5,2026-II,EC2,0.20,11,2026-10-22
VG260100,EFSRT5,2026-II,EP,0.25,15,2026-10-15
VG260100,EFSRT5,2026-II,EF,0.35,,
VG260101,APS,2026-II,EC1,0.20,10,2026-09-14
VG260101,APS,2026-II,EC2,0.20,14,2026-10-19
VG260101,APS,2026-II,EP,0.25,15,2026-10-12
VG260101,APS,2026-II,EF,0.35,16,2026-12-07
VG260101,TBD,2026-II,EC1,0.20,15,2026-09-15
VG260101,TBD,2026-II,EC2,0.20,14,2026-10-20
VG260101,TBD,2026-II,EP,0.25,13,2026-10-13
VG260101,TBD,2026-II,EF,0.35,12,2026-12-08
VG260101,FIA,2026-II,EC1,0.20,13,2026-09-16
VG260101,FIA,2026-II,EC2,0.20,14,2026-10-21
VG260101,FIA,2026-II,EP,0.25,17,2026-10-14
VG260101,FIA,2026-II,EF,0.35,9,2026-12-09
VG260101,SDE,2026-II,EC1,0.20,13,2026-09-17
VG260101,SDE,2026-II,EC2,0.20,10,2026-10-22
VG260101,SDE,2026-II,EP,0.25,12,2026-10-15
VG260101,SDE,2026-II,EF,0.35,12,2026-12-10
VG260101,FCS,2026-II,EC1,0.20,14,2026-09-18
VG260101,FCS,2026-II,EC2,0.20,12,2026-10-23
VG260101,FCS,2026-II,EP,0.25,13,2026-10-16
VG260101,FCS,2026-II,EF,0.35,13,2026-12-11
VG260101,EIA,2026-II,EC1,0.20,15,2026-09-14
VG260101,EIA,2026-II,EC2,0.20,13,2026-10-19
VG260101,EIA,2026-II,EP,0.25,9,2026-10-12
VG260101,EIA,2026-II,EF,0.35,14,2026-12-07
VG260101,CII,2026-II,EC1,0.20,10,2026-09-15
VG260101,CII,2026-II,EC2,0.20,12,2026-10-20
VG260101,CII,2026-II,EP,0.25,14,2026-10-13
VG260101,CII,2026-II,EF,0.35,15,2026-12-08
VG260101,EIT,2026-II,EC1,0.20,15,2026-09-16
VG260101,EIT,2026-II,EC2,0.20,13,2026-10-21
VG260101,EIT,2026-II,EP,0.25,11,2026-10-14
VG260101,EIT,2026-II,EF,0.35,,
VG260101,EFSRT5,2026-II,EC1,0.20,16,2026-09-17
VG260101,EFSRT5,2026-II,EC2,0.20,18,2026-10-22
VG260101,EFSRT5,2026-II,EP,0.25,13,2026-10-15
VG260101,EFSRT5,2026-II,EF,0.35,,
VG260102,APS,2026-II,EC1,0.20,16,2026-09-14
VG260102,APS,2026-II,EC2,0.20,20,2026-10-19
VG260102,APS,2026-II,EP,0.25,16,2026-10-12
VG260102,APS,2026-II,EF,0.35,20,2026-12-07
VG260102,TBD,2026-II,EC1,0.20,18,2026-09-15
VG260102,TBD,2026-II,EC2,0.20,19,2026-10-20
VG260102,TBD,2026-II,EP,0.25,20,2026-10-13
VG260102,TBD,2026-II,EF,0.35,18,2026-12-08
VG260102,FIA,2026-II,EC1,0.20,16,2026-09-16
VG260102,FIA,2026-II,EC2,0.20,18,2026-10-21
VG260102,FIA,2026-II,EP,0.25,19,2026-10-14
VG260102,FIA,2026-II,EF,0.35,16,2026-12-09
VG260102,SDE,2026-II,EC1,0.20,16,2026-09-17
VG260102,SDE,2026-II,EC2,0.20,18,2026-10-22
VG260102,SDE,2026-II,EP,0.25,17,2026-10-15
VG260102,SDE,2026-II,EF,0.35,15,2026-12-10
VG260102,FCS,2026-II,EC1,0.20,20,2026-09-18
VG260102,FCS,2026-II,EC2,0.20,20,2026-10-23
VG260102,FCS,2026-II,EP,0.25,20,2026-10-16
VG260102,FCS,2026-II,EF,0.35,20,2026-12-11
VG260102,EIA,2026-II,EC1,0.20,19,2026-09-14
VG260102,EIA,2026-II,EC2,0.20,17,2026-10-19
VG260102,EIA,2026-II,EP,0.25,18,2026-10-12
VG260102,EIA,2026-II,EF,0.35,18,2026-12-07
VG260102,CII,2026-II,EC1,0.20,20,2026-09-15
VG260102,CII,2026-II,EC2,0.20,18,2026-10-20
VG260102,CII,2026-II,EP,0.25,19,2026-10-13
VG260102,CII,2026-II,EF,0.35,18,2026-12-08
VG260102,EIT,2026-II,EC1,0.20,20,2026-09-16
VG260102,EIT,2026-II,EC2,0.20,20,2026-10-21
VG260102,EIT,2026-II,EP,0.25,16,2026-10-14
VG260102,EIT,2026-II,EF,0.35,,
VG260102,EFSRT5,2026-II,EC1,0.20,16,2026-09-17
VG260102,EFSRT5,2026-II,EC2,0.20,20,2026-10-22
VG260102,EFSRT5,2026-II,EP,0.25,18,2026-10-15
VG260102,EFSRT5,2026-II,EF,0.35,,
VG260103,APS,2026-II,EC1,0.20,14,2026-09-14
VG260103,APS,2026-II,EC2,0.20,15,2026-10-19
VG260103,APS,2026-II,EP,0.25,11,2026-10-12
VG260103,APS,2026-II,EF,0.35,15,2026-12-07
VG260103,TBD,2026-II,EC1,0.20,14,2026-09-15
VG260103,TBD,2026-II,EC2,0.20,11,2026-10-20
VG260103,TBD,2026-II,EP,0.25,9,2026-10-13
VG260103,TBD,2026-II,EF,0.35,17,2026-12-08
VG260103,FIA,2026-II,EC1,0.20,13,2026-09-16
VG260103,FIA,2026-II,EC2,0.20,15,2026-10-21
VG260103,FIA,2026-II,EP,0.25,12,2026-10-14
VG260103,FIA,2026-II,EF,0.35,15,2026-12-09
VG260103,SDE,2026-II,EC1,0.20,16,2026-09-17
VG260103,SDE,2026-II,EC2,0.20,14,2026-10-22
VG260103,SDE,2026-II,EP,0.25,13,2026-10-15
VG260103,SDE,2026-II,EF,0.35,16,2026-12-10
VG260103,FCS,2026-II,EC1,0.20,15,2026-09-18
VG260103,FCS,2026-II,EC2,0.20,15,2026-10-23
VG260103,FCS,2026-II,EP,0.25,15,2026-10-16
VG260103,FCS,2026-II,EF,0.35,16,2026-12-11
VG260103,EIA,2026-II,EC1,0.20,16,2026-09-14
VG260103,EIA,2026-II,EC2,0.20,14,2026-10-19
VG260103,EIA,2026-II,EP,0.25,15,2026-10-12
VG260103,EIA,2026-II,EF,0.35,10,2026-12-07
VG260103,CII,2026-II,EC1,0.20,16,2026-09-15
VG260103,CII,2026-II,EC2,0.20,19,2026-10-20
VG260103,CII,2026-II,EP,0.25,13,2026-10-13
VG260103,CII,2026-II,EF,0.35,14,2026-12-08
VG260103,EIT,2026-II,EC1,0.20,12,2026-09-16
VG260103,EIT,2026-II,EC2,0.20,16,2026-10-21
VG260103,EIT,2026-II,EP,0.25,15,2026-10-14
VG260103,EIT,2026-II,EF,0.35,,
VG260103,EFSRT5,2026-II,EC1,0.20,15,2026-09-17
VG260103,EFSRT5,2026-II,EC2,0.20,17,2026-10-22
VG260103,EFSRT5,2026-II,EP,0.25,13,2026-10-15
VG260103,EFSRT5,2026-II,EF,0.35,,
VG260104,APS,2026-II,EC1,0.20,19,2026-09-14
VG260104,APS,2026-II,EC2,0.20,20,2026-10-19
VG260104,APS,2026-II,EP,0.25,16,2026-10-12
VG260104,APS,2026-II,EF,0.35,20,2026-12-07
VG260104,TBD,2026-II,EC1,0.20,18,2026-09-15
VG260104,TBD,2026-II,EC2,0.20,16,2026-10-20
VG260104,TBD,2026-II,EP,0.25,17,2026-10-13
VG260104,TBD,2026-II,EF,0.35,18,2026-12-08
VG260104,FIA,2026-II,EC1,0.20,18,2026-09-16
VG260104,FIA,2026-II,EC2,0.20,17,2026-10-21
VG260104,FIA,2026-II,EP,0.25,16,2026-10-14
VG260104,FIA,2026-II,EF,0.35,16,2026-12-09
VG260104,SDE,2026-II,EC1,0.20,15,2026-09-17
VG260104,SDE,2026-II,EC2,0.20,17,2026-10-22
VG260104,SDE,2026-II,EP,0.25,17,2026-10-15
VG260104,SDE,2026-II,EF,0.35,18,2026-12-10
VG260104,FCS,2026-II,EC1,0.20,19,2026-09-18
VG260104,FCS,2026-II,EC2,0.20,19,2026-10-23
VG260104,FCS,2026-II,EP,0.25,15,2026-10-16
VG260104,FCS,2026-II,EF,0.35,17,2026-12-11
VG260104,EIA,2026-II,EC1,0.20,16,2026-09-14
VG260104,EIA,2026-II,EC2,0.20,17,2026-10-19
VG260104,EIA,2026-II,EP,0.25,20,2026-10-12
VG260104,EIA,2026-II,EF,0.35,15,2026-12-07
VG260104,CII,2026-II,EC1,0.20,16,2026-09-15
VG260104,CII,2026-II,EC2,0.20,17,2026-10-20
VG260104,CII,2026-II,EP,0.25,20,2026-10-13
VG260104,CII,2026-II,EF,0.35,19,2026-12-08
VG260104,EIT,2026-II,EC1,0.20,16,2026-09-16
VG260104,EIT,2026-II,EC2,0.20,20,2026-10-21
VG260104,EIT,2026-II,EP,0.25,20,2026-10-14
VG260104,EIT,2026-II,EF,0.35,,
VG260104,EFSRT5,2026-II,EC1,0.20,19,2026-09-17
VG260104,EFSRT5,2026-II,EC2,0.20,20,2026-10-22
VG260104,EFSRT5,2026-II,EP,0.25,20,2026-10-15
VG260104,EFSRT5,2026-II,EF,0.35,,
VG260105,APS,2026-II,EC1,0.20,9,2026-09-14
VG260105,APS,2026-II,EC2,0.20,13,2026-10-19
VG260105,APS,2026-II,EP,0.25,17,2026-10-12
VG260105,APS,2026-II,EF,0.35,12,2026-12-07
VG260105,TBD,2026-II,EC1,0.20,13,2026-09-15
VG260105,TBD,2026-II,EC2,0.20,14,2026-10-20
VG260105,TBD,2026-II,EP,0.25,12,2026-10-13
VG260105,TBD,2026-II,EF,0.35,17,2026-12-08
VG260105,FIA,2026-II,EC1,0.20,12,2026-09-16
VG260105,FIA,2026-II,EC2,0.20,15,2026-10-21
VG260105,FIA,2026-II,EP,0.25,12,2026-10-14
VG260105,FIA,2026-II,EF,0.35,12,2026-12-09
VG260105,SDE,2026-II,EC1,0.20,11,2026-09-17
VG260105,SDE,2026-II,EC2,0.20,10,2026-10-22
VG260105,SDE,2026-II,EP,0.25,13,2026-10-15
VG260105,SDE,2026-II,EF,0.35,11,2026-12-10
VG260105,FCS,2026-II,EC1,0.20,15,2026-09-18
VG260105,FCS,2026-II,EC2,0.20,15,2026-10-23
VG260105,FCS,2026-II,EP,0.25,10,2026-10-16
VG260105,FCS,2026-II,EF,0.35,11,2026-12-11
VG260105,EIA,2026-II,EC1,0.20,11,2026-09-14
VG260105,EIA,2026-II,EC2,0.20,10,2026-10-19
VG260105,EIA,2026-II,EP,0.25,12,2026-10-12
VG260105,EIA,2026-II,EF,0.35,13,2026-12-07
VG260105,CII,2026-II,EC1,0.20,17,2026-09-15
VG260105,CII,2026-II,EC2,0.20,14,2026-10-20
VG260105,CII,2026-II,EP,0.25,15,2026-10-13
VG260105,CII,2026-II,EF,0.35,8,2026-12-08
VG260105,EIT,2026-II,EC1,0.20,13,2026-09-16
VG260105,EIT,2026-II,EC2,0.20,13,2026-10-21
VG260105,EIT,2026-II,EP,0.25,11,2026-10-14
VG260105,EIT,2026-II,EF,0.35,,
VG260105,EFSRT5,2026-II,EC1,0.20,12,2026-09-17
VG260105,EFSRT5,2026-II,EC2,0.20,14,2026-10-22
VG260105,EFSRT5,2026-II,EP,0.25,15,2026-10-15
VG260105,EFSRT5,2026-II,EF,0.35,,
VG260106,APS,2026-II,EC1,0.20,9,2026-09-14
VG260106,APS,2026-II,EC2,0.20,13,2026-10-19
VG260106,APS,2026-II,EP,0.25,14,2026-10-12
VG260106,APS,2026-II,EF,0.35,10,2026-12-07
VG260106,TBD,2026-II,EC1,0.20,13,2026-09-15
VG260106,TBD,2026-II,EC2,0.20,8,2026-10-20
VG260106,TBD,2026-II,EP,0.25,12,2026-10-13
VG260106,TBD,2026-II,EF,0.35,10,2026-12-08
VG260106,FIA,2026-II,EC1,0.20,11,2026-09-16
VG260106,FIA,2026-II,EC2,0.20,10,2026-10-21
VG260106,FIA,2026-II,EP,0.25,11,2026-10-14
VG260106,FIA,2026-II,EF,0.35,10,2026-12-09
VG260106,SDE,2026-II,EC1,0.20,10,2026-09-17
VG260106,SDE,2026-II,EC2,0.20,9,2026-10-22
VG260106,SDE,2026-II,EP,0.25,15,2026-10-15
VG260106,SDE,2026-II,EF,0.35,13,2026-12-10
VG260106,FCS,2026-II,EC1,0.20,13,2026-09-18
VG260106,FCS,2026-II,EC2,0.20,11,2026-10-23
VG260106,FCS,2026-II,EP,0.25,10,2026-10-16
VG260106,FCS,2026-II,EF,0.35,13,2026-12-11
VG260106,EIA,2026-II,EC1,0.20,13,2026-09-14
VG260106,EIA,2026-II,EC2,0.20,8,2026-10-19
VG260106,EIA,2026-II,EP,0.25,7,2026-10-12
VG260106,EIA,2026-II,EF,0.35,10,2026-12-07
VG260106,CII,2026-II,EC1,0.20,14,2026-09-15
VG260106,CII,2026-II,EC2,0.20,13,2026-10-20
VG260106,CII,2026-II,EP,0.25,13,2026-10-13
VG260106,CII,2026-II,EF,0.35,15,2026-12-08
VG260106,EIT,2026-II,EC1,0.20,14,2026-09-16
VG260106,EIT,2026-II,EC2,0.20,12,2026-10-21
VG260106,EIT,2026-II,EP,0.25,11,2026-10-14
VG260106,EIT,2026-II,EF,0.35,,
VG260106,EFSRT5,2026-II,EC1,0.20,14,2026-09-17
VG260106,EFSRT5,2026-II,EC2,0.20,14,2026-10-22
VG260106,EFSRT5,2026-II,EP,0.25,12,2026-10-15
VG260106,EFSRT5,2026-II,EF,0.35,,
VG260107,APS,2026-II,EC1,0.20,18,2026-09-14
VG260107,APS,2026-II,EC2,0.20,15,2026-10-19
VG260107,APS,2026-II,EP,0.25,17,2026-10-12
VG260107,APS,2026-II,EF,0.35,20,2026-12-07
VG260107,TBD,2026-II,EC1,0.20,16,2026-09-15
VG260107,TBD,2026-II,EC2,0.20,17,2026-10-20
VG260107,TBD,2026-II,EP,0.25,13,2026-10-13
VG260107,TBD,2026-II,EF,0.35,20,2026-12-08
VG260107,FIA,2026-II,EC1,0.20,18,2026-09-16
VG260107,FIA,2026-II,EC2,0.20,18,2026-10-21
VG260107,FIA,2026-II,EP,0.25,17,2026-10-14
VG260107,FIA,2026-II,EF,0.35,16,2026-12-09
VG260107,SDE,2026-II,EC1,0.20,16,2026-09-17
VG260107,SDE,2026-II,EC2,0.20,20,2026-10-22
VG260107,SDE,2026-II,EP,0.25,18,2026-10-15
VG260107,SDE,2026-II,EF,0.35,20,2026-12-10
VG260107,FCS,2026-II,EC1,0.20,18,2026-09-18
VG260107,FCS,2026-II,EC2,0.20,17,2026-10-23
VG260107,FCS,2026-II,EP,0.25,16,2026-10-16
VG260107,FCS,2026-II,EF,0.35,13,2026-12-11
VG260107,EIA,2026-II,EC1,0.20,17,2026-09-14
VG260107,EIA,2026-II,EC2,0.20,15,2026-10-19
VG260107,EIA,2026-II,EP,0.25,17,2026-10-12
VG260107,EIA,2026-II,EF,0.35,19,2026-12-07
VG260107,CII,2026-II,EC1,0.20,17,2026-09-15
VG260107,CII,2026-II,EC2,0.20,17,2026-10-20
VG260107,CII,2026-II,EP,0.25,17,2026-10-13
VG260107,CII,2026-II,EF,0.35,17,2026-12-08
VG260107,EIT,2026-II,EC1,0.20,20,2026-09-16
VG260107,EIT,2026-II,EC2,0.20,18,2026-10-21
VG260107,EIT,2026-II,EP,0.25,17,2026-10-14
VG260107,EIT,2026-II,EF,0.35,,
VG260107,EFSRT5,2026-II,EC1,0.20,15,2026-09-17
VG260107,EFSRT5,2026-II,EC2,0.20,20,2026-10-22
VG260107,EFSRT5,2026-II,EP,0.25,18,2026-10-15
VG260107,EFSRT5,2026-II,EF,0.35,,
VG260108,APS,2026-II,EC1,0.20,10,2026-09-14
VG260108,APS,2026-II,EC2,0.20,12,2026-10-19
VG260108,APS,2026-II,EP,0.25,11,2026-10-12
VG260108,APS,2026-II,EF,0.35,11,2026-12-07
VG260108,TBD,2026-II,EC1,0.20,13,2026-09-15
VG260108,TBD,2026-II,EC2,0.20,11,2026-10-20
VG260108,TBD,2026-II,EP,0.25,11,2026-10-13
VG260108,TBD,2026-II,EF,0.35,16,2026-12-08
VG260108,FIA,2026-II,EC1,0.20,14,2026-09-16
VG260108,FIA,2026-II,EC2,0.20,11,2026-10-21
VG260108,FIA,2026-II,EP,0.25,13,2026-10-14
VG260108,FIA,2026-II,EF,0.35,13,2026-12-09
VG260108,SDE,2026-II,EC1,0.20,13,2026-09-17
VG260108,SDE,2026-II,EC2,0.20,9,2026-10-22
VG260108,SDE,2026-II,EP,0.25,12,2026-10-15
VG260108,SDE,2026-II,EF,0.35,11,2026-12-10
VG260108,FCS,2026-II,EC1,0.20,15,2026-09-18
VG260108,FCS,2026-II,EC2,0.20,14,2026-10-23
VG260108,FCS,2026-II,EP,0.25,12,2026-10-16
VG260108,FCS,2026-II,EF,0.35,14,2026-12-11
VG260108,EIA,2026-II,EC1,0.20,13,2026-09-14
VG260108,EIA,2026-II,EC2,0.20,13,2026-10-19
VG260108,EIA,2026-II,EP,0.25,13,2026-10-12
VG260108,EIA,2026-II,EF,0.35,10,2026-12-07
VG260108,CII,2026-II,EC1,0.20,12,2026-09-15
VG260108,CII,2026-II,EC2,0.20,11,2026-10-20
VG260108,CII,2026-II,EP,0.25,13,2026-10-13
VG260108,CII,2026-II,EF,0.35,13,2026-12-08
VG260108,EIT,2026-II,EC1,0.20,13,2026-09-16
VG260108,EIT,2026-II,EC2,0.20,13,2026-10-21
VG260108,EIT,2026-II,EP,0.25,13,2026-10-14
VG260108,EIT,2026-II,EF,0.35,,
VG260108,EFSRT5,2026-II,EC1,0.20,15,2026-09-17
VG260108,EFSRT5,2026-II,EC2,0.20,12,2026-10-22
VG260108,EFSRT5,2026-II,EP,0.25,12,2026-10-15
VG260108,EFSRT5,2026-II,EF,0.35,,
VG260109,APS,2026-II,EC1,0.20,18,2026-09-14
VG260109,APS,2026-II,EC2,0.20,19,2026-10-19
VG260109,APS,2026-II,EP,0.25,18,2026-10-12
VG260109,APS,2026-II,EF,0.35,16,2026-12-07
VG260109,TBD,2026-II,EC1,0.20,15,2026-09-15
VG260109,TBD,2026-II,EC2,0.20,16,2026-10-20
VG260109,TBD,2026-II,EP,0.25,13,2026-10-13
VG260109,TBD,2026-II,EF,0.35,17,2026-12-08
VG260109,FIA,2026-II,EC1,0.20,15,2026-09-16
VG260109,FIA,2026-II,EC2,0.20,19,2026-10-21
VG260109,FIA,2026-II,EP,0.25,17,2026-10-14
VG260109,FIA,2026-II,EF,0.35,17,2026-12-09
VG260109,SDE,2026-II,EC1,0.20,16,2026-09-17
VG260109,SDE,2026-II,EC2,0.20,17,2026-10-22
VG260109,SDE,2026-II,EP,0.25,18,2026-10-15
VG260109,SDE,2026-II,EF,0.35,20,2026-12-10
VG260109,FCS,2026-II,EC1,0.20,20,2026-09-18
VG260109,FCS,2026-II,EC2,0.20,16,2026-10-23
VG260109,FCS,2026-II,EP,0.25,15,2026-10-16
VG260109,FCS,2026-II,EF,0.35,16,2026-12-11
VG260109,EIA,2026-II,EC1,0.20,16,2026-09-14
VG260109,EIA,2026-II,EC2,0.20,15,2026-10-19
VG260109,EIA,2026-II,EP,0.25,14,2026-10-12
VG260109,EIA,2026-II,EF,0.35,16,2026-12-07
VG260109,CII,2026-II,EC1,0.20,15,2026-09-15
VG260109,CII,2026-II,EC2,0.20,20,2026-10-20
VG260109,CII,2026-II,EP,0.25,17,2026-10-13
VG260109,CII,2026-II,EF,0.35,19,2026-12-08
VG260109,EIT,2026-II,EC1,0.20,18,2026-09-16
VG260109,EIT,2026-II,EC2,0.20,17,2026-10-21
VG260109,EIT,2026-II,EP,0.25,20,2026-10-14
VG260109,EIT,2026-II,EF,0.35,,
VG260109,EFSRT5,2026-II,EC1,0.20,17,2026-09-17
VG260109,EFSRT5,2026-II,EC2,0.20,15,2026-10-22
VG260109,EFSRT5,2026-II,EP,0.25,18,2026-10-15
VG260109,EFSRT5,2026-II,EF,0.35,,
VG260110,APS,2026-II,EC1,0.20,18,2026-09-14
VG260110,APS,2026-II,EC2,0.20,15,2026-10-19
VG260110,APS,2026-II,EP,0.25,16,2026-10-12
VG260110,APS,2026-II,EF,0.35,16,2026-12-07
VG260110,TBD,2026-II,EC1,0.20,17,2026-09-15
VG260110,TBD,2026-II,EC2,0.20,15,2026-10-20
VG260110,TBD,2026-II,EP,0.25,20,2026-10-13
VG260110,TBD,2026-II,EF,0.35,17,2026-12-08
VG260110,FIA,2026-II,EC1,0.20,15,2026-09-16
VG260110,FIA,2026-II,EC2,0.20,20,2026-10-21
VG260110,FIA,2026-II,EP,0.25,18,2026-10-14
VG260110,FIA,2026-II,EF,0.35,17,2026-12-09
VG260110,SDE,2026-II,EC1,0.20,15,2026-09-17
VG260110,SDE,2026-II,EC2,0.20,17,2026-10-22
VG260110,SDE,2026-II,EP,0.25,20,2026-10-15
VG260110,SDE,2026-II,EF,0.35,16,2026-12-10
VG260110,FCS,2026-II,EC1,0.20,19,2026-09-18
VG260110,FCS,2026-II,EC2,0.20,18,2026-10-23
VG260110,FCS,2026-II,EP,0.25,18,2026-10-16
VG260110,FCS,2026-II,EF,0.35,19,2026-12-11
VG260110,EIA,2026-II,EC1,0.20,19,2026-09-14
VG260110,EIA,2026-II,EC2,0.20,16,2026-10-19
VG260110,EIA,2026-II,EP,0.25,16,2026-10-12
VG260110,EIA,2026-II,EF,0.35,15,2026-12-07
VG260110,CII,2026-II,EC1,0.20,16,2026-09-15
VG260110,CII,2026-II,EC2,0.20,15,2026-10-20
VG260110,CII,2026-II,EP,0.25,20,2026-10-13
VG260110,CII,2026-II,EF,0.35,15,2026-12-08
VG260110,EIT,2026-II,EC1,0.20,18,2026-09-16
VG260110,EIT,2026-II,EC2,0.20,20,2026-10-21
VG260110,EIT,2026-II,EP,0.25,14,2026-10-14
VG260110,EIT,2026-II,EF,0.35,,
VG260110,EFSRT5,2026-II,EC1,0.20,19,2026-09-17
VG260110,EFSRT5,2026-II,EC2,0.20,15,2026-10-22
VG260110,EFSRT5,2026-II,EP,0.25,20,2026-10-15
VG260110,EFSRT5,2026-II,EF,0.35,,
VG260111,APS,2026-II,EC1,0.20,20,2026-09-14
VG260111,APS,2026-II,EC2,0.20,20,2026-10-19
VG260111,APS,2026-II,EP,0.25,20,2026-10-12
VG260111,APS,2026-II,EF,0.35,20,2026-12-07
VG260111,TBD,2026-II,EC1,0.20,18,2026-09-15
VG260111,TBD,2026-II,EC2,0.20,18,2026-10-20
VG260111,TBD,2026-II,EP,0.25,20,2026-10-13
VG260111,TBD,2026-II,EF,0.35,16,2026-12-08
VG260111,FIA,2026-II,EC1,0.20,16,2026-09-16
VG260111,FIA,2026-II,EC2,0.20,20,2026-10-21
VG260111,FIA,2026-II,EP,0.25,19,2026-10-14
VG260111,FIA,2026-II,EF,0.35,17,2026-12-09
VG260111,SDE,2026-II,EC1,0.20,16,2026-09-17
VG260111,SDE,2026-II,EC2,0.20,18,2026-10-22
VG260111,SDE,2026-II,EP,0.25,15,2026-10-15
VG260111,SDE,2026-II,EF,0.35,19,2026-12-10
VG260111,FCS,2026-II,EC1,0.20,19,2026-09-18
VG260111,FCS,2026-II,EC2,0.20,17,2026-10-23
VG260111,FCS,2026-II,EP,0.25,17,2026-10-16
VG260111,FCS,2026-II,EF,0.35,20,2026-12-11
VG260111,EIA,2026-II,EC1,0.20,19,2026-09-14
VG260111,EIA,2026-II,EC2,0.20,19,2026-10-19
VG260111,EIA,2026-II,EP,0.25,16,2026-10-12
VG260111,EIA,2026-II,EF,0.35,19,2026-12-07
VG260111,CII,2026-II,EC1,0.20,19,2026-09-15
VG260111,CII,2026-II,EC2,0.20,20,2026-10-20
VG260111,CII,2026-II,EP,0.25,20,2026-10-13
VG260111,CII,2026-II,EF,0.35,20,2026-12-08
VG260111,EIT,2026-II,EC1,0.20,20,2026-09-16
VG260111,EIT,2026-II,EC2,0.20,20,2026-10-21
VG260111,EIT,2026-II,EP,0.25,18,2026-10-14
VG260111,EIT,2026-II,EF,0.35,,
VG260111,EFSRT5,2026-II,EC1,0.20,20,2026-09-17
VG260111,EFSRT5,2026-II,EC2,0.20,20,2026-10-22
VG260111,EFSRT5,2026-II,EP,0.25,20,2026-10-15
VG260111,EFSRT5,2026-II,EF,0.35,,
VG260112,APS,2026-II,EC1,0.20,18,2026-09-14
VG260112,APS,2026-II,EC2,0.20,18,2026-10-19
VG260112,APS,2026-II,EP,0.25,14,2026-10-12
VG260112,APS,2026-II,EF,0.35,17,2026-12-07
VG260112,TBD,2026-II,EC1,0.20,18,2026-09-15
VG260112,TBD,2026-II,EC2,0.20,15,2026-10-20
VG260112,TBD,2026-II,EP,0.25,12,2026-10-13
VG260112,TBD,2026-II,EF,0.35,15,2026-12-08
VG260112,FIA,2026-II,EC1,0.20,15,2026-09-16
VG260112,FIA,2026-II,EC2,0.20,11,2026-10-21
VG260112,FIA,2026-II,EP,0.25,10,2026-10-14
VG260112,FIA,2026-II,EF,0.35,15,2026-12-09
VG260112,SDE,2026-II,EC1,0.20,14,2026-09-17
VG260112,SDE,2026-II,EC2,0.20,14,2026-10-22
VG260112,SDE,2026-II,EP,0.25,14,2026-10-15
VG260112,SDE,2026-II,EF,0.35,14,2026-12-10
VG260112,FCS,2026-II,EC1,0.20,12,2026-09-18
VG260112,FCS,2026-II,EC2,0.20,14,2026-10-23
VG260112,FCS,2026-II,EP,0.25,15,2026-10-16
VG260112,FCS,2026-II,EF,0.35,16,2026-12-11
VG260112,EIA,2026-II,EC1,0.20,13,2026-09-14
VG260112,EIA,2026-II,EC2,0.20,12,2026-10-19
VG260112,EIA,2026-II,EP,0.25,15,2026-10-12
VG260112,EIA,2026-II,EF,0.35,14,2026-12-07
VG260112,CII,2026-II,EC1,0.20,17,2026-09-15
VG260112,CII,2026-II,EC2,0.20,18,2026-10-20
VG260112,CII,2026-II,EP,0.25,15,2026-10-13
VG260112,CII,2026-II,EF,0.35,15,2026-12-08
VG260112,EIT,2026-II,EC1,0.20,16,2026-09-16
VG260112,EIT,2026-II,EC2,0.20,15,2026-10-21
VG260112,EIT,2026-II,EP,0.25,17,2026-10-14
VG260112,EIT,2026-II,EF,0.35,,
VG260112,EFSRT5,2026-II,EC1,0.20,19,2026-09-17
VG260112,EFSRT5,2026-II,EC2,0.20,14,2026-10-22
VG260112,EFSRT5,2026-II,EP,0.25,17,2026-10-15
VG260112,EFSRT5,2026-II,EF,0.35,,
VG260113,APS,2026-II,EC1,0.20,12,2026-09-14
VG260113,APS,2026-II,EC2,0.20,18,2026-10-19
VG260113,APS,2026-II,EP,0.25,15,2026-10-12
VG260113,APS,2026-II,EF,0.35,16,2026-12-07
VG260113,TBD,2026-II,EC1,0.20,18,2026-09-15
VG260113,TBD,2026-II,EC2,0.20,15,2026-10-20
VG260113,TBD,2026-II,EP,0.25,17,2026-10-13
VG260113,TBD,2026-II,EF,0.35,17,2026-12-08
VG260113,FIA,2026-II,EC1,0.20,13,2026-09-16
VG260113,FIA,2026-II,EC2,0.20,15,2026-10-21
VG260113,FIA,2026-II,EP,0.25,15,2026-10-14
VG260113,FIA,2026-II,EF,0.35,14,2026-12-09
VG260113,SDE,2026-II,EC1,0.20,13,2026-09-17
VG260113,SDE,2026-II,EC2,0.20,13,2026-10-22
VG260113,SDE,2026-II,EP,0.25,12,2026-10-15
VG260113,SDE,2026-II,EF,0.35,11,2026-12-10
VG260113,FCS,2026-II,EC1,0.20,16,2026-09-18
VG260113,FCS,2026-II,EC2,0.20,13,2026-10-23
VG260113,FCS,2026-II,EP,0.25,18,2026-10-16
VG260113,FCS,2026-II,EF,0.35,14,2026-12-11
VG260113,EIA,2026-II,EC1,0.20,17,2026-09-14
VG260113,EIA,2026-II,EC2,0.20,17,2026-10-19
VG260113,EIA,2026-II,EP,0.25,16,2026-10-12
VG260113,EIA,2026-II,EF,0.35,19,2026-12-07
VG260113,CII,2026-II,EC1,0.20,16,2026-09-15
VG260113,CII,2026-II,EC2,0.20,16,2026-10-20
VG260113,CII,2026-II,EP,0.25,13,2026-10-13
VG260113,CII,2026-II,EF,0.35,16,2026-12-08
VG260113,EIT,2026-II,EC1,0.20,16,2026-09-16
VG260113,EIT,2026-II,EC2,0.20,16,2026-10-21
VG260113,EIT,2026-II,EP,0.25,14,2026-10-14
VG260113,EIT,2026-II,EF,0.35,,
VG260113,EFSRT5,2026-II,EC1,0.20,16,2026-09-17
VG260113,EFSRT5,2026-II,EC2,0.20,14,2026-10-22
VG260113,EFSRT5,2026-II,EP,0.25,17,2026-10-15
VG260113,EFSRT5,2026-II,EF,0.35,,
VG260114,APS,2026-II,EC1,0.20,19,2026-09-14
VG260114,APS,2026-II,EC2,0.20,19,2026-10-19
VG260114,APS,2026-II,EP,0.25,17,2026-10-12
VG260114,APS,2026-II,EF,0.35,17,2026-12-07
VG260114,TBD,2026-II,EC1,0.20,17,2026-09-15
VG260114,TBD,2026-II,EC2,0.20,14,2026-10-20
VG260114,TBD,2026-II,EP,0.25,16,2026-10-13
VG260114,TBD,2026-II,EF,0.35,20,2026-12-08
VG260114,FIA,2026-II,EC1,0.20,17,2026-09-16
VG260114,FIA,2026-II,EC2,0.20,16,2026-10-21
VG260114,FIA,2026-II,EP,0.25,15,2026-10-14
VG260114,FIA,2026-II,EF,0.35,16,2026-12-09
VG260114,SDE,2026-II,EC1,0.20,14,2026-09-17
VG260114,SDE,2026-II,EC2,0.20,15,2026-10-22
VG260114,SDE,2026-II,EP,0.25,13,2026-10-15
VG260114,SDE,2026-II,EF,0.35,17,2026-12-10
VG260114,FCS,2026-II,EC1,0.20,20,2026-09-18
VG260114,FCS,2026-II,EC2,0.20,15,2026-10-23
VG260114,FCS,2026-II,EP,0.25,17,2026-10-16
VG260114,FCS,2026-II,EF,0.35,19,2026-12-11
VG260114,EIA,2026-II,EC1,0.20,19,2026-09-14
VG260114,EIA,2026-II,EC2,0.20,18,2026-10-19
VG260114,EIA,2026-II,EP,0.25,16,2026-10-12
VG260114,EIA,2026-II,EF,0.35,17,2026-12-07
VG260114,CII,2026-II,EC1,0.20,18,2026-09-15
VG260114,CII,2026-II,EC2,0.20,17,2026-10-20
VG260114,CII,2026-II,EP,0.25,16,2026-10-13
VG260114,CII,2026-II,EF,0.35,18,2026-12-08
VG260114,EIT,2026-II,EC1,0.20,16,2026-09-16
VG260114,EIT,2026-II,EC2,0.20,19,2026-10-21
VG260114,EIT,2026-II,EP,0.25,16,2026-10-14
VG260114,EIT,2026-II,EF,0.35,,
VG260114,EFSRT5,2026-II,EC1,0.20,20,2026-09-17
VG260114,EFSRT5,2026-II,EC2,0.20,17,2026-10-22
VG260114,EFSRT5,2026-II,EP,0.25,17,2026-10-15
VG260114,EFSRT5,2026-II,EF,0.35,,
VG260115,APS,2026-II,EC1,0.20,16,2026-09-14
VG260115,APS,2026-II,EC2,0.20,19,2026-10-19
VG260115,APS,2026-II,EP,0.25,19,2026-10-12
VG260115,APS,2026-II,EF,0.35,19,2026-12-07
VG260115,TBD,2026-II,EC1,0.20,20,2026-09-15
VG260115,TBD,2026-II,EC2,0.20,15,2026-10-20
VG260115,TBD,2026-II,EP,0.25,18,2026-10-13
VG260115,TBD,2026-II,EF,0.35,19,2026-12-08
VG260115,FIA,2026-II,EC1,0.20,16,2026-09-16
VG260115,FIA,2026-II,EC2,0.20,13,2026-10-21
VG260115,FIA,2026-II,EP,0.25,18,2026-10-14
VG260115,FIA,2026-II,EF,0.35,17,2026-12-09
VG260115,SDE,2026-II,EC1,0.20,14,2026-09-17
VG260115,SDE,2026-II,EC2,0.20,15,2026-10-22
VG260115,SDE,2026-II,EP,0.25,13,2026-10-15
VG260115,SDE,2026-II,EF,0.35,14,2026-12-10
VG260115,FCS,2026-II,EC1,0.20,17,2026-09-18
VG260115,FCS,2026-II,EC2,0.20,20,2026-10-23
VG260115,FCS,2026-II,EP,0.25,17,2026-10-16
VG260115,FCS,2026-II,EF,0.35,20,2026-12-11
VG260115,EIA,2026-II,EC1,0.20,15,2026-09-14
VG260115,EIA,2026-II,EC2,0.20,15,2026-10-19
VG260115,EIA,2026-II,EP,0.25,20,2026-10-12
VG260115,EIA,2026-II,EF,0.35,20,2026-12-07
VG260115,CII,2026-II,EC1,0.20,20,2026-09-15
VG260115,CII,2026-II,EC2,0.20,19,2026-10-20
VG260115,CII,2026-II,EP,0.25,20,2026-10-13
VG260115,CII,2026-II,EF,0.35,15,2026-12-08
VG260115,EIT,2026-II,EC1,0.20,20,2026-09-16
VG260115,EIT,2026-II,EC2,0.20,16,2026-10-21
VG260115,EIT,2026-II,EP,0.25,16,2026-10-14
VG260115,EIT,2026-II,EF,0.35,,
VG260115,EFSRT5,2026-II,EC1,0.20,20,2026-09-17
VG260115,EFSRT5,2026-II,EC2,0.20,17,2026-10-22
VG260115,EFSRT5,2026-II,EP,0.25,18,2026-10-15
VG260115,EFSRT5,2026-II,EF,0.35,,
VG260116,APS,2026-II,EC1,0.20,14,2026-09-14
VG260116,APS,2026-II,EC2,0.20,16,2026-10-19
VG260116,APS,2026-II,EP,0.25,17,2026-10-12
VG260116,APS,2026-II,EF,0.35,15,2026-12-07
VG260116,TBD,2026-II,EC1,0.20,18,2026-09-15
VG260116,TBD,2026-II,EC2,0.20,18,2026-10-20
VG260116,TBD,2026-II,EP,0.25,17,2026-10-13
VG260116,TBD,2026-II,EF,0.35,11,2026-12-08
VG260116,FIA,2026-II,EC1,0.20,13,2026-09-16
VG260116,FIA,2026-II,EC2,0.20,14,2026-10-21
VG260116,FIA,2026-II,EP,0.25,15,2026-10-14
VG260116,FIA,2026-II,EF,0.35,14,2026-12-09
VG260116,SDE,2026-II,EC1,0.20,12,2026-09-17
VG260116,SDE,2026-II,EC2,0.20,16,2026-10-22
VG260116,SDE,2026-II,EP,0.25,12,2026-10-15
VG260116,SDE,2026-II,EF,0.35,10,2026-12-10
VG260116,FCS,2026-II,EC1,0.20,25,2026-09-18
VG260116,FCS,2026-II,EC2,0.20,15,2026-10-23
VG260116,FCS,2026-II,EP,0.25,16,2026-10-16
VG260116,FCS,2026-II,EF,0.35,14,2026-12-11
VG260116,EIA,2026-II,EC1,0.20,14,2026-09-14
VG260116,EIA,2026-II,EC2,0.20,12,2026-10-19
VG260116,EIA,2026-II,EP,0.25,16,2026-10-12
VG260116,EIA,2026-II,EF,0.35,13,2026-12-07
VG260116,CII,2026-II,EC1,0.20,14,2026-09-15
VG260116,CII,2026-II,EC2,0.20,13,2026-10-20
VG260116,CII,2026-II,EP,0.25,16,2026-10-13
VG260116,CII,2026-II,EF,0.35,14,2026-12-08
VG260116,EIT,2026-II,EC1,0.20,15,2026-09-16
VG260116,EIT,2026-II,EC2,0.20,10,2026-10-21
VG260116,EIT,2026-II,EP,0.25,18,2026-10-14
VG260116,EIT,2026-II,EF,0.35,,
VG260116,EFSRT5,2026-II,EC1,0.20,17,2026-09-17
VG260116,EFSRT5,2026-II,EC2,0.20,16,2026-10-22
VG260116,EFSRT5,2026-II,EP,0.25,16,2026-10-15
VG260116,EFSRT5,2026-II,EF,0.35,,
VG260117,APS,2026-II,EC1,0.20,16,2026-09-14
VG260117,APS,2026-II,EC2,0.20,11,2026-10-19
VG260117,APS,2026-II,EP,0.25,14,2026-10-12
VG260117,APS,2026-II,EF,0.35,16,2026-12-07
VG260117,TBD,2026-II,EC1,0.20,12,2026-09-15
VG260117,TBD,2026-II,EC2,0.20,13,2026-10-20
VG260117,TBD,2026-II,EP,0.25,12,2026-10-13
VG260117,TBD,2026-II,EF,0.35,16,2026-12-08
VG260117,FIA,2026-II,EC1,0.20,12,2026-09-16
VG260117,FIA,2026-II,EC2,0.20,15,2026-10-21
VG260117,FIA,2026-II,EP,0.25,10,2026-10-14
VG260117,FIA,2026-II,EF,0.35,15,2026-12-09
VG260117,SDE,2026-II,EC1,0.20,12,2026-09-17
VG260117,SDE,2026-II,EC2,0.20,13,2026-10-22
VG260117,SDE,2026-II,EP,0.25,14,2026-10-15
VG260117,SDE,2026-II,EF,0.35,17,2026-12-10
VG260117,FCS,2026-II,EC1,0.20,15,2026-09-18
VG260117,FCS,2026-II,EC2,0.20,16,2026-10-23
VG260117,FCS,2026-II,EP,0.25,13,2026-10-16
VG260117,FCS,2026-II,EF,0.35,13,2026-12-11
VG260117,EIA,2026-II,EC1,0.20,12,2026-09-14
VG260117,EIA,2026-II,EC2,0.20,13,2026-10-19
VG260117,EIA,2026-II,EP,0.25,13,2026-10-12
VG260117,EIA,2026-II,EF,0.35,10,2026-12-07
VG260117,CII,2026-II,EC1,0.20,9,2026-09-15
VG260117,CII,2026-II,EC2,0.20,13,2026-10-20
VG260117,CII,2026-II,EP,0.25,13,2026-10-13
VG260117,CII,2026-II,EF,0.35,14,2026-12-08
VG260117,EIT,2026-II,EC1,0.20,12,2026-09-16
VG260117,EIT,2026-II,EC2,0.20,12,2026-10-21
VG260117,EIT,2026-II,EP,0.25,16,2026-10-14
VG260117,EIT,2026-II,EF,0.35,,
VG260117,EFSRT5,2026-II,EC1,0.20,15,2026-09-17
VG260117,EFSRT5,2026-II,EC2,0.20,16,2026-10-22
VG260117,EFSRT5,2026-II,EP,0.25,15,2026-10-15
VG260117,EFSRT5,2026-II,EF,0.35,,
VG260118,APS,2026-II,EC1,0.20,14,2026-09-14
VG260118,APS,2026-II,EC2,0.20,13,2026-10-19
VG260118,APS,2026-II,EP,0.25,17,2026-10-12
VG260118,APS,2026-II,EF,0.35,14,2026-12-07
VG260118,TBD,2026-II,EC1,0.20,13,2026-09-15
VG260118,TBD,2026-II,EC2,0.20,12,2026-10-20
VG260118,TBD,2026-II,EP,0.25,14,2026-10-13
VG260118,TBD,2026-II,EF,0.35,12,2026-12-08
VG260118,FIA,2026-II,EC1,0.20,14,2026-09-16
VG260118,FIA,2026-II,EC2,0.20,10,2026-10-21
VG260118,FIA,2026-II,EP,0.25,14,2026-10-14
VG260118,FIA,2026-II,EF,0.35,15,2026-12-09
VG260118,SDE,2026-II,EC1,0.20,10,2026-09-17
VG260118,SDE,2026-II,EC2,0.20,13,2026-10-22
VG260118,SDE,2026-II,EP,0.25,12,2026-10-15
VG260118,SDE,2026-II,EF,0.35,13,2026-12-10
VG260118,FCS,2026-II,EC1,0.20,14,2026-09-18
VG260118,FCS,2026-II,EC2,0.20,13,2026-10-23
VG260118,FCS,2026-II,EP,0.25,12,2026-10-16
VG260118,FCS,2026-II,EF,0.35,15,2026-12-11
VG260118,EIA,2026-II,EC1,0.20,13,2026-09-14
VG260118,EIA,2026-II,EC2,0.20,11,2026-10-19
VG260118,EIA,2026-II,EP,0.25,13,2026-10-12
VG260118,EIA,2026-II,EF,0.35,15,2026-12-07
VG260118,CII,2026-II,EC1,0.20,15,2026-09-15
VG260118,CII,2026-II,EC2,0.20,12,2026-10-20
VG260118,CII,2026-II,EP,0.25,13,2026-10-13
VG260118,CII,2026-II,EF,0.35,13,2026-12-08
VG260118,EIT,2026-II,EC1,0.20,14,2026-09-16
VG260118,EIT,2026-II,EC2,0.20,13,2026-10-21
VG260118,EIT,2026-II,EP,0.25,16,2026-10-14
VG260118,EIT,2026-II,EF,0.35,,
VG260118,EFSRT5,2026-II,EC1,0.20,17,2026-09-17
VG260118,EFSRT5,2026-II,EC2,0.20,14,2026-10-22
VG260118,EFSRT5,2026-II,EP,0.25,13,2026-10-15
VG260118,EFSRT5,2026-II,EF,0.35,,
VG260119,APS,2026-II,EC1,0.20,17,2026-09-14
VG260119,APS,2026-II,EC2,0.20,16,2026-10-19
VG260119,APS,2026-II,EP,0.25,17,2026-10-12
VG260119,APS,2026-II,EF,0.35,20,2026-12-07
VG260119,TBD,2026-II,EC1,0.20,17,2026-09-15
VG260119,TBD,2026-II,EC2,0.20,18,2026-10-20
VG260119,TBD,2026-II,EP,0.25,15,2026-10-13
VG260119,TBD,2026-II,EF,0.35,17,2026-12-08
VG260119,FIA,2026-II,EC1,0.20,17,2026-09-16
VG260119,FIA,2026-II,EC2,0.20,16,2026-10-21
VG260119,FIA,2026-II,EP,0.25,16,2026-10-14
VG260119,FIA,2026-II,EF,0.35,18,2026-12-09
VG260119,SDE,2026-II,EC1,0.20,15,2026-09-17
VG260119,SDE,2026-II,EC2,0.20,14,2026-10-22
VG260119,SDE,2026-II,EP,0.25,14,2026-10-15
VG260119,SDE,2026-II,EF,0.35,14,2026-12-10
VG260119,FCS,2026-II,EC1,0.20,15,2026-09-18
VG260119,FCS,2026-II,EC2,0.20,18,2026-10-23
VG260119,FCS,2026-II,EP,0.25,19,2026-10-16
VG260119,FCS,2026-II,EF,0.35,17,2026-12-11
VG260119,EIA,2026-II,EC1,0.20,16,2026-09-14
VG260119,EIA,2026-II,EC2,0.20,13,2026-10-19
VG260119,EIA,2026-II,EP,0.25,16,2026-10-12
VG260119,EIA,2026-II,EF,0.35,15,2026-12-07
VG260119,CII,2026-II,EC1,0.20,15,2026-09-15
VG260119,CII,2026-II,EC2,0.20,19,2026-10-20
VG260119,CII,2026-II,EP,0.25,20,2026-10-13
VG260119,CII,2026-II,EF,0.35,19,2026-12-08
VG260119,EIT,2026-II,EC1,0.20,18,2026-09-16
VG260119,EIT,2026-II,EC2,0.20,17,2026-10-21
VG260119,EIT,2026-II,EP,0.25,19,2026-10-14
VG260119,EIT,2026-II,EF,0.35,,
VG260119,EFSRT5,2026-II,EC1,0.20,16,2026-09-17
VG260119,EFSRT5,2026-II,EC2,0.20,16,2026-10-22
VG260119,EFSRT5,2026-II,EP,0.25,15,2026-10-15
VG260119,EFSRT5,2026-II,EF,0.35,,
VG260120,APS,2026-II,EC1,0.20,15,2026-09-14
VG260120,APS,2026-II,EC2,0.20,16,2026-10-19
VG260120,APS,2026-II,EP,0.25,17,2026-10-12
VG260120,APS,2026-II,EF,0.35,15,2026-12-07
VG260120,TBD,2026-II,EC1,0.20,16,2026-09-15
VG260120,TBD,2026-II,EC2,0.20,12,2026-10-20
VG260120,TBD,2026-II,EP,0.25,14,2026-10-13
VG260120,TBD,2026-II,EF,0.35,15,2026-12-08
VG260120,FIA,2026-II,EC1,0.20,15,2026-09-16
VG260120,FIA,2026-II,EC2,0.20,13,2026-10-21
VG260120,FIA,2026-II,EP,0.25,15,2026-10-14
VG260120,FIA,2026-II,EF,0.35,16,2026-12-09
VG260120,SDE,2026-II,EC1,0.20,17,2026-09-17
VG260120,SDE,2026-II,EC2,0.20,15,2026-10-22
VG260120,SDE,2026-II,EP,0.25,16,2026-10-15
VG260120,SDE,2026-II,EF,0.35,12,2026-12-10
VG260120,FCS,2026-II,EC1,0.20,16,2026-09-18
VG260120,FCS,2026-II,EC2,0.20,13,2026-10-23
VG260120,FCS,2026-II,EP,0.25,15,2026-10-16
VG260120,FCS,2026-II,EF,0.35,12,2026-12-11
VG260120,EIA,2026-II,EC1,0.20,15,2026-09-14
VG260120,EIA,2026-II,EC2,0.20,9,2026-10-19
VG260120,EIA,2026-II,EP,0.25,11,2026-10-12
VG260120,EIA,2026-II,EF,0.35,11,2026-12-07
VG260120,CII,2026-II,EC1,0.20,15,2026-09-15
VG260120,CII,2026-II,EC2,0.20,16,2026-10-20
VG260120,CII,2026-II,EP,0.25,17,2026-10-13
VG260120,CII,2026-II,EF,0.35,15,2026-12-08
VG260120,EIT,2026-II,EC1,0.20,17,2026-09-16
VG260120,EIT,2026-II,EC2,0.20,16,2026-10-21
VG260120,EIT,2026-II,EP,0.25,19,2026-10-14
VG260120,EIT,2026-II,EF,0.35,,
VG260120,EFSRT5,2026-II,EC1,0.20,14,2026-09-17
VG260120,EFSRT5,2026-II,EC2,0.20,20,2026-10-22
VG260120,EFSRT5,2026-II,EP,0.25,12,2026-10-15
VG260120,EFSRT5,2026-II,EF,0.35,,
VG260051,EIT,2026-II,EC1,0.20,13,2026-09-16
VG260015,APS,2026-II,EP,0.25,15,2026-10-12
VG260091,FIA,2026-II,EC2,0.20,16,2026-10-21
VG260012,FIA,2026-II,EP,0.25,11,2026-10-14
VG260051,FIA,2026-II,EF,0.35,10,2026-12-09
VG269001,TBD,2026-II,EC1,0.20,14,2026-09-18
VG269002,TBD,2026-II,EC1,0.20,14,2026-09-18
VG269003,TBD,2026-II,EC1,0.20,14,2026-09-18
VG269004,TBD,2026-II,EC1,0.20,14,2026-09-18
VG260001,BDA,2026-II,EC1,0.20,15,2026-09-18
VG260002,RED,2026-II,EP,0.25,12,2026-10-15
